2024-08-28 21:21:25 - __main__ - INFO - Logging is set up.
2024-08-28 21:21:25 - werkzeug - WARNING -  * Debugger is active!
2024-08-28 21:21:25 - werkzeug - INFO -  * Debugger PIN: 158-474-600
2024-08-28 21:22:05 - werkzeug - INFO -  * Detected change in '/home/bamidele_tewogbade1/genaiq/backend/app.py', reloading
2024-08-28 21:22:08 - __main__ - INFO - Logging is set up.
2024-08-28 21:22:08 - werkzeug - WARNING -  * Debugger is active!
2024-08-28 21:22:08 - werkzeug - INFO -  * Debugger PIN: 158-474-600
2024-08-28 21:25:09 - werkzeug - INFO -  * Detected change in '/home/bamidele_tewogbade1/genaiq/backend/app.py', reloading
2024-08-28 21:25:12 - __main__ - INFO - Logging is set up.
2024-08-28 21:25:12 - __main__ - DEBUG - Directory already exists at temp_uploads/
2024-08-28 21:25:12 - werkzeug - WARNING -  * Debugger is active!
2024-08-28 21:25:12 - werkzeug - INFO -  * Debugger PIN: 158-474-600
2024-08-28 21:34:42 - werkzeug - INFO - 127.0.0.1 - - [28/Aug/2024 21:34:42] "GET /?redirectedPreviously=true HTTP/1.1" 200 -
2024-08-28 21:34:43 - werkzeug - INFO - 127.0.0.1 - - [28/Aug/2024 21:34:43] "GET /static/images/oka.jpg HTTP/1.1" 200 -
2024-08-28 21:34:44 - werkzeug - INFO - 127.0.0.1 - - [28/Aug/2024 21:34:44] "[33mGET /favicon.ico HTTP/1.1[0m" 404 -
2024-08-28 21:34:46 - werkzeug - INFO - 127.0.0.1 - - [28/Aug/2024 21:34:46] "GET /upload_resume_page HTTP/1.1" 200 -
2024-08-28 21:35:00 - __main__ - DEBUG - File 'Olusegun Tewogbade.pdf' allowed: True
2024-08-28 21:35:00 - __main__ - DEBUG - Directory already exists at temp_uploads
2024-08-28 21:35:00 - __main__ - INFO - File saved locally at temp_uploads/Olusegun_Tewogbade.pdf
2024-08-28 21:35:00 - google.auth._default - DEBUG - Checking None for explicit credentials as part of auth process...
2024-08-28 21:35:00 - google.auth._default - DEBUG - Checking Cloud SDK credentials as part of auth process...
2024-08-28 21:35:00 - google.auth._default - DEBUG - Cloud SDK credentials not found on disk; not using them
2024-08-28 21:35:00 - google.auth.transport._http_client - DEBUG - Making request: GET http://169.254.169.254
2024-08-28 21:35:00 - google.auth.transport._http_client - DEBUG - Making request: GET http://metadata.google.internal/computeMetadata/v1/project/project-id
2024-08-28 21:35:00 - google.auth._default - WARNING - No project ID could be determined. Consider running `gcloud config set project` or setting the GOOGLE_CLOUD_PROJECT environment variable
2024-08-28 21:35:00 - google.auth._default - DEBUG - Checking None for explicit credentials as part of auth process...
2024-08-28 21:35:00 - google.auth._default - DEBUG - Checking Cloud SDK credentials as part of auth process...
2024-08-28 21:35:00 - google.auth._default - DEBUG - Cloud SDK credentials not found on disk; not using them
2024-08-28 21:35:00 - google.auth.transport._http_client - DEBUG - Making request: GET http://169.254.169.254
2024-08-28 21:35:00 - google.auth.transport._http_client - DEBUG - Making request: GET http://metadata.google.internal/computeMetadata/v1/project/project-id
2024-08-28 21:35:00 - google.auth._default - WARNING - No project ID could be determined. Consider running `gcloud config set project` or setting the GOOGLE_CLOUD_PROJECT environment variable
2024-08-28 21:35:00 - google.auth.transport.requests - DEBUG - Making request: GET http://metadata.google.internal/computeMetadata/v1/universe/universe_domain
2024-08-28 21:35:00 - urllib3.connectionpool - DEBUG - Starting new HTTP connection (1): metadata.google.internal:80
2024-08-28 21:35:00 - urllib3.connectionpool - DEBUG - http://metadata.google.internal:80 "GET /computeMetadata/v1/universe/universe_domain HTTP/10" 404 None
2024-08-28 21:35:00 - urllib3.util.retry - DEBUG - Converted retries value: 3 -> Retry(total=3, connect=None, read=None, redirect=None, status=None)
2024-08-28 21:35:00 - google.auth.transport.requests - DEBUG - Making request: GET http://metadata.google.internal/computeMetadata/v1/instance/service-accounts/default/?recursive=true
2024-08-28 21:35:00 - urllib3.connectionpool - DEBUG - Starting new HTTP connection (1): metadata.google.internal:80
2024-08-28 21:35:03 - __main__ - DEBUG - File 'Olusegun Tewogbade.pdf' allowed: True
2024-08-28 21:35:03 - __main__ - DEBUG - Directory already exists at temp_uploads
2024-08-28 21:35:03 - __main__ - INFO - File saved locally at temp_uploads/Olusegun_Tewogbade.pdf
2024-08-28 21:35:03 - google.auth._default - DEBUG - Checking None for explicit credentials as part of auth process...
2024-08-28 21:35:03 - google.auth._default - DEBUG - Checking Cloud SDK credentials as part of auth process...
2024-08-28 21:35:03 - google.auth._default - DEBUG - Cloud SDK credentials not found on disk; not using them
2024-08-28 21:35:03 - google.auth.transport._http_client - DEBUG - Making request: GET http://169.254.169.254
2024-08-28 21:35:03 - google.auth.transport._http_client - DEBUG - Making request: GET http://metadata.google.internal/computeMetadata/v1/project/project-id
2024-08-28 21:35:03 - google.auth._default - WARNING - No project ID could be determined. Consider running `gcloud config set project` or setting the GOOGLE_CLOUD_PROJECT environment variable
2024-08-28 21:35:03 - google.auth._default - DEBUG - Checking None for explicit credentials as part of auth process...
2024-08-28 21:35:03 - google.auth._default - DEBUG - Checking Cloud SDK credentials as part of auth process...
2024-08-28 21:35:03 - google.auth._default - DEBUG - Cloud SDK credentials not found on disk; not using them
2024-08-28 21:35:03 - google.auth.transport._http_client - DEBUG - Making request: GET http://169.254.169.254
2024-08-28 21:35:03 - google.auth.transport._http_client - DEBUG - Making request: GET http://metadata.google.internal/computeMetadata/v1/project/project-id
2024-08-28 21:35:03 - google.auth._default - WARNING - No project ID could be determined. Consider running `gcloud config set project` or setting the GOOGLE_CLOUD_PROJECT environment variable
2024-08-28 21:35:03 - google.auth.transport.requests - DEBUG - Making request: GET http://metadata.google.internal/computeMetadata/v1/universe/universe_domain
2024-08-28 21:35:03 - urllib3.connectionpool - DEBUG - Starting new HTTP connection (1): metadata.google.internal:80
2024-08-28 21:35:03 - urllib3.connectionpool - DEBUG - http://metadata.google.internal:80 "GET /computeMetadata/v1/universe/universe_domain HTTP/10" 404 None
2024-08-28 21:35:03 - urllib3.util.retry - DEBUG - Converted retries value: 3 -> Retry(total=3, connect=None, read=None, redirect=None, status=None)
2024-08-28 21:35:03 - google.auth.transport.requests - DEBUG - Making request: GET http://metadata.google.internal/computeMetadata/v1/instance/service-accounts/default/?recursive=true
2024-08-28 21:35:03 - urllib3.connectionpool - DEBUG - Starting new HTTP connection (1): metadata.google.internal:80
2024-08-28 21:35:07 - __main__ - DEBUG - File 'Olusegun Tewogbade.pdf' allowed: True
2024-08-28 21:35:07 - __main__ - DEBUG - Directory already exists at temp_uploads
2024-08-28 21:35:07 - __main__ - INFO - File saved locally at temp_uploads/Olusegun_Tewogbade.pdf
2024-08-28 21:35:07 - google.auth._default - DEBUG - Checking None for explicit credentials as part of auth process...
2024-08-28 21:35:07 - google.auth._default - DEBUG - Checking Cloud SDK credentials as part of auth process...
2024-08-28 21:35:07 - google.auth._default - DEBUG - Cloud SDK credentials not found on disk; not using them
2024-08-28 21:35:07 - google.auth.transport._http_client - DEBUG - Making request: GET http://169.254.169.254
2024-08-28 21:35:07 - google.auth.transport._http_client - DEBUG - Making request: GET http://metadata.google.internal/computeMetadata/v1/project/project-id
2024-08-28 21:35:07 - google.auth._default - WARNING - No project ID could be determined. Consider running `gcloud config set project` or setting the GOOGLE_CLOUD_PROJECT environment variable
2024-08-28 21:35:07 - google.auth._default - DEBUG - Checking None for explicit credentials as part of auth process...
2024-08-28 21:35:07 - google.auth._default - DEBUG - Checking Cloud SDK credentials as part of auth process...
2024-08-28 21:35:07 - google.auth._default - DEBUG - Cloud SDK credentials not found on disk; not using them
2024-08-28 21:35:07 - google.auth.transport._http_client - DEBUG - Making request: GET http://169.254.169.254
2024-08-28 21:35:07 - google.auth.transport._http_client - DEBUG - Making request: GET http://metadata.google.internal/computeMetadata/v1/project/project-id
2024-08-28 21:35:07 - google.auth._default - WARNING - No project ID could be determined. Consider running `gcloud config set project` or setting the GOOGLE_CLOUD_PROJECT environment variable
2024-08-28 21:35:07 - google.auth.transport.requests - DEBUG - Making request: GET http://metadata.google.internal/computeMetadata/v1/universe/universe_domain
2024-08-28 21:35:07 - urllib3.connectionpool - DEBUG - Starting new HTTP connection (1): metadata.google.internal:80
2024-08-28 21:35:07 - urllib3.connectionpool - DEBUG - http://metadata.google.internal:80 "GET /computeMetadata/v1/universe/universe_domain HTTP/10" 404 None
2024-08-28 21:35:07 - urllib3.util.retry - DEBUG - Converted retries value: 3 -> Retry(total=3, connect=None, read=None, redirect=None, status=None)
2024-08-28 21:35:07 - google.auth.transport.requests - DEBUG - Making request: GET http://metadata.google.internal/computeMetadata/v1/instance/service-accounts/default/?recursive=true
2024-08-28 21:35:07 - urllib3.connectionpool - DEBUG - Starting new HTTP connection (1): metadata.google.internal:80
2024-08-28 21:35:09 - __main__ - DEBUG - File 'Olusegun Tewogbade.pdf' allowed: True
2024-08-28 21:35:09 - __main__ - DEBUG - Directory already exists at temp_uploads
2024-08-28 21:35:09 - __main__ - INFO - File saved locally at temp_uploads/Olusegun_Tewogbade.pdf
2024-08-28 21:35:09 - google.auth._default - DEBUG - Checking None for explicit credentials as part of auth process...
2024-08-28 21:35:09 - google.auth._default - DEBUG - Checking Cloud SDK credentials as part of auth process...
2024-08-28 21:35:09 - google.auth._default - DEBUG - Cloud SDK credentials not found on disk; not using them
2024-08-28 21:35:09 - google.auth.transport._http_client - DEBUG - Making request: GET http://169.254.169.254
2024-08-28 21:35:09 - google.auth.transport._http_client - DEBUG - Making request: GET http://metadata.google.internal/computeMetadata/v1/project/project-id
2024-08-28 21:35:09 - google.auth._default - WARNING - No project ID could be determined. Consider running `gcloud config set project` or setting the GOOGLE_CLOUD_PROJECT environment variable
2024-08-28 21:35:09 - google.auth._default - DEBUG - Checking None for explicit credentials as part of auth process...
2024-08-28 21:35:09 - google.auth._default - DEBUG - Checking Cloud SDK credentials as part of auth process...
2024-08-28 21:35:09 - google.auth._default - DEBUG - Cloud SDK credentials not found on disk; not using them
2024-08-28 21:35:09 - google.auth.transport._http_client - DEBUG - Making request: GET http://169.254.169.254
2024-08-28 21:35:09 - google.auth.transport._http_client - DEBUG - Making request: GET http://metadata.google.internal/computeMetadata/v1/project/project-id
2024-08-28 21:35:09 - google.auth._default - WARNING - No project ID could be determined. Consider running `gcloud config set project` or setting the GOOGLE_CLOUD_PROJECT environment variable
2024-08-28 21:35:09 - google.auth.transport.requests - DEBUG - Making request: GET http://metadata.google.internal/computeMetadata/v1/universe/universe_domain
2024-08-28 21:35:09 - urllib3.connectionpool - DEBUG - Starting new HTTP connection (1): metadata.google.internal:80
2024-08-28 21:35:09 - urllib3.connectionpool - DEBUG - http://metadata.google.internal:80 "GET /computeMetadata/v1/universe/universe_domain HTTP/10" 404 None
2024-08-28 21:35:09 - urllib3.util.retry - DEBUG - Converted retries value: 3 -> Retry(total=3, connect=None, read=None, redirect=None, status=None)
2024-08-28 21:35:09 - google.auth.transport.requests - DEBUG - Making request: GET http://metadata.google.internal/computeMetadata/v1/instance/service-accounts/default/?recursive=true
2024-08-28 21:35:09 - urllib3.connectionpool - DEBUG - Starting new HTTP connection (1): metadata.google.internal:80
2024-08-28 21:35:09 - __main__ - DEBUG - File 'Olusegun Tewogbade.pdf' allowed: True
2024-08-28 21:35:09 - __main__ - DEBUG - Directory already exists at temp_uploads
2024-08-28 21:35:09 - __main__ - INFO - File saved locally at temp_uploads/Olusegun_Tewogbade.pdf
2024-08-28 21:35:09 - google.auth._default - DEBUG - Checking None for explicit credentials as part of auth process...
2024-08-28 21:35:09 - google.auth._default - DEBUG - Checking Cloud SDK credentials as part of auth process...
2024-08-28 21:35:09 - google.auth._default - DEBUG - Cloud SDK credentials not found on disk; not using them
2024-08-28 21:35:09 - google.auth.transport._http_client - DEBUG - Making request: GET http://169.254.169.254
2024-08-28 21:35:09 - google.auth.transport._http_client - DEBUG - Making request: GET http://metadata.google.internal/computeMetadata/v1/project/project-id
2024-08-28 21:35:09 - google.auth._default - WARNING - No project ID could be determined. Consider running `gcloud config set project` or setting the GOOGLE_CLOUD_PROJECT environment variable
2024-08-28 21:35:09 - google.auth._default - DEBUG - Checking None for explicit credentials as part of auth process...
2024-08-28 21:35:09 - google.auth._default - DEBUG - Checking Cloud SDK credentials as part of auth process...
2024-08-28 21:35:09 - google.auth._default - DEBUG - Cloud SDK credentials not found on disk; not using them
2024-08-28 21:35:09 - google.auth.transport._http_client - DEBUG - Making request: GET http://169.254.169.254
2024-08-28 21:35:09 - google.auth.transport._http_client - DEBUG - Making request: GET http://metadata.google.internal/computeMetadata/v1/project/project-id
2024-08-28 21:35:09 - google.auth._default - WARNING - No project ID could be determined. Consider running `gcloud config set project` or setting the GOOGLE_CLOUD_PROJECT environment variable
2024-08-28 21:35:09 - google.auth.transport.requests - DEBUG - Making request: GET http://metadata.google.internal/computeMetadata/v1/universe/universe_domain
2024-08-28 21:35:09 - urllib3.connectionpool - DEBUG - Starting new HTTP connection (1): metadata.google.internal:80
2024-08-28 21:35:09 - urllib3.connectionpool - DEBUG - http://metadata.google.internal:80 "GET /computeMetadata/v1/universe/universe_domain HTTP/10" 404 None
2024-08-28 21:35:09 - urllib3.util.retry - DEBUG - Converted retries value: 3 -> Retry(total=3, connect=None, read=None, redirect=None, status=None)
2024-08-28 21:35:09 - google.auth.transport.requests - DEBUG - Making request: GET http://metadata.google.internal/computeMetadata/v1/instance/service-accounts/default/?recursive=true
2024-08-28 21:35:09 - urllib3.connectionpool - DEBUG - Starting new HTTP connection (1): metadata.google.internal:80
2024-08-28 21:35:09 - __main__ - DEBUG - File 'Olusegun Tewogbade.pdf' allowed: True
2024-08-28 21:35:09 - __main__ - DEBUG - Directory already exists at temp_uploads
2024-08-28 21:35:09 - __main__ - INFO - File saved locally at temp_uploads/Olusegun_Tewogbade.pdf
2024-08-28 21:35:09 - google.auth._default - DEBUG - Checking None for explicit credentials as part of auth process...
2024-08-28 21:35:09 - google.auth._default - DEBUG - Checking Cloud SDK credentials as part of auth process...
2024-08-28 21:35:09 - google.auth._default - DEBUG - Cloud SDK credentials not found on disk; not using them
2024-08-28 21:35:09 - google.auth.transport._http_client - DEBUG - Making request: GET http://169.254.169.254
2024-08-28 21:35:09 - google.auth.transport._http_client - DEBUG - Making request: GET http://metadata.google.internal/computeMetadata/v1/project/project-id
2024-08-28 21:35:09 - google.auth._default - WARNING - No project ID could be determined. Consider running `gcloud config set project` or setting the GOOGLE_CLOUD_PROJECT environment variable
2024-08-28 21:35:09 - google.auth._default - DEBUG - Checking None for explicit credentials as part of auth process...
2024-08-28 21:35:09 - google.auth._default - DEBUG - Checking Cloud SDK credentials as part of auth process...
2024-08-28 21:35:09 - google.auth._default - DEBUG - Cloud SDK credentials not found on disk; not using them
2024-08-28 21:35:09 - google.auth.transport._http_client - DEBUG - Making request: GET http://169.254.169.254
2024-08-28 21:35:09 - google.auth.transport._http_client - DEBUG - Making request: GET http://metadata.google.internal/computeMetadata/v1/project/project-id
2024-08-28 21:35:09 - google.auth._default - WARNING - No project ID could be determined. Consider running `gcloud config set project` or setting the GOOGLE_CLOUD_PROJECT environment variable
2024-08-28 21:35:09 - google.auth.transport.requests - DEBUG - Making request: GET http://metadata.google.internal/computeMetadata/v1/universe/universe_domain
2024-08-28 21:35:09 - urllib3.connectionpool - DEBUG - Starting new HTTP connection (1): metadata.google.internal:80
2024-08-28 21:35:09 - urllib3.connectionpool - DEBUG - http://metadata.google.internal:80 "GET /computeMetadata/v1/universe/universe_domain HTTP/10" 404 None
2024-08-28 21:35:09 - urllib3.util.retry - DEBUG - Converted retries value: 3 -> Retry(total=3, connect=None, read=None, redirect=None, status=None)
2024-08-28 21:35:09 - google.auth.transport.requests - DEBUG - Making request: GET http://metadata.google.internal/computeMetadata/v1/instance/service-accounts/default/?recursive=true
2024-08-28 21:35:09 - urllib3.connectionpool - DEBUG - Starting new HTTP connection (1): metadata.google.internal:80
2024-08-28 21:35:14 - urllib3.connectionpool - DEBUG - http://metadata.google.internal:80 "GET /computeMetadata/v1/instance/service-accounts/default/?recursive=true HTTP/10" 200 None
2024-08-28 21:35:14 - __main__ - ERROR - Failed to upload file to GCS
2024-08-28 21:35:14 - __main__ - INFO - Local file temp_uploads/Olusegun_Tewogbade.pdf removed after processing.
2024-08-28 21:35:14 - werkzeug - INFO - 127.0.0.1 - - [28/Aug/2024 21:35:14] "[35m[1mPOST /get_feedback_page HTTP/1.1[0m" 500 -
2024-08-28 21:35:16 - __main__ - DEBUG - File 'Olusegun Tewogbade.pdf' allowed: True
2024-08-28 21:35:16 - __main__ - DEBUG - Directory already exists at temp_uploads
2024-08-28 21:35:16 - __main__ - INFO - File saved locally at temp_uploads/Olusegun_Tewogbade.pdf
2024-08-28 21:35:16 - google.auth._default - DEBUG - Checking None for explicit credentials as part of auth process...
2024-08-28 21:35:16 - google.auth._default - DEBUG - Checking Cloud SDK credentials as part of auth process...
2024-08-28 21:35:16 - google.auth._default - DEBUG - Cloud SDK credentials not found on disk; not using them
2024-08-28 21:35:16 - google.auth.transport._http_client - DEBUG - Making request: GET http://169.254.169.254
2024-08-28 21:35:16 - google.auth.transport._http_client - DEBUG - Making request: GET http://metadata.google.internal/computeMetadata/v1/project/project-id
2024-08-28 21:35:16 - google.auth._default - WARNING - No project ID could be determined. Consider running `gcloud config set project` or setting the GOOGLE_CLOUD_PROJECT environment variable
2024-08-28 21:35:16 - google.auth._default - DEBUG - Checking None for explicit credentials as part of auth process...
2024-08-28 21:35:16 - google.auth._default - DEBUG - Checking Cloud SDK credentials as part of auth process...
2024-08-28 21:35:16 - google.auth._default - DEBUG - Cloud SDK credentials not found on disk; not using them
2024-08-28 21:35:16 - google.auth.transport._http_client - DEBUG - Making request: GET http://169.254.169.254
2024-08-28 21:35:16 - google.auth.transport._http_client - DEBUG - Making request: GET http://metadata.google.internal/computeMetadata/v1/project/project-id
2024-08-28 21:35:16 - google.auth._default - WARNING - No project ID could be determined. Consider running `gcloud config set project` or setting the GOOGLE_CLOUD_PROJECT environment variable
2024-08-28 21:35:16 - google.auth.transport.requests - DEBUG - Making request: GET http://metadata.google.internal/computeMetadata/v1/universe/universe_domain
2024-08-28 21:35:16 - urllib3.connectionpool - DEBUG - Starting new HTTP connection (1): metadata.google.internal:80
2024-08-28 21:35:16 - urllib3.connectionpool - DEBUG - http://metadata.google.internal:80 "GET /computeMetadata/v1/universe/universe_domain HTTP/10" 404 None
2024-08-28 21:35:16 - urllib3.util.retry - DEBUG - Converted retries value: 3 -> Retry(total=3, connect=None, read=None, redirect=None, status=None)
2024-08-28 21:35:16 - google.auth.transport.requests - DEBUG - Making request: GET http://metadata.google.internal/computeMetadata/v1/instance/service-accounts/default/?recursive=true
2024-08-28 21:35:16 - urllib3.connectionpool - DEBUG - Starting new HTTP connection (1): metadata.google.internal:80
2024-08-28 21:35:17 - urllib3.connectionpool - DEBUG - http://metadata.google.internal:80 "GET /computeMetadata/v1/instance/service-accounts/default/?recursive=true HTTP/10" 200 None
2024-08-28 21:35:17 - __main__ - ERROR - Failed to upload file to GCS
2024-08-28 21:35:17 - __main__ - INFO - Local file temp_uploads/Olusegun_Tewogbade.pdf removed after processing.
2024-08-28 21:35:17 - werkzeug - INFO - 127.0.0.1 - - [28/Aug/2024 21:35:17] "[35m[1mPOST /get_feedback_page HTTP/1.1[0m" 500 -
2024-08-28 21:35:18 - __main__ - DEBUG - File 'Olusegun Tewogbade.pdf' allowed: True
2024-08-28 21:35:18 - __main__ - DEBUG - Directory already exists at temp_uploads
2024-08-28 21:35:18 - __main__ - INFO - File saved locally at temp_uploads/Olusegun_Tewogbade.pdf
2024-08-28 21:35:18 - google.auth._default - DEBUG - Checking None for explicit credentials as part of auth process...
2024-08-28 21:35:18 - google.auth._default - DEBUG - Checking Cloud SDK credentials as part of auth process...
2024-08-28 21:35:18 - google.auth._default - DEBUG - Cloud SDK credentials not found on disk; not using them
2024-08-28 21:35:18 - google.auth.transport._http_client - DEBUG - Making request: GET http://169.254.169.254
2024-08-28 21:35:18 - google.auth.transport._http_client - DEBUG - Making request: GET http://metadata.google.internal/computeMetadata/v1/project/project-id
2024-08-28 21:35:18 - google.auth._default - WARNING - No project ID could be determined. Consider running `gcloud config set project` or setting the GOOGLE_CLOUD_PROJECT environment variable
2024-08-28 21:35:18 - google.auth._default - DEBUG - Checking None for explicit credentials as part of auth process...
2024-08-28 21:35:18 - google.auth._default - DEBUG - Checking Cloud SDK credentials as part of auth process...
2024-08-28 21:35:18 - google.auth._default - DEBUG - Cloud SDK credentials not found on disk; not using them
2024-08-28 21:35:18 - google.auth.transport._http_client - DEBUG - Making request: GET http://169.254.169.254
2024-08-28 21:35:18 - google.auth.transport._http_client - DEBUG - Making request: GET http://metadata.google.internal/computeMetadata/v1/project/project-id
2024-08-28 21:35:18 - google.auth._default - WARNING - No project ID could be determined. Consider running `gcloud config set project` or setting the GOOGLE_CLOUD_PROJECT environment variable
2024-08-28 21:35:18 - google.auth.transport.requests - DEBUG - Making request: GET http://metadata.google.internal/computeMetadata/v1/universe/universe_domain
2024-08-28 21:35:18 - urllib3.connectionpool - DEBUG - Starting new HTTP connection (1): metadata.google.internal:80
2024-08-28 21:35:18 - urllib3.connectionpool - DEBUG - http://metadata.google.internal:80 "GET /computeMetadata/v1/universe/universe_domain HTTP/10" 404 None
2024-08-28 21:35:18 - urllib3.util.retry - DEBUG - Converted retries value: 3 -> Retry(total=3, connect=None, read=None, redirect=None, status=None)
2024-08-28 21:35:18 - google.auth.transport.requests - DEBUG - Making request: GET http://metadata.google.internal/computeMetadata/v1/instance/service-accounts/default/?recursive=true
2024-08-28 21:35:18 - urllib3.connectionpool - DEBUG - Starting new HTTP connection (1): metadata.google.internal:80
2024-08-28 21:35:21 - urllib3.connectionpool - DEBUG - http://metadata.google.internal:80 "GET /computeMetadata/v1/instance/service-accounts/default/?recursive=true HTTP/10" 200 None
2024-08-28 21:35:21 - google.auth.transport.requests - DEBUG - Making request: GET http://metadata.google.internal/computeMetadata/v1/instance/service-accounts/bamidele.tewogbade1@gmail.com/token?scopes=https%3A%2F%2Fwww.googleapis.com%2Fauth%2Fdevstorage.full_control%2Chttps%3A%2F%2Fwww.googleapis.com%2Fauth%2Fdevstorage.read_only%2Chttps%3A%2F%2Fwww.googleapis.com%2Fauth%2Fdevstorage.read_write
2024-08-28 21:35:21 - urllib3.connectionpool - DEBUG - Resetting dropped connection: metadata.google.internal
2024-08-28 21:35:21 - urllib3.connectionpool - DEBUG - http://metadata.google.internal:80 "GET /computeMetadata/v1/instance/service-accounts/bamidele.tewogbade1@gmail.com/token?scopes=https%3A%2F%2Fwww.googleapis.com%2Fauth%2Fdevstorage.full_control%2Chttps%3A%2F%2Fwww.googleapis.com%2Fauth%2Fdevstorage.read_only%2Chttps%3A%2F%2Fwww.googleapis.com%2Fauth%2Fdevstorage.read_write HTTP/10" 200 None
2024-08-28 21:35:21 - urllib3.connectionpool - DEBUG - Starting new HTTPS connection (1): storage.googleapis.com:443
2024-08-28 21:35:21 - urllib3.connectionpool - DEBUG - http://metadata.google.internal:80 "GET /computeMetadata/v1/instance/service-accounts/default/?recursive=true HTTP/10" 200 None
2024-08-28 21:35:21 - google.auth.transport.requests - DEBUG - Making request: GET http://metadata.google.internal/computeMetadata/v1/instance/service-accounts/bamidele.tewogbade1@gmail.com/token?scopes=https%3A%2F%2Fwww.googleapis.com%2Fauth%2Fdevstorage.full_control%2Chttps%3A%2F%2Fwww.googleapis.com%2Fauth%2Fdevstorage.read_only%2Chttps%3A%2F%2Fwww.googleapis.com%2Fauth%2Fdevstorage.read_write
2024-08-28 21:35:21 - urllib3.connectionpool - DEBUG - Resetting dropped connection: metadata.google.internal
2024-08-28 21:35:21 - urllib3.connectionpool - DEBUG - http://metadata.google.internal:80 "GET /computeMetadata/v1/instance/service-accounts/bamidele.tewogbade1@gmail.com/token?scopes=https%3A%2F%2Fwww.googleapis.com%2Fauth%2Fdevstorage.full_control%2Chttps%3A%2F%2Fwww.googleapis.com%2Fauth%2Fdevstorage.read_only%2Chttps%3A%2F%2Fwww.googleapis.com%2Fauth%2Fdevstorage.read_write HTTP/10" 200 None
2024-08-28 21:35:21 - urllib3.connectionpool - DEBUG - Starting new HTTPS connection (1): storage.googleapis.com:443
2024-08-28 21:35:21 - urllib3.connectionpool - DEBUG - http://metadata.google.internal:80 "GET /computeMetadata/v1/instance/service-accounts/default/?recursive=true HTTP/10" 200 None
2024-08-28 21:35:21 - google.auth.transport.requests - DEBUG - Making request: GET http://metadata.google.internal/computeMetadata/v1/instance/service-accounts/bamidele.tewogbade1@gmail.com/token?scopes=https%3A%2F%2Fwww.googleapis.com%2Fauth%2Fdevstorage.full_control%2Chttps%3A%2F%2Fwww.googleapis.com%2Fauth%2Fdevstorage.read_only%2Chttps%3A%2F%2Fwww.googleapis.com%2Fauth%2Fdevstorage.read_write
2024-08-28 21:35:21 - urllib3.connectionpool - DEBUG - Resetting dropped connection: metadata.google.internal
2024-08-28 21:35:21 - urllib3.connectionpool - DEBUG - http://metadata.google.internal:80 "GET /computeMetadata/v1/instance/service-accounts/bamidele.tewogbade1@gmail.com/token?scopes=https%3A%2F%2Fwww.googleapis.com%2Fauth%2Fdevstorage.full_control%2Chttps%3A%2F%2Fwww.googleapis.com%2Fauth%2Fdevstorage.read_only%2Chttps%3A%2F%2Fwww.googleapis.com%2Fauth%2Fdevstorage.read_write HTTP/10" 200 None
2024-08-28 21:35:21 - urllib3.connectionpool - DEBUG - Starting new HTTPS connection (1): storage.googleapis.com:443
2024-08-28 21:35:21 - urllib3.connectionpool - DEBUG - http://metadata.google.internal:80 "GET /computeMetadata/v1/instance/service-accounts/default/?recursive=true HTTP/10" 200 None
2024-08-28 21:35:21 - google.auth.transport.requests - DEBUG - Making request: GET http://metadata.google.internal/computeMetadata/v1/instance/service-accounts/bamidele.tewogbade1@gmail.com/token?scopes=https%3A%2F%2Fwww.googleapis.com%2Fauth%2Fdevstorage.full_control%2Chttps%3A%2F%2Fwww.googleapis.com%2Fauth%2Fdevstorage.read_only%2Chttps%3A%2F%2Fwww.googleapis.com%2Fauth%2Fdevstorage.read_write
2024-08-28 21:35:21 - urllib3.connectionpool - DEBUG - Resetting dropped connection: metadata.google.internal
2024-08-28 21:35:21 - urllib3.connectionpool - DEBUG - http://metadata.google.internal:80 "GET /computeMetadata/v1/instance/service-accounts/bamidele.tewogbade1@gmail.com/token?scopes=https%3A%2F%2Fwww.googleapis.com%2Fauth%2Fdevstorage.full_control%2Chttps%3A%2F%2Fwww.googleapis.com%2Fauth%2Fdevstorage.read_only%2Chttps%3A%2F%2Fwww.googleapis.com%2Fauth%2Fdevstorage.read_write HTTP/10" 200 None
2024-08-28 21:35:22 - urllib3.connectionpool - DEBUG - Starting new HTTPS connection (1): storage.googleapis.com:443
2024-08-28 21:35:22 - urllib3.connectionpool - DEBUG - https://storage.googleapis.com:443 "POST /upload/storage/v1/b/genaiq_cloudbuild/o?uploadType=multipart HTTP/11" 403 550
2024-08-28 21:35:22 - __main__ - ERROR - Failed to upload file to GCS
2024-08-28 21:35:22 - __main__ - INFO - Local file temp_uploads/Olusegun_Tewogbade.pdf removed after processing.
2024-08-28 21:35:22 - werkzeug - INFO - 127.0.0.1 - - [28/Aug/2024 21:35:22] "[35m[1mPOST /get_feedback_page HTTP/1.1[0m" 500 -
2024-08-28 21:35:22 - urllib3.connectionpool - DEBUG - https://storage.googleapis.com:443 "POST /upload/storage/v1/b/genaiq_cloudbuild/o?uploadType=multipart HTTP/11" 403 550
2024-08-28 21:35:22 - __main__ - ERROR - Failed to upload file to GCS
2024-08-28 21:35:22 - werkzeug - INFO - 127.0.0.1 - - [28/Aug/2024 21:35:22] "[35m[1mPOST /get_feedback_page HTTP/1.1[0m" 500 -
2024-08-28 21:35:22 - urllib3.connectionpool - DEBUG - https://storage.googleapis.com:443 "POST /upload/storage/v1/b/genaiq_cloudbuild/o?uploadType=multipart HTTP/11" 403 550
2024-08-28 21:35:22 - __main__ - ERROR - Failed to upload file to GCS
2024-08-28 21:35:22 - werkzeug - INFO - 127.0.0.1 - - [28/Aug/2024 21:35:22] "[35m[1mPOST /get_feedback_page HTTP/1.1[0m" 500 -
2024-08-28 21:35:22 - urllib3.connectionpool - DEBUG - http://metadata.google.internal:80 "GET /computeMetadata/v1/instance/service-accounts/default/?recursive=true HTTP/10" 200 None
2024-08-28 21:35:22 - google.auth.transport.requests - DEBUG - Making request: GET http://metadata.google.internal/computeMetadata/v1/instance/service-accounts/bamidele.tewogbade1@gmail.com/token?scopes=https%3A%2F%2Fwww.googleapis.com%2Fauth%2Fdevstorage.full_control%2Chttps%3A%2F%2Fwww.googleapis.com%2Fauth%2Fdevstorage.read_only%2Chttps%3A%2F%2Fwww.googleapis.com%2Fauth%2Fdevstorage.read_write
2024-08-28 21:35:22 - urllib3.connectionpool - DEBUG - Resetting dropped connection: metadata.google.internal
2024-08-28 21:35:22 - urllib3.connectionpool - DEBUG - http://metadata.google.internal:80 "GET /computeMetadata/v1/instance/service-accounts/bamidele.tewogbade1@gmail.com/token?scopes=https%3A%2F%2Fwww.googleapis.com%2Fauth%2Fdevstorage.full_control%2Chttps%3A%2F%2Fwww.googleapis.com%2Fauth%2Fdevstorage.read_only%2Chttps%3A%2F%2Fwww.googleapis.com%2Fauth%2Fdevstorage.read_write HTTP/10" 200 None
2024-08-28 21:35:22 - urllib3.connectionpool - DEBUG - Starting new HTTPS connection (1): storage.googleapis.com:443
2024-08-28 21:35:22 - urllib3.connectionpool - DEBUG - https://storage.googleapis.com:443 "POST /upload/storage/v1/b/genaiq_cloudbuild/o?uploadType=multipart HTTP/11" 403 550
2024-08-28 21:35:22 - __main__ - ERROR - Failed to upload file to GCS
2024-08-28 21:35:22 - werkzeug - INFO - 127.0.0.1 - - [28/Aug/2024 21:35:22] "[35m[1mPOST /get_feedback_page HTTP/1.1[0m" 500 -
2024-08-28 21:35:22 - urllib3.connectionpool - DEBUG - http://metadata.google.internal:80 "GET /computeMetadata/v1/instance/service-accounts/default/?recursive=true HTTP/10" 200 None
2024-08-28 21:35:22 - google.auth.transport.requests - DEBUG - Making request: GET http://metadata.google.internal/computeMetadata/v1/instance/service-accounts/bamidele.tewogbade1@gmail.com/token?scopes=https%3A%2F%2Fwww.googleapis.com%2Fauth%2Fdevstorage.full_control%2Chttps%3A%2F%2Fwww.googleapis.com%2Fauth%2Fdevstorage.read_only%2Chttps%3A%2F%2Fwww.googleapis.com%2Fauth%2Fdevstorage.read_write
2024-08-28 21:35:22 - urllib3.connectionpool - DEBUG - Resetting dropped connection: metadata.google.internal
2024-08-28 21:35:22 - urllib3.connectionpool - DEBUG - http://metadata.google.internal:80 "GET /computeMetadata/v1/instance/service-accounts/bamidele.tewogbade1@gmail.com/token?scopes=https%3A%2F%2Fwww.googleapis.com%2Fauth%2Fdevstorage.full_control%2Chttps%3A%2F%2Fwww.googleapis.com%2Fauth%2Fdevstorage.read_only%2Chttps%3A%2F%2Fwww.googleapis.com%2Fauth%2Fdevstorage.read_write HTTP/10" 200 None
2024-08-28 21:35:22 - urllib3.connectionpool - DEBUG - Starting new HTTPS connection (1): storage.googleapis.com:443
2024-08-28 21:35:22 - urllib3.connectionpool - DEBUG - https://storage.googleapis.com:443 "POST /upload/storage/v1/b/genaiq_cloudbuild/o?uploadType=multipart HTTP/11" 403 550
2024-08-28 21:35:22 - __main__ - ERROR - Failed to upload file to GCS
2024-08-28 21:35:22 - werkzeug - INFO - 127.0.0.1 - - [28/Aug/2024 21:35:22] "[35m[1mPOST /get_feedback_page HTTP/1.1[0m" 500 -
2024-08-28 21:35:22 - urllib3.connectionpool - DEBUG - https://storage.googleapis.com:443 "POST /upload/storage/v1/b/genaiq_cloudbuild/o?uploadType=multipart HTTP/11" 403 550
2024-08-28 21:35:22 - __main__ - ERROR - Failed to upload file to GCS
2024-08-28 21:35:22 - werkzeug - INFO - 127.0.0.1 - - [28/Aug/2024 21:35:22] "[35m[1mPOST /get_feedback_page HTTP/1.1[0m" 500 -
2024-08-28 21:35:24 - __main__ - DEBUG - File 'Olusegun Tewogbade.pdf' allowed: True
2024-08-28 21:35:24 - __main__ - DEBUG - Directory already exists at temp_uploads
2024-08-28 21:35:24 - __main__ - INFO - File saved locally at temp_uploads/Olusegun_Tewogbade.pdf
2024-08-28 21:35:24 - google.auth._default - DEBUG - Checking None for explicit credentials as part of auth process...
2024-08-28 21:35:24 - google.auth._default - DEBUG - Checking Cloud SDK credentials as part of auth process...
2024-08-28 21:35:24 - google.auth._default - DEBUG - Cloud SDK credentials not found on disk; not using them
2024-08-28 21:35:24 - google.auth.transport._http_client - DEBUG - Making request: GET http://169.254.169.254
2024-08-28 21:35:24 - google.auth.transport._http_client - DEBUG - Making request: GET http://metadata.google.internal/computeMetadata/v1/project/project-id
2024-08-28 21:35:24 - google.auth._default - WARNING - No project ID could be determined. Consider running `gcloud config set project` or setting the GOOGLE_CLOUD_PROJECT environment variable
2024-08-28 21:35:24 - google.auth._default - DEBUG - Checking None for explicit credentials as part of auth process...
2024-08-28 21:35:24 - google.auth._default - DEBUG - Checking Cloud SDK credentials as part of auth process...
2024-08-28 21:35:24 - google.auth._default - DEBUG - Cloud SDK credentials not found on disk; not using them
2024-08-28 21:35:24 - google.auth.transport._http_client - DEBUG - Making request: GET http://169.254.169.254
2024-08-28 21:35:24 - google.auth.transport._http_client - DEBUG - Making request: GET http://metadata.google.internal/computeMetadata/v1/project/project-id
2024-08-28 21:35:24 - google.auth._default - WARNING - No project ID could be determined. Consider running `gcloud config set project` or setting the GOOGLE_CLOUD_PROJECT environment variable
2024-08-28 21:35:24 - google.auth.transport.requests - DEBUG - Making request: GET http://metadata.google.internal/computeMetadata/v1/universe/universe_domain
2024-08-28 21:35:24 - urllib3.connectionpool - DEBUG - Starting new HTTP connection (1): metadata.google.internal:80
2024-08-28 21:35:24 - __main__ - DEBUG - File 'Olusegun Tewogbade.pdf' allowed: True
2024-08-28 21:35:24 - __main__ - DEBUG - Directory already exists at temp_uploads
2024-08-28 21:35:24 - __main__ - INFO - File saved locally at temp_uploads/Olusegun_Tewogbade.pdf
2024-08-28 21:35:24 - google.auth._default - DEBUG - Checking None for explicit credentials as part of auth process...
2024-08-28 21:35:24 - google.auth._default - DEBUG - Checking Cloud SDK credentials as part of auth process...
2024-08-28 21:35:24 - google.auth._default - DEBUG - Cloud SDK credentials not found on disk; not using them
2024-08-28 21:35:24 - google.auth.transport._http_client - DEBUG - Making request: GET http://169.254.169.254
2024-08-28 21:35:24 - urllib3.connectionpool - DEBUG - http://metadata.google.internal:80 "GET /computeMetadata/v1/universe/universe_domain HTTP/10" 404 None
2024-08-28 21:35:24 - urllib3.util.retry - DEBUG - Converted retries value: 3 -> Retry(total=3, connect=None, read=None, redirect=None, status=None)
2024-08-28 21:35:24 - google.auth.transport.requests - DEBUG - Making request: GET http://metadata.google.internal/computeMetadata/v1/instance/service-accounts/default/?recursive=true
2024-08-28 21:35:24 - urllib3.connectionpool - DEBUG - Starting new HTTP connection (1): metadata.google.internal:80
2024-08-28 21:35:24 - urllib3.connectionpool - DEBUG - http://metadata.google.internal:80 "GET /computeMetadata/v1/instance/service-accounts/default/?recursive=true HTTP/10" 200 None
2024-08-28 21:35:24 - google.auth.transport.requests - DEBUG - Making request: GET http://metadata.google.internal/computeMetadata/v1/instance/service-accounts/bamidele.tewogbade1@gmail.com/token?scopes=https%3A%2F%2Fwww.googleapis.com%2Fauth%2Fdevstorage.full_control%2Chttps%3A%2F%2Fwww.googleapis.com%2Fauth%2Fdevstorage.read_only%2Chttps%3A%2F%2Fwww.googleapis.com%2Fauth%2Fdevstorage.read_write
2024-08-28 21:35:24 - google.auth.transport._http_client - DEBUG - Making request: GET http://metadata.google.internal/computeMetadata/v1/project/project-id
2024-08-28 21:35:24 - urllib3.connectionpool - DEBUG - Resetting dropped connection: metadata.google.internal
2024-08-28 21:35:24 - google.auth._default - WARNING - No project ID could be determined. Consider running `gcloud config set project` or setting the GOOGLE_CLOUD_PROJECT environment variable
2024-08-28 21:35:24 - google.auth._default - DEBUG - Checking None for explicit credentials as part of auth process...
2024-08-28 21:35:24 - google.auth._default - DEBUG - Checking Cloud SDK credentials as part of auth process...
2024-08-28 21:35:24 - urllib3.connectionpool - DEBUG - http://metadata.google.internal:80 "GET /computeMetadata/v1/instance/service-accounts/bamidele.tewogbade1@gmail.com/token?scopes=https%3A%2F%2Fwww.googleapis.com%2Fauth%2Fdevstorage.full_control%2Chttps%3A%2F%2Fwww.googleapis.com%2Fauth%2Fdevstorage.read_only%2Chttps%3A%2F%2Fwww.googleapis.com%2Fauth%2Fdevstorage.read_write HTTP/10" 200 None
2024-08-28 21:35:24 - __main__ - DEBUG - File 'Olusegun Tewogbade.pdf' allowed: True
2024-08-28 21:35:24 - google.auth._default - DEBUG - Cloud SDK credentials not found on disk; not using them
2024-08-28 21:35:24 - __main__ - DEBUG - Directory already exists at temp_uploads
2024-08-28 21:35:24 - google.auth.transport._http_client - DEBUG - Making request: GET http://169.254.169.254
2024-08-28 21:35:24 - urllib3.connectionpool - DEBUG - Starting new HTTPS connection (1): storage.googleapis.com:443
2024-08-28 21:35:24 - __main__ - INFO - File saved locally at temp_uploads/Olusegun_Tewogbade.pdf
2024-08-28 21:35:24 - google.auth._default - DEBUG - Checking None for explicit credentials as part of auth process...
2024-08-28 21:35:24 - google.auth._default - DEBUG - Checking Cloud SDK credentials as part of auth process...
2024-08-28 21:35:24 - google.auth._default - DEBUG - Cloud SDK credentials not found on disk; not using them
2024-08-28 21:35:24 - google.auth.transport._http_client - DEBUG - Making request: GET http://169.254.169.254
2024-08-28 21:35:24 - google.auth.transport._http_client - DEBUG - Making request: GET http://metadata.google.internal/computeMetadata/v1/project/project-id
2024-08-28 21:35:24 - google.auth.transport._http_client - DEBUG - Making request: GET http://metadata.google.internal/computeMetadata/v1/project/project-id
2024-08-28 21:35:24 - google.auth._default - WARNING - No project ID could be determined. Consider running `gcloud config set project` or setting the GOOGLE_CLOUD_PROJECT environment variable
2024-08-28 21:35:24 - google.auth._default - DEBUG - Checking None for explicit credentials as part of auth process...
2024-08-28 21:35:24 - google.auth._default - DEBUG - Checking Cloud SDK credentials as part of auth process...
2024-08-28 21:35:24 - google.auth._default - DEBUG - Cloud SDK credentials not found on disk; not using them
2024-08-28 21:35:24 - google.auth.transport._http_client - DEBUG - Making request: GET http://169.254.169.254
2024-08-28 21:35:24 - google.auth._default - WARNING - No project ID could be determined. Consider running `gcloud config set project` or setting the GOOGLE_CLOUD_PROJECT environment variable
2024-08-28 21:35:24 - google.auth.transport.requests - DEBUG - Making request: GET http://metadata.google.internal/computeMetadata/v1/universe/universe_domain
2024-08-28 21:35:24 - urllib3.connectionpool - DEBUG - Starting new HTTP connection (1): metadata.google.internal:80
2024-08-28 21:35:24 - google.auth.transport._http_client - DEBUG - Making request: GET http://metadata.google.internal/computeMetadata/v1/project/project-id
2024-08-28 21:35:24 - google.auth._default - WARNING - No project ID could be determined. Consider running `gcloud config set project` or setting the GOOGLE_CLOUD_PROJECT environment variable
2024-08-28 21:35:24 - google.auth.transport.requests - DEBUG - Making request: GET http://metadata.google.internal/computeMetadata/v1/universe/universe_domain
2024-08-28 21:35:24 - urllib3.connectionpool - DEBUG - Starting new HTTP connection (1): metadata.google.internal:80
2024-08-28 21:35:24 - urllib3.connectionpool - DEBUG - http://metadata.google.internal:80 "GET /computeMetadata/v1/universe/universe_domain HTTP/10" 404 None
2024-08-28 21:35:24 - urllib3.util.retry - DEBUG - Converted retries value: 3 -> Retry(total=3, connect=None, read=None, redirect=None, status=None)
2024-08-28 21:35:24 - google.auth.transport.requests - DEBUG - Making request: GET http://metadata.google.internal/computeMetadata/v1/instance/service-accounts/default/?recursive=true
2024-08-28 21:35:24 - urllib3.connectionpool - DEBUG - Starting new HTTP connection (1): metadata.google.internal:80
2024-08-28 21:35:24 - urllib3.connectionpool - DEBUG - http://metadata.google.internal:80 "GET /computeMetadata/v1/universe/universe_domain HTTP/10" 404 None
2024-08-28 21:35:24 - urllib3.util.retry - DEBUG - Converted retries value: 3 -> Retry(total=3, connect=None, read=None, redirect=None, status=None)
2024-08-28 21:35:24 - google.auth.transport.requests - DEBUG - Making request: GET http://metadata.google.internal/computeMetadata/v1/instance/service-accounts/default/?recursive=true
2024-08-28 21:35:24 - urllib3.connectionpool - DEBUG - Starting new HTTP connection (1): metadata.google.internal:80
2024-08-28 21:35:24 - urllib3.connectionpool - DEBUG - http://metadata.google.internal:80 "GET /computeMetadata/v1/instance/service-accounts/default/?recursive=true HTTP/10" 200 None
2024-08-28 21:35:24 - google.auth.transport.requests - DEBUG - Making request: GET http://metadata.google.internal/computeMetadata/v1/instance/service-accounts/bamidele.tewogbade1@gmail.com/token?scopes=https%3A%2F%2Fwww.googleapis.com%2Fauth%2Fdevstorage.full_control%2Chttps%3A%2F%2Fwww.googleapis.com%2Fauth%2Fdevstorage.read_only%2Chttps%3A%2F%2Fwww.googleapis.com%2Fauth%2Fdevstorage.read_write
2024-08-28 21:35:24 - urllib3.connectionpool - DEBUG - Resetting dropped connection: metadata.google.internal
2024-08-28 21:35:24 - urllib3.connectionpool - DEBUG - http://metadata.google.internal:80 "GET /computeMetadata/v1/instance/service-accounts/default/?recursive=true HTTP/10" 200 None
2024-08-28 21:35:24 - google.auth.transport.requests - DEBUG - Making request: GET http://metadata.google.internal/computeMetadata/v1/instance/service-accounts/bamidele.tewogbade1@gmail.com/token?scopes=https%3A%2F%2Fwww.googleapis.com%2Fauth%2Fdevstorage.full_control%2Chttps%3A%2F%2Fwww.googleapis.com%2Fauth%2Fdevstorage.read_only%2Chttps%3A%2F%2Fwww.googleapis.com%2Fauth%2Fdevstorage.read_write
2024-08-28 21:35:24 - urllib3.connectionpool - DEBUG - Resetting dropped connection: metadata.google.internal
2024-08-28 21:35:24 - urllib3.connectionpool - DEBUG - http://metadata.google.internal:80 "GET /computeMetadata/v1/instance/service-accounts/bamidele.tewogbade1@gmail.com/token?scopes=https%3A%2F%2Fwww.googleapis.com%2Fauth%2Fdevstorage.full_control%2Chttps%3A%2F%2Fwww.googleapis.com%2Fauth%2Fdevstorage.read_only%2Chttps%3A%2F%2Fwww.googleapis.com%2Fauth%2Fdevstorage.read_write HTTP/10" 200 None
2024-08-28 21:35:24 - urllib3.connectionpool - DEBUG - Starting new HTTPS connection (1): storage.googleapis.com:443
2024-08-28 21:35:24 - urllib3.connectionpool - DEBUG - http://metadata.google.internal:80 "GET /computeMetadata/v1/instance/service-accounts/bamidele.tewogbade1@gmail.com/token?scopes=https%3A%2F%2Fwww.googleapis.com%2Fauth%2Fdevstorage.full_control%2Chttps%3A%2F%2Fwww.googleapis.com%2Fauth%2Fdevstorage.read_only%2Chttps%3A%2F%2Fwww.googleapis.com%2Fauth%2Fdevstorage.read_write HTTP/10" 200 None
2024-08-28 21:35:24 - urllib3.connectionpool - DEBUG - Starting new HTTPS connection (1): storage.googleapis.com:443
2024-08-28 21:35:24 - __main__ - DEBUG - File 'Olusegun Tewogbade.pdf' allowed: True
2024-08-28 21:35:24 - __main__ - DEBUG - Directory already exists at temp_uploads
2024-08-28 21:35:24 - __main__ - INFO - File saved locally at temp_uploads/Olusegun_Tewogbade.pdf
2024-08-28 21:35:24 - google.auth._default - DEBUG - Checking None for explicit credentials as part of auth process...
2024-08-28 21:35:24 - google.auth._default - DEBUG - Checking Cloud SDK credentials as part of auth process...
2024-08-28 21:35:24 - google.auth._default - DEBUG - Cloud SDK credentials not found on disk; not using them
2024-08-28 21:35:24 - google.auth.transport._http_client - DEBUG - Making request: GET http://169.254.169.254
2024-08-28 21:35:24 - google.auth.transport._http_client - DEBUG - Making request: GET http://metadata.google.internal/computeMetadata/v1/project/project-id
2024-08-28 21:35:24 - google.auth._default - WARNING - No project ID could be determined. Consider running `gcloud config set project` or setting the GOOGLE_CLOUD_PROJECT environment variable
2024-08-28 21:35:24 - google.auth._default - DEBUG - Checking None for explicit credentials as part of auth process...
2024-08-28 21:35:24 - google.auth._default - DEBUG - Checking Cloud SDK credentials as part of auth process...
2024-08-28 21:35:24 - google.auth._default - DEBUG - Cloud SDK credentials not found on disk; not using them
2024-08-28 21:35:24 - google.auth.transport._http_client - DEBUG - Making request: GET http://169.254.169.254
2024-08-28 21:35:24 - __main__ - DEBUG - File 'Olusegun Tewogbade.pdf' allowed: True
2024-08-28 21:35:24 - __main__ - DEBUG - Directory already exists at temp_uploads
2024-08-28 21:35:24 - __main__ - INFO - File saved locally at temp_uploads/Olusegun_Tewogbade.pdf
2024-08-28 21:35:24 - google.auth._default - DEBUG - Checking None for explicit credentials as part of auth process...
2024-08-28 21:35:24 - google.auth._default - DEBUG - Checking Cloud SDK credentials as part of auth process...
2024-08-28 21:35:24 - google.auth._default - DEBUG - Cloud SDK credentials not found on disk; not using them
2024-08-28 21:35:24 - google.auth.transport._http_client - DEBUG - Making request: GET http://169.254.169.254
2024-08-28 21:35:24 - google.auth.transport._http_client - DEBUG - Making request: GET http://metadata.google.internal/computeMetadata/v1/project/project-id
2024-08-28 21:35:24 - google.auth._default - WARNING - No project ID could be determined. Consider running `gcloud config set project` or setting the GOOGLE_CLOUD_PROJECT environment variable
2024-08-28 21:35:24 - google.auth._default - DEBUG - Checking None for explicit credentials as part of auth process...
2024-08-28 21:35:24 - google.auth._default - DEBUG - Checking Cloud SDK credentials as part of auth process...
2024-08-28 21:35:24 - google.auth._default - DEBUG - Cloud SDK credentials not found on disk; not using them
2024-08-28 21:35:24 - google.auth.transport._http_client - DEBUG - Making request: GET http://169.254.169.254
2024-08-28 21:35:24 - google.auth.transport._http_client - DEBUG - Making request: GET http://metadata.google.internal/computeMetadata/v1/project/project-id
2024-08-28 21:35:24 - google.auth._default - WARNING - No project ID could be determined. Consider running `gcloud config set project` or setting the GOOGLE_CLOUD_PROJECT environment variable
2024-08-28 21:35:24 - google.auth.transport.requests - DEBUG - Making request: GET http://metadata.google.internal/computeMetadata/v1/universe/universe_domain
2024-08-28 21:35:24 - urllib3.connectionpool - DEBUG - Starting new HTTP connection (1): metadata.google.internal:80
2024-08-28 21:35:24 - urllib3.connectionpool - DEBUG - http://metadata.google.internal:80 "GET /computeMetadata/v1/universe/universe_domain HTTP/10" 404 None
2024-08-28 21:35:24 - urllib3.util.retry - DEBUG - Converted retries value: 3 -> Retry(total=3, connect=None, read=None, redirect=None, status=None)
2024-08-28 21:35:24 - google.auth.transport.requests - DEBUG - Making request: GET http://metadata.google.internal/computeMetadata/v1/instance/service-accounts/default/?recursive=true
2024-08-28 21:35:24 - urllib3.connectionpool - DEBUG - Starting new HTTP connection (1): metadata.google.internal:80
2024-08-28 21:35:24 - urllib3.connectionpool - DEBUG - http://metadata.google.internal:80 "GET /computeMetadata/v1/instance/service-accounts/default/?recursive=true HTTP/10" 200 None
2024-08-28 21:35:24 - google.auth.transport.requests - DEBUG - Making request: GET http://metadata.google.internal/computeMetadata/v1/instance/service-accounts/bamidele.tewogbade1@gmail.com/token?scopes=https%3A%2F%2Fwww.googleapis.com%2Fauth%2Fdevstorage.full_control%2Chttps%3A%2F%2Fwww.googleapis.com%2Fauth%2Fdevstorage.read_only%2Chttps%3A%2F%2Fwww.googleapis.com%2Fauth%2Fdevstorage.read_write
2024-08-28 21:35:24 - urllib3.connectionpool - DEBUG - Resetting dropped connection: metadata.google.internal
2024-08-28 21:35:24 - urllib3.connectionpool - DEBUG - http://metadata.google.internal:80 "GET /computeMetadata/v1/instance/service-accounts/bamidele.tewogbade1@gmail.com/token?scopes=https%3A%2F%2Fwww.googleapis.com%2Fauth%2Fdevstorage.full_control%2Chttps%3A%2F%2Fwww.googleapis.com%2Fauth%2Fdevstorage.read_only%2Chttps%3A%2F%2Fwww.googleapis.com%2Fauth%2Fdevstorage.read_write HTTP/10" 200 None
2024-08-28 21:35:24 - urllib3.connectionpool - DEBUG - Starting new HTTPS connection (1): storage.googleapis.com:443
2024-08-28 21:35:24 - urllib3.connectionpool - DEBUG - https://storage.googleapis.com:443 "POST /upload/storage/v1/b/genaiq_cloudbuild/o?uploadType=multipart HTTP/11" 403 550
2024-08-28 21:35:24 - __main__ - ERROR - Failed to upload file to GCS
2024-08-28 21:35:24 - __main__ - INFO - Local file temp_uploads/Olusegun_Tewogbade.pdf removed after processing.
2024-08-28 21:35:24 - werkzeug - INFO - 127.0.0.1 - - [28/Aug/2024 21:35:24] "[35m[1mPOST /get_feedback_page HTTP/1.1[0m" 500 -
2024-08-28 21:35:24 - __main__ - DEBUG - File 'Olusegun Tewogbade.pdf' allowed: True
2024-08-28 21:35:24 - __main__ - DEBUG - Directory already exists at temp_uploads
2024-08-28 21:35:24 - __main__ - INFO - File saved locally at temp_uploads/Olusegun_Tewogbade.pdf
2024-08-28 21:35:24 - google.auth._default - DEBUG - Checking None for explicit credentials as part of auth process...
2024-08-28 21:35:24 - google.auth._default - DEBUG - Checking Cloud SDK credentials as part of auth process...
2024-08-28 21:35:24 - google.auth._default - DEBUG - Cloud SDK credentials not found on disk; not using them
2024-08-28 21:35:24 - google.auth.transport._http_client - DEBUG - Making request: GET http://169.254.169.254
2024-08-28 21:35:24 - urllib3.connectionpool - DEBUG - https://storage.googleapis.com:443 "POST /upload/storage/v1/b/genaiq_cloudbuild/o?uploadType=multipart HTTP/11" 403 550
2024-08-28 21:35:24 - google.auth.transport._http_client - DEBUG - Making request: GET http://metadata.google.internal/computeMetadata/v1/project/project-id
2024-08-28 21:35:24 - __main__ - ERROR - Failed to upload file to GCS
2024-08-28 21:35:24 - __main__ - INFO - Local file temp_uploads/Olusegun_Tewogbade.pdf removed after processing.
2024-08-28 21:35:24 - werkzeug - INFO - 127.0.0.1 - - [28/Aug/2024 21:35:24] "[35m[1mPOST /get_feedback_page HTTP/1.1[0m" 500 -
2024-08-28 21:35:24 - google.auth._default - WARNING - No project ID could be determined. Consider running `gcloud config set project` or setting the GOOGLE_CLOUD_PROJECT environment variable
2024-08-28 21:35:24 - google.auth._default - DEBUG - Checking None for explicit credentials as part of auth process...
2024-08-28 21:35:24 - google.auth._default - DEBUG - Checking Cloud SDK credentials as part of auth process...
2024-08-28 21:35:24 - google.auth._default - DEBUG - Cloud SDK credentials not found on disk; not using them
2024-08-28 21:35:24 - google.auth.transport._http_client - DEBUG - Making request: GET http://169.254.169.254
2024-08-28 21:35:24 - google.auth.transport._http_client - DEBUG - Making request: GET http://metadata.google.internal/computeMetadata/v1/project/project-id
2024-08-28 21:35:24 - google.auth._default - WARNING - No project ID could be determined. Consider running `gcloud config set project` or setting the GOOGLE_CLOUD_PROJECT environment variable
2024-08-28 21:35:24 - google.auth.transport.requests - DEBUG - Making request: GET http://metadata.google.internal/computeMetadata/v1/universe/universe_domain
2024-08-28 21:35:24 - urllib3.connectionpool - DEBUG - Starting new HTTP connection (1): metadata.google.internal:80
2024-08-28 21:35:24 - urllib3.connectionpool - DEBUG - http://metadata.google.internal:80 "GET /computeMetadata/v1/universe/universe_domain HTTP/10" 404 None
2024-08-28 21:35:24 - __main__ - ERROR - Failed to upload file to GCS
2024-08-28 21:35:24 - werkzeug - INFO - 127.0.0.1 - - [28/Aug/2024 21:35:24] "[35m[1mPOST /get_feedback_page HTTP/1.1[0m" 500 -
2024-08-28 21:35:25 - urllib3.connectionpool - DEBUG - https://storage.googleapis.com:443 "POST /upload/storage/v1/b/genaiq_cloudbuild/o?uploadType=multipart HTTP/11" 403 550
2024-08-28 21:35:25 - __main__ - ERROR - Failed to upload file to GCS
2024-08-28 21:35:25 - werkzeug - INFO - 127.0.0.1 - - [28/Aug/2024 21:35:25] "[35m[1mPOST /get_feedback_page HTTP/1.1[0m" 500 -
2024-08-28 21:35:25 - urllib3.connectionpool - DEBUG - https://storage.googleapis.com:443 "POST /upload/storage/v1/b/genaiq_cloudbuild/o?uploadType=multipart HTTP/11" 403 550
2024-08-28 21:35:25 - __main__ - ERROR - Failed to upload file to GCS
2024-08-28 21:35:25 - werkzeug - INFO - 127.0.0.1 - - [28/Aug/2024 21:35:25] "[35m[1mPOST /get_feedback_page HTTP/1.1[0m" 500 -
2024-08-28 21:35:25 - __main__ - DEBUG - File 'Olusegun Tewogbade.pdf' allowed: True
2024-08-28 21:35:25 - __main__ - DEBUG - Directory already exists at temp_uploads
2024-08-28 21:35:25 - __main__ - INFO - File saved locally at temp_uploads/Olusegun_Tewogbade.pdf
2024-08-28 21:35:25 - google.auth._default - DEBUG - Checking None for explicit credentials as part of auth process...
2024-08-28 21:35:25 - google.auth._default - DEBUG - Checking Cloud SDK credentials as part of auth process...
2024-08-28 21:35:25 - google.auth._default - DEBUG - Cloud SDK credentials not found on disk; not using them
2024-08-28 21:35:25 - google.auth.transport._http_client - DEBUG - Making request: GET http://169.254.169.254
2024-08-28 21:35:25 - google.auth.transport._http_client - DEBUG - Making request: GET http://metadata.google.internal/computeMetadata/v1/project/project-id
2024-08-28 21:35:25 - google.auth._default - WARNING - No project ID could be determined. Consider running `gcloud config set project` or setting the GOOGLE_CLOUD_PROJECT environment variable
2024-08-28 21:35:25 - google.auth._default - DEBUG - Checking None for explicit credentials as part of auth process...
2024-08-28 21:35:25 - google.auth._default - DEBUG - Checking Cloud SDK credentials as part of auth process...
2024-08-28 21:35:25 - google.auth._default - DEBUG - Cloud SDK credentials not found on disk; not using them
2024-08-28 21:35:25 - google.auth.transport._http_client - DEBUG - Making request: GET http://169.254.169.254
2024-08-28 21:35:25 - google.auth.transport._http_client - DEBUG - Making request: GET http://metadata.google.internal/computeMetadata/v1/project/project-id
2024-08-28 21:35:25 - google.auth._default - WARNING - No project ID could be determined. Consider running `gcloud config set project` or setting the GOOGLE_CLOUD_PROJECT environment variable
2024-08-28 21:35:25 - google.auth.transport.requests - DEBUG - Making request: GET http://metadata.google.internal/computeMetadata/v1/universe/universe_domain
2024-08-28 21:35:25 - urllib3.connectionpool - DEBUG - Starting new HTTP connection (1): metadata.google.internal:80
2024-08-28 21:35:25 - urllib3.connectionpool - DEBUG - http://metadata.google.internal:80 "GET /computeMetadata/v1/universe/universe_domain HTTP/10" 404 None
2024-08-28 21:35:25 - urllib3.util.retry - DEBUG - Converted retries value: 3 -> Retry(total=3, connect=None, read=None, redirect=None, status=None)
2024-08-28 21:35:25 - google.auth.transport.requests - DEBUG - Making request: GET http://metadata.google.internal/computeMetadata/v1/instance/service-accounts/default/?recursive=true
2024-08-28 21:35:25 - urllib3.connectionpool - DEBUG - Starting new HTTP connection (1): metadata.google.internal:80
2024-08-28 21:35:26 - urllib3.connectionpool - DEBUG - http://metadata.google.internal:80 "GET /computeMetadata/v1/instance/service-accounts/default/?recursive=true HTTP/10" 200 None
2024-08-28 21:35:26 - google.auth.transport.requests - DEBUG - Making request: GET http://metadata.google.internal/computeMetadata/v1/instance/service-accounts/bamidele.tewogbade1@gmail.com/token?scopes=https%3A%2F%2Fwww.googleapis.com%2Fauth%2Fdevstorage.full_control%2Chttps%3A%2F%2Fwww.googleapis.com%2Fauth%2Fdevstorage.read_only%2Chttps%3A%2F%2Fwww.googleapis.com%2Fauth%2Fdevstorage.read_write
2024-08-28 21:35:26 - urllib3.connectionpool - DEBUG - Resetting dropped connection: metadata.google.internal
2024-08-28 21:35:26 - urllib3.connectionpool - DEBUG - http://metadata.google.internal:80 "GET /computeMetadata/v1/instance/service-accounts/bamidele.tewogbade1@gmail.com/token?scopes=https%3A%2F%2Fwww.googleapis.com%2Fauth%2Fdevstorage.full_control%2Chttps%3A%2F%2Fwww.googleapis.com%2Fauth%2Fdevstorage.read_only%2Chttps%3A%2F%2Fwww.googleapis.com%2Fauth%2Fdevstorage.read_write HTTP/10" 200 None
2024-08-28 21:35:26 - urllib3.connectionpool - DEBUG - Starting new HTTPS connection (1): storage.googleapis.com:443
2024-08-28 21:35:26 - __main__ - DEBUG - File 'Olusegun Tewogbade.pdf' allowed: True
2024-08-28 21:35:26 - __main__ - DEBUG - Directory already exists at temp_uploads
2024-08-28 21:35:26 - __main__ - INFO - File saved locally at temp_uploads/Olusegun_Tewogbade.pdf
2024-08-28 21:35:26 - google.auth._default - DEBUG - Checking None for explicit credentials as part of auth process...
2024-08-28 21:35:26 - google.auth._default - DEBUG - Checking Cloud SDK credentials as part of auth process...
2024-08-28 21:35:26 - google.auth._default - DEBUG - Cloud SDK credentials not found on disk; not using them
2024-08-28 21:35:26 - google.auth.transport._http_client - DEBUG - Making request: GET http://169.254.169.254
2024-08-28 21:35:26 - google.auth.transport._http_client - DEBUG - Making request: GET http://metadata.google.internal/computeMetadata/v1/project/project-id
2024-08-28 21:35:26 - google.auth._default - WARNING - No project ID could be determined. Consider running `gcloud config set project` or setting the GOOGLE_CLOUD_PROJECT environment variable
2024-08-28 21:35:26 - google.auth._default - DEBUG - Checking None for explicit credentials as part of auth process...
2024-08-28 21:35:26 - google.auth._default - DEBUG - Checking Cloud SDK credentials as part of auth process...
2024-08-28 21:35:26 - google.auth._default - DEBUG - Cloud SDK credentials not found on disk; not using them
2024-08-28 21:35:26 - google.auth.transport._http_client - DEBUG - Making request: GET http://169.254.169.254
2024-08-28 21:35:26 - google.auth.transport._http_client - DEBUG - Making request: GET http://metadata.google.internal/computeMetadata/v1/project/project-id
2024-08-28 21:35:26 - google.auth._default - WARNING - No project ID could be determined. Consider running `gcloud config set project` or setting the GOOGLE_CLOUD_PROJECT environment variable
2024-08-28 21:35:26 - google.auth.transport.requests - DEBUG - Making request: GET http://metadata.google.internal/computeMetadata/v1/universe/universe_domain
2024-08-28 21:35:26 - urllib3.connectionpool - DEBUG - Starting new HTTP connection (1): metadata.google.internal:80
2024-08-28 21:35:26 - urllib3.connectionpool - DEBUG - http://metadata.google.internal:80 "GET /computeMetadata/v1/universe/universe_domain HTTP/10" 404 None
2024-08-28 21:35:26 - urllib3.util.retry - DEBUG - Converted retries value: 3 -> Retry(total=3, connect=None, read=None, redirect=None, status=None)
2024-08-28 21:35:26 - google.auth.transport.requests - DEBUG - Making request: GET http://metadata.google.internal/computeMetadata/v1/instance/service-accounts/default/?recursive=true
2024-08-28 21:35:26 - urllib3.connectionpool - DEBUG - Starting new HTTP connection (1): metadata.google.internal:80
2024-08-28 21:35:26 - urllib3.connectionpool - DEBUG - http://metadata.google.internal:80 "GET /computeMetadata/v1/instance/service-accounts/default/?recursive=true HTTP/10" 200 None
2024-08-28 21:35:26 - google.auth.transport.requests - DEBUG - Making request: GET http://metadata.google.internal/computeMetadata/v1/instance/service-accounts/bamidele.tewogbade1@gmail.com/token?scopes=https%3A%2F%2Fwww.googleapis.com%2Fauth%2Fdevstorage.full_control%2Chttps%3A%2F%2Fwww.googleapis.com%2Fauth%2Fdevstorage.read_only%2Chttps%3A%2F%2Fwww.googleapis.com%2Fauth%2Fdevstorage.read_write
2024-08-28 21:35:26 - urllib3.connectionpool - DEBUG - Resetting dropped connection: metadata.google.internal
2024-08-28 21:35:26 - urllib3.connectionpool - DEBUG - http://metadata.google.internal:80 "GET /computeMetadata/v1/instance/service-accounts/bamidele.tewogbade1@gmail.com/token?scopes=https%3A%2F%2Fwww.googleapis.com%2Fauth%2Fdevstorage.full_control%2Chttps%3A%2F%2Fwww.googleapis.com%2Fauth%2Fdevstorage.read_only%2Chttps%3A%2F%2Fwww.googleapis.com%2Fauth%2Fdevstorage.read_write HTTP/10" 200 None
2024-08-28 21:35:26 - urllib3.connectionpool - DEBUG - Starting new HTTPS connection (1): storage.googleapis.com:443
2024-08-28 21:35:26 - urllib3.connectionpool - DEBUG - https://storage.googleapis.com:443 "POST /upload/storage/v1/b/genaiq_cloudbuild/o?uploadType=multipart HTTP/11" 403 550
2024-08-28 21:35:26 - __main__ - ERROR - Failed to upload file to GCS
2024-08-28 21:35:26 - __main__ - INFO - Local file temp_uploads/Olusegun_Tewogbade.pdf removed after processing.
2024-08-28 21:35:26 - werkzeug - INFO - 127.0.0.1 - - [28/Aug/2024 21:35:26] "[35m[1mPOST /get_feedback_page HTTP/1.1[0m" 500 -
2024-08-28 21:35:26 - __main__ - DEBUG - File 'Olusegun Tewogbade.pdf' allowed: True
2024-08-28 21:35:26 - __main__ - DEBUG - Directory already exists at temp_uploads
2024-08-28 21:35:26 - __main__ - INFO - File saved locally at temp_uploads/Olusegun_Tewogbade.pdf
2024-08-28 21:35:26 - google.auth._default - DEBUG - Checking None for explicit credentials as part of auth process...
2024-08-28 21:35:26 - google.auth._default - DEBUG - Checking Cloud SDK credentials as part of auth process...
2024-08-28 21:35:26 - google.auth._default - DEBUG - Cloud SDK credentials not found on disk; not using them
2024-08-28 21:35:26 - google.auth.transport._http_client - DEBUG - Making request: GET http://169.254.169.254
2024-08-28 21:35:26 - google.auth.transport._http_client - DEBUG - Making request: GET http://metadata.google.internal/computeMetadata/v1/project/project-id
2024-08-28 21:35:26 - google.auth._default - WARNING - No project ID could be determined. Consider running `gcloud config set project` or setting the GOOGLE_CLOUD_PROJECT environment variable
2024-08-28 21:35:26 - google.auth._default - DEBUG - Checking None for explicit credentials as part of auth process...
2024-08-28 21:35:26 - google.auth._default - DEBUG - Checking Cloud SDK credentials as part of auth process...
2024-08-28 21:35:26 - google.auth._default - DEBUG - Cloud SDK credentials not found on disk; not using them
2024-08-28 21:35:26 - google.auth.transport._http_client - DEBUG - Making request: GET http://169.254.169.254
2024-08-28 21:35:26 - google.auth.transport._http_client - DEBUG - Making request: GET http://metadata.google.internal/computeMetadata/v1/project/project-id
2024-08-28 21:35:26 - google.auth._default - WARNING - No project ID could be determined. Consider running `gcloud config set project` or setting the GOOGLE_CLOUD_PROJECT environment variable
2024-08-28 21:35:26 - google.auth.transport.requests - DEBUG - Making request: GET http://metadata.google.internal/computeMetadata/v1/universe/universe_domain
2024-08-28 21:35:26 - urllib3.connectionpool - DEBUG - Starting new HTTP connection (1): metadata.google.internal:80
2024-08-28 21:35:26 - urllib3.connectionpool - DEBUG - http://metadata.google.internal:80 "GET /computeMetadata/v1/universe/universe_domain HTTP/10" 404 None
2024-08-28 21:35:26 - urllib3.util.retry - DEBUG - Converted retries value: 3 -> Retry(total=3, connect=None, read=None, redirect=None, status=None)
2024-08-28 21:35:26 - google.auth.transport.requests - DEBUG - Making request: GET http://metadata.google.internal/computeMetadata/v1/instance/service-accounts/default/?recursive=true
2024-08-28 21:35:26 - urllib3.connectionpool - DEBUG - Starting new HTTP connection (1): metadata.google.internal:80
2024-08-28 21:35:26 - urllib3.connectionpool - DEBUG - http://metadata.google.internal:80 "GET /computeMetadata/v1/instance/service-accounts/default/?recursive=true HTTP/10" 200 None
2024-08-28 21:35:26 - google.auth.transport.requests - DEBUG - Making request: GET http://metadata.google.internal/computeMetadata/v1/instance/service-accounts/bamidele.tewogbade1@gmail.com/token?scopes=https%3A%2F%2Fwww.googleapis.com%2Fauth%2Fdevstorage.full_control%2Chttps%3A%2F%2Fwww.googleapis.com%2Fauth%2Fdevstorage.read_only%2Chttps%3A%2F%2Fwww.googleapis.com%2Fauth%2Fdevstorage.read_write
2024-08-28 21:35:26 - urllib3.connectionpool - DEBUG - Resetting dropped connection: metadata.google.internal
2024-08-28 21:35:26 - urllib3.connectionpool - DEBUG - http://metadata.google.internal:80 "GET /computeMetadata/v1/instance/service-accounts/bamidele.tewogbade1@gmail.com/token?scopes=https%3A%2F%2Fwww.googleapis.com%2Fauth%2Fdevstorage.full_control%2Chttps%3A%2F%2Fwww.googleapis.com%2Fauth%2Fdevstorage.read_only%2Chttps%3A%2F%2Fwww.googleapis.com%2Fauth%2Fdevstorage.read_write HTTP/10" 200 None
2024-08-28 21:35:26 - urllib3.connectionpool - DEBUG - Starting new HTTPS connection (1): storage.googleapis.com:443
2024-08-28 21:35:26 - urllib3.connectionpool - DEBUG - https://storage.googleapis.com:443 "POST /upload/storage/v1/b/genaiq_cloudbuild/o?uploadType=multipart HTTP/11" 403 550
2024-08-28 21:35:26 - __main__ - ERROR - Failed to upload file to GCS
2024-08-28 21:35:26 - __main__ - INFO - Local file temp_uploads/Olusegun_Tewogbade.pdf removed after processing.
2024-08-28 21:35:26 - werkzeug - INFO - 127.0.0.1 - - [28/Aug/2024 21:35:26] "[35m[1mPOST /get_feedback_page HTTP/1.1[0m" 500 -
2024-08-28 21:35:26 - __main__ - DEBUG - File 'Olusegun Tewogbade.pdf' allowed: True
2024-08-28 21:35:26 - __main__ - DEBUG - Directory already exists at temp_uploads
2024-08-28 21:35:26 - __main__ - INFO - File saved locally at temp_uploads/Olusegun_Tewogbade.pdf
2024-08-28 21:35:26 - google.auth._default - DEBUG - Checking None for explicit credentials as part of auth process...
2024-08-28 21:35:26 - google.auth._default - DEBUG - Checking Cloud SDK credentials as part of auth process...
2024-08-28 21:35:26 - google.auth._default - DEBUG - Cloud SDK credentials not found on disk; not using them
2024-08-28 21:35:26 - google.auth.transport._http_client - DEBUG - Making request: GET http://169.254.169.254
2024-08-28 21:35:26 - google.auth.transport._http_client - DEBUG - Making request: GET http://metadata.google.internal/computeMetadata/v1/project/project-id
2024-08-28 21:35:26 - google.auth._default - WARNING - No project ID could be determined. Consider running `gcloud config set project` or setting the GOOGLE_CLOUD_PROJECT environment variable
2024-08-28 21:35:26 - google.auth._default - DEBUG - Checking None for explicit credentials as part of auth process...
2024-08-28 21:35:26 - google.auth._default - DEBUG - Checking Cloud SDK credentials as part of auth process...
2024-08-28 21:35:26 - google.auth._default - DEBUG - Cloud SDK credentials not found on disk; not using them
2024-08-28 21:35:26 - google.auth.transport._http_client - DEBUG - Making request: GET http://169.254.169.254
2024-08-28 21:35:26 - google.auth.transport._http_client - DEBUG - Making request: GET http://metadata.google.internal/computeMetadata/v1/project/project-id
2024-08-28 21:35:26 - google.auth._default - WARNING - No project ID could be determined. Consider running `gcloud config set project` or setting the GOOGLE_CLOUD_PROJECT environment variable
2024-08-28 21:35:26 - google.auth.transport.requests - DEBUG - Making request: GET http://metadata.google.internal/computeMetadata/v1/universe/universe_domain
2024-08-28 21:35:26 - urllib3.connectionpool - DEBUG - Starting new HTTP connection (1): metadata.google.internal:80
2024-08-28 21:35:26 - urllib3.connectionpool - DEBUG - http://metadata.google.internal:80 "GET /computeMetadata/v1/universe/universe_domain HTTP/10" 404 None
2024-08-28 21:35:26 - urllib3.util.retry - DEBUG - Converted retries value: 3 -> Retry(total=3, connect=None, read=None, redirect=None, status=None)
2024-08-28 21:35:26 - google.auth.transport.requests - DEBUG - Making request: GET http://metadata.google.internal/computeMetadata/v1/instance/service-accounts/default/?recursive=true
2024-08-28 21:35:26 - urllib3.connectionpool - DEBUG - Starting new HTTP connection (1): metadata.google.internal:80
2024-08-28 21:35:26 - urllib3.connectionpool - DEBUG - http://metadata.google.internal:80 "GET /computeMetadata/v1/instance/service-accounts/default/?recursive=true HTTP/10" 200 None
2024-08-28 21:35:26 - google.auth.transport.requests - DEBUG - Making request: GET http://metadata.google.internal/computeMetadata/v1/instance/service-accounts/bamidele.tewogbade1@gmail.com/token?scopes=https%3A%2F%2Fwww.googleapis.com%2Fauth%2Fdevstorage.full_control%2Chttps%3A%2F%2Fwww.googleapis.com%2Fauth%2Fdevstorage.read_only%2Chttps%3A%2F%2Fwww.googleapis.com%2Fauth%2Fdevstorage.read_write
2024-08-28 21:35:26 - urllib3.connectionpool - DEBUG - Resetting dropped connection: metadata.google.internal
2024-08-28 21:35:26 - urllib3.connectionpool - DEBUG - http://metadata.google.internal:80 "GET /computeMetadata/v1/instance/service-accounts/bamidele.tewogbade1@gmail.com/token?scopes=https%3A%2F%2Fwww.googleapis.com%2Fauth%2Fdevstorage.full_control%2Chttps%3A%2F%2Fwww.googleapis.com%2Fauth%2Fdevstorage.read_only%2Chttps%3A%2F%2Fwww.googleapis.com%2Fauth%2Fdevstorage.read_write HTTP/10" 200 None
2024-08-28 21:35:26 - urllib3.connectionpool - DEBUG - Starting new HTTPS connection (1): storage.googleapis.com:443
2024-08-28 21:35:26 - urllib3.connectionpool - DEBUG - https://storage.googleapis.com:443 "POST /upload/storage/v1/b/genaiq_cloudbuild/o?uploadType=multipart HTTP/11" 403 550
2024-08-28 21:35:26 - __main__ - ERROR - Failed to upload file to GCS
2024-08-28 21:35:26 - __main__ - INFO - Local file temp_uploads/Olusegun_Tewogbade.pdf removed after processing.
2024-08-28 21:35:26 - werkzeug - INFO - 127.0.0.1 - - [28/Aug/2024 21:35:26] "[35m[1mPOST /get_feedback_page HTTP/1.1[0m" 500 -
2024-08-28 21:35:27 - __main__ - DEBUG - File 'Olusegun Tewogbade.pdf' allowed: True
2024-08-28 21:35:27 - __main__ - DEBUG - Directory already exists at temp_uploads
2024-08-28 21:35:27 - __main__ - INFO - File saved locally at temp_uploads/Olusegun_Tewogbade.pdf
2024-08-28 21:35:27 - google.auth._default - DEBUG - Checking None for explicit credentials as part of auth process...
2024-08-28 21:35:27 - google.auth._default - DEBUG - Checking Cloud SDK credentials as part of auth process...
2024-08-28 21:35:27 - google.auth._default - DEBUG - Cloud SDK credentials not found on disk; not using them
2024-08-28 21:35:27 - google.auth.transport._http_client - DEBUG - Making request: GET http://169.254.169.254
2024-08-28 21:35:27 - google.auth.transport._http_client - DEBUG - Making request: GET http://metadata.google.internal/computeMetadata/v1/project/project-id
2024-08-28 21:35:27 - google.auth._default - WARNING - No project ID could be determined. Consider running `gcloud config set project` or setting the GOOGLE_CLOUD_PROJECT environment variable
2024-08-28 21:35:27 - google.auth._default - DEBUG - Checking None for explicit credentials as part of auth process...
2024-08-28 21:35:27 - google.auth._default - DEBUG - Checking Cloud SDK credentials as part of auth process...
2024-08-28 21:35:27 - google.auth._default - DEBUG - Cloud SDK credentials not found on disk; not using them
2024-08-28 21:35:27 - google.auth.transport._http_client - DEBUG - Making request: GET http://169.254.169.254
2024-08-28 21:35:27 - google.auth.transport._http_client - DEBUG - Making request: GET http://metadata.google.internal/computeMetadata/v1/project/project-id
2024-08-28 21:35:27 - google.auth._default - WARNING - No project ID could be determined. Consider running `gcloud config set project` or setting the GOOGLE_CLOUD_PROJECT environment variable
2024-08-28 21:35:27 - google.auth.transport.requests - DEBUG - Making request: GET http://metadata.google.internal/computeMetadata/v1/universe/universe_domain
2024-08-28 21:35:27 - urllib3.connectionpool - DEBUG - Starting new HTTP connection (1): metadata.google.internal:80
2024-08-28 21:35:27 - urllib3.connectionpool - DEBUG - http://metadata.google.internal:80 "GET /computeMetadata/v1/universe/universe_domain HTTP/10" 404 None
2024-08-28 21:35:27 - urllib3.util.retry - DEBUG - Converted retries value: 3 -> Retry(total=3, connect=None, read=None, redirect=None, status=None)
2024-08-28 21:35:27 - google.auth.transport.requests - DEBUG - Making request: GET http://metadata.google.internal/computeMetadata/v1/instance/service-accounts/default/?recursive=true
2024-08-28 21:35:27 - urllib3.connectionpool - DEBUG - Starting new HTTP connection (1): metadata.google.internal:80
2024-08-28 21:35:27 - urllib3.connectionpool - DEBUG - http://metadata.google.internal:80 "GET /computeMetadata/v1/instance/service-accounts/default/?recursive=true HTTP/10" 200 None
2024-08-28 21:35:27 - google.auth.transport.requests - DEBUG - Making request: GET http://metadata.google.internal/computeMetadata/v1/instance/service-accounts/bamidele.tewogbade1@gmail.com/token?scopes=https%3A%2F%2Fwww.googleapis.com%2Fauth%2Fdevstorage.full_control%2Chttps%3A%2F%2Fwww.googleapis.com%2Fauth%2Fdevstorage.read_only%2Chttps%3A%2F%2Fwww.googleapis.com%2Fauth%2Fdevstorage.read_write
2024-08-28 21:35:27 - urllib3.connectionpool - DEBUG - Resetting dropped connection: metadata.google.internal
2024-08-28 21:35:27 - urllib3.connectionpool - DEBUG - http://metadata.google.internal:80 "GET /computeMetadata/v1/instance/service-accounts/bamidele.tewogbade1@gmail.com/token?scopes=https%3A%2F%2Fwww.googleapis.com%2Fauth%2Fdevstorage.full_control%2Chttps%3A%2F%2Fwww.googleapis.com%2Fauth%2Fdevstorage.read_only%2Chttps%3A%2F%2Fwww.googleapis.com%2Fauth%2Fdevstorage.read_write HTTP/10" 200 None
2024-08-28 21:35:27 - urllib3.connectionpool - DEBUG - Starting new HTTPS connection (1): storage.googleapis.com:443
2024-08-28 21:35:27 - urllib3.connectionpool - DEBUG - https://storage.googleapis.com:443 "POST /upload/storage/v1/b/genaiq_cloudbuild/o?uploadType=multipart HTTP/11" 403 550
2024-08-28 21:35:27 - __main__ - ERROR - Failed to upload file to GCS
2024-08-28 21:35:27 - __main__ - INFO - Local file temp_uploads/Olusegun_Tewogbade.pdf removed after processing.
2024-08-28 21:35:27 - werkzeug - INFO - 127.0.0.1 - - [28/Aug/2024 21:35:27] "[35m[1mPOST /get_feedback_page HTTP/1.1[0m" 500 -
2024-08-28 21:35:27 - google.auth.compute_engine._metadata - WARNING - Compute Engine Metadata server unavailable on attempt 1 of 3. Reason: timed out
2024-08-28 21:35:27 - urllib3.connectionpool - DEBUG - https://storage.googleapis.com:443 "POST /upload/storage/v1/b/genaiq_cloudbuild/o?uploadType=multipart HTTP/11" 403 550
2024-08-28 21:35:27 - __main__ - ERROR - Failed to upload file to GCS
2024-08-28 21:35:27 - werkzeug - INFO - 127.0.0.1 - - [28/Aug/2024 21:35:27] "[35m[1mPOST /get_feedback_page HTTP/1.1[0m" 500 -
2024-08-28 21:35:28 - google.auth.transport._http_client - DEBUG - Making request: GET http://169.254.169.254
2024-08-28 21:35:28 - google.auth.transport._http_client - DEBUG - Making request: GET http://metadata.google.internal/computeMetadata/v1/project/project-id
2024-08-28 21:35:28 - google.auth._default - WARNING - No project ID could be determined. Consider running `gcloud config set project` or setting the GOOGLE_CLOUD_PROJECT environment variable
2024-08-28 21:35:28 - google.auth.transport.requests - DEBUG - Making request: GET http://metadata.google.internal/computeMetadata/v1/universe/universe_domain
2024-08-28 21:35:28 - urllib3.connectionpool - DEBUG - Starting new HTTP connection (1): metadata.google.internal:80
2024-08-28 21:35:28 - urllib3.connectionpool - DEBUG - http://metadata.google.internal:80 "GET /computeMetadata/v1/universe/universe_domain HTTP/10" 404 None
2024-08-28 21:35:28 - __main__ - ERROR - Failed to upload file to GCS
2024-08-28 21:35:28 - werkzeug - INFO - 127.0.0.1 - - [28/Aug/2024 21:35:28] "[35m[1mPOST /get_feedback_page HTTP/1.1[0m" 500 -
2024-08-28 21:35:29 - __main__ - DEBUG - File 'Olusegun Tewogbade.pdf' allowed: True
2024-08-28 21:35:29 - __main__ - DEBUG - Directory already exists at temp_uploads
2024-08-28 21:35:29 - __main__ - INFO - File saved locally at temp_uploads/Olusegun_Tewogbade.pdf
2024-08-28 21:35:29 - google.auth._default - DEBUG - Checking None for explicit credentials as part of auth process...
2024-08-28 21:35:29 - google.auth._default - DEBUG - Checking Cloud SDK credentials as part of auth process...
2024-08-28 21:35:29 - google.auth._default - DEBUG - Cloud SDK credentials not found on disk; not using them
2024-08-28 21:35:29 - google.auth.transport._http_client - DEBUG - Making request: GET http://169.254.169.254
2024-08-28 21:35:29 - google.auth.transport._http_client - DEBUG - Making request: GET http://metadata.google.internal/computeMetadata/v1/project/project-id
2024-08-28 21:35:29 - google.auth._default - WARNING - No project ID could be determined. Consider running `gcloud config set project` or setting the GOOGLE_CLOUD_PROJECT environment variable
2024-08-28 21:35:29 - google.auth._default - DEBUG - Checking None for explicit credentials as part of auth process...
2024-08-28 21:35:29 - google.auth._default - DEBUG - Checking Cloud SDK credentials as part of auth process...
2024-08-28 21:35:29 - google.auth._default - DEBUG - Cloud SDK credentials not found on disk; not using them
2024-08-28 21:35:29 - google.auth.transport._http_client - DEBUG - Making request: GET http://169.254.169.254
2024-08-28 21:35:29 - google.auth.transport._http_client - DEBUG - Making request: GET http://metadata.google.internal/computeMetadata/v1/project/project-id
2024-08-28 21:35:29 - google.auth._default - WARNING - No project ID could be determined. Consider running `gcloud config set project` or setting the GOOGLE_CLOUD_PROJECT environment variable
2024-08-28 21:35:29 - google.auth.transport.requests - DEBUG - Making request: GET http://metadata.google.internal/computeMetadata/v1/universe/universe_domain
2024-08-28 21:35:29 - urllib3.connectionpool - DEBUG - Starting new HTTP connection (1): metadata.google.internal:80
2024-08-28 21:35:29 - urllib3.connectionpool - DEBUG - http://metadata.google.internal:80 "GET /computeMetadata/v1/universe/universe_domain HTTP/10" 404 None
2024-08-28 21:35:29 - urllib3.util.retry - DEBUG - Converted retries value: 3 -> Retry(total=3, connect=None, read=None, redirect=None, status=None)
2024-08-28 21:35:29 - google.auth.transport.requests - DEBUG - Making request: GET http://metadata.google.internal/computeMetadata/v1/instance/service-accounts/default/?recursive=true
2024-08-28 21:35:29 - urllib3.connectionpool - DEBUG - Starting new HTTP connection (1): metadata.google.internal:80
2024-08-28 21:35:29 - urllib3.connectionpool - DEBUG - http://metadata.google.internal:80 "GET /computeMetadata/v1/instance/service-accounts/default/?recursive=true HTTP/10" 200 None
2024-08-28 21:35:29 - google.auth.transport.requests - DEBUG - Making request: GET http://metadata.google.internal/computeMetadata/v1/instance/service-accounts/bamidele.tewogbade1@gmail.com/token?scopes=https%3A%2F%2Fwww.googleapis.com%2Fauth%2Fdevstorage.full_control%2Chttps%3A%2F%2Fwww.googleapis.com%2Fauth%2Fdevstorage.read_only%2Chttps%3A%2F%2Fwww.googleapis.com%2Fauth%2Fdevstorage.read_write
2024-08-28 21:35:29 - urllib3.connectionpool - DEBUG - Resetting dropped connection: metadata.google.internal
2024-08-28 21:35:29 - urllib3.connectionpool - DEBUG - http://metadata.google.internal:80 "GET /computeMetadata/v1/instance/service-accounts/bamidele.tewogbade1@gmail.com/token?scopes=https%3A%2F%2Fwww.googleapis.com%2Fauth%2Fdevstorage.full_control%2Chttps%3A%2F%2Fwww.googleapis.com%2Fauth%2Fdevstorage.read_only%2Chttps%3A%2F%2Fwww.googleapis.com%2Fauth%2Fdevstorage.read_write HTTP/10" 200 None
2024-08-28 21:35:29 - urllib3.connectionpool - DEBUG - Starting new HTTPS connection (1): storage.googleapis.com:443
2024-08-28 21:35:30 - urllib3.connectionpool - DEBUG - https://storage.googleapis.com:443 "POST /upload/storage/v1/b/genaiq_cloudbuild/o?uploadType=multipart HTTP/11" 403 550
2024-08-28 21:35:30 - __main__ - ERROR - Failed to upload file to GCS
2024-08-28 21:35:30 - __main__ - INFO - Local file temp_uploads/Olusegun_Tewogbade.pdf removed after processing.
2024-08-28 21:35:30 - werkzeug - INFO - 127.0.0.1 - - [28/Aug/2024 21:35:30] "[35m[1mPOST /get_feedback_page HTTP/1.1[0m" 500 -
2024-08-28 21:40:06 - werkzeug - INFO -  * Detected change in '/home/bamidele_tewogbade1/genaiq/backend/app.py', reloading
2024-08-28 21:40:09 - __main__ - INFO - Logging is set up.
2024-08-28 21:40:09 - __main__ - DEBUG - Directory already exists at temp_uploads/
2024-08-28 21:40:09 - werkzeug - WARNING -  * Debugger is active!
2024-08-28 21:40:09 - werkzeug - INFO -  * Debugger PIN: 158-474-600
2024-08-28 21:40:42 - werkzeug - INFO -  * Detected change in '/home/bamidele_tewogbade1/genaiq/backend/app.py', reloading
2024-08-28 21:40:45 - __main__ - INFO - Logging is set up.
2024-08-28 21:40:45 - __main__ - DEBUG - Directory already exists at temp_uploads/
2024-08-28 21:40:45 - werkzeug - WARNING -  * Debugger is active!
2024-08-28 21:40:45 - werkzeug - INFO -  * Debugger PIN: 158-474-600
2024-08-28 21:40:45 - werkzeug - INFO - 127.0.0.1 - - [28/Aug/2024 21:40:45] "GET /upload_resume_page HTTP/1.1" 200 -
2024-08-28 21:40:55 - __main__ - DEBUG - File 'Olusegun Tewogbade.pdf' allowed: True
2024-08-28 21:40:55 - __main__ - DEBUG - Directory already exists at temp_uploads
2024-08-28 21:40:55 - __main__ - INFO - File saved locally at temp_uploads/Olusegun_Tewogbade.pdf
2024-08-28 21:40:55 - google.auth._default - DEBUG - Checking None for explicit credentials as part of auth process...
2024-08-28 21:40:55 - google.auth._default - DEBUG - Checking Cloud SDK credentials as part of auth process...
2024-08-28 21:40:55 - google.auth._default - DEBUG - Cloud SDK credentials not found on disk; not using them
2024-08-28 21:40:55 - google.auth.transport._http_client - DEBUG - Making request: GET http://169.254.169.254
2024-08-28 21:40:55 - google.auth.transport._http_client - DEBUG - Making request: GET http://metadata.google.internal/computeMetadata/v1/project/project-id
2024-08-28 21:40:55 - google.auth._default - WARNING - No project ID could be determined. Consider running `gcloud config set project` or setting the GOOGLE_CLOUD_PROJECT environment variable
2024-08-28 21:40:55 - google.auth._default - DEBUG - Checking None for explicit credentials as part of auth process...
2024-08-28 21:40:55 - google.auth._default - DEBUG - Checking Cloud SDK credentials as part of auth process...
2024-08-28 21:40:55 - google.auth._default - DEBUG - Cloud SDK credentials not found on disk; not using them
2024-08-28 21:40:55 - google.auth.transport._http_client - DEBUG - Making request: GET http://169.254.169.254
2024-08-28 21:40:55 - google.auth.transport._http_client - DEBUG - Making request: GET http://metadata.google.internal/computeMetadata/v1/project/project-id
2024-08-28 21:40:55 - google.auth._default - WARNING - No project ID could be determined. Consider running `gcloud config set project` or setting the GOOGLE_CLOUD_PROJECT environment variable
2024-08-28 21:40:55 - google.auth.transport.requests - DEBUG - Making request: GET http://metadata.google.internal/computeMetadata/v1/universe/universe_domain
2024-08-28 21:40:55 - urllib3.connectionpool - DEBUG - Starting new HTTP connection (1): metadata.google.internal:80
2024-08-28 21:40:55 - urllib3.connectionpool - DEBUG - http://metadata.google.internal:80 "GET /computeMetadata/v1/universe/universe_domain HTTP/10" 404 None
2024-08-28 21:40:55 - urllib3.util.retry - DEBUG - Converted retries value: 3 -> Retry(total=3, connect=None, read=None, redirect=None, status=None)
2024-08-28 21:40:55 - google.auth.transport.requests - DEBUG - Making request: GET http://metadata.google.internal/computeMetadata/v1/instance/service-accounts/default/?recursive=true
2024-08-28 21:40:55 - urllib3.connectionpool - DEBUG - Starting new HTTP connection (1): metadata.google.internal:80
2024-08-28 21:40:55 - urllib3.connectionpool - DEBUG - http://metadata.google.internal:80 "GET /computeMetadata/v1/instance/service-accounts/default/?recursive=true HTTP/10" 200 None
2024-08-28 21:40:55 - google.auth.transport.requests - DEBUG - Making request: GET http://metadata.google.internal/computeMetadata/v1/instance/service-accounts/bamidele.tewogbade1@gmail.com/token?scopes=https%3A%2F%2Fwww.googleapis.com%2Fauth%2Fdevstorage.full_control%2Chttps%3A%2F%2Fwww.googleapis.com%2Fauth%2Fdevstorage.read_only%2Chttps%3A%2F%2Fwww.googleapis.com%2Fauth%2Fdevstorage.read_write
2024-08-28 21:40:55 - urllib3.connectionpool - DEBUG - Resetting dropped connection: metadata.google.internal
2024-08-28 21:40:55 - urllib3.connectionpool - DEBUG - http://metadata.google.internal:80 "GET /computeMetadata/v1/instance/service-accounts/bamidele.tewogbade1@gmail.com/token?scopes=https%3A%2F%2Fwww.googleapis.com%2Fauth%2Fdevstorage.full_control%2Chttps%3A%2F%2Fwww.googleapis.com%2Fauth%2Fdevstorage.read_only%2Chttps%3A%2F%2Fwww.googleapis.com%2Fauth%2Fdevstorage.read_write HTTP/10" 200 None
2024-08-28 21:40:55 - urllib3.connectionpool - DEBUG - Starting new HTTPS connection (1): storage.googleapis.com:443
2024-08-28 21:40:56 - urllib3.connectionpool - DEBUG - https://storage.googleapis.com:443 "POST /upload/storage/v1/b/genaiq_storage/o?uploadType=multipart HTTP/11" 200 830
2024-08-28 21:40:56 - __main__ - INFO - File uploaded to GCS at gs://genaiq_storage/uploads/Olusegun_Tewogbade.pdf
2024-08-28 21:40:56 - google.auth._default - DEBUG - Checking None for explicit credentials as part of auth process...
2024-08-28 21:40:56 - google.auth._default - DEBUG - Checking Cloud SDK credentials as part of auth process...
2024-08-28 21:40:56 - google.auth._default - DEBUG - Cloud SDK credentials not found on disk; not using them
2024-08-28 21:40:56 - google.auth.transport._http_client - DEBUG - Making request: GET http://169.254.169.254
2024-08-28 21:40:56 - google.auth.transport._http_client - DEBUG - Making request: GET http://metadata.google.internal/computeMetadata/v1/project/project-id
2024-08-28 21:40:56 - google.auth._default - WARNING - No project ID could be determined. Consider running `gcloud config set project` or setting the GOOGLE_CLOUD_PROJECT environment variable
2024-08-28 21:40:56 - google.auth._default - DEBUG - Checking None for explicit credentials as part of auth process...
2024-08-28 21:40:56 - google.auth._default - DEBUG - Checking Cloud SDK credentials as part of auth process...
2024-08-28 21:40:56 - google.auth._default - DEBUG - Cloud SDK credentials not found on disk; not using them
2024-08-28 21:40:56 - google.auth.transport._http_client - DEBUG - Making request: GET http://169.254.169.254
2024-08-28 21:40:56 - google.auth.transport._http_client - DEBUG - Making request: GET http://metadata.google.internal/computeMetadata/v1/project/project-id
2024-08-28 21:40:56 - google.auth._default - WARNING - No project ID could be determined. Consider running `gcloud config set project` or setting the GOOGLE_CLOUD_PROJECT environment variable
2024-08-28 21:40:56 - google.auth.transport.requests - DEBUG - Making request: GET http://metadata.google.internal/computeMetadata/v1/universe/universe_domain
2024-08-28 21:40:56 - urllib3.connectionpool - DEBUG - Starting new HTTP connection (1): metadata.google.internal:80
2024-08-28 21:40:56 - urllib3.connectionpool - DEBUG - http://metadata.google.internal:80 "GET /computeMetadata/v1/universe/universe_domain HTTP/10" 404 None
2024-08-28 21:40:56 - urllib3.util.retry - DEBUG - Converted retries value: 3 -> Retry(total=3, connect=None, read=None, redirect=None, status=None)
2024-08-28 21:40:56 - google.auth.transport.requests - DEBUG - Making request: GET http://metadata.google.internal/computeMetadata/v1/instance/service-accounts/default/?recursive=true
2024-08-28 21:40:56 - urllib3.connectionpool - DEBUG - Starting new HTTP connection (1): metadata.google.internal:80
2024-08-28 21:40:56 - urllib3.connectionpool - DEBUG - http://metadata.google.internal:80 "GET /computeMetadata/v1/instance/service-accounts/default/?recursive=true HTTP/10" 200 None
2024-08-28 21:40:56 - google.auth.transport.requests - DEBUG - Making request: GET http://metadata.google.internal/computeMetadata/v1/instance/service-accounts/bamidele.tewogbade1@gmail.com/token?scopes=https%3A%2F%2Fwww.googleapis.com%2Fauth%2Fdevstorage.full_control%2Chttps%3A%2F%2Fwww.googleapis.com%2Fauth%2Fdevstorage.read_only%2Chttps%3A%2F%2Fwww.googleapis.com%2Fauth%2Fdevstorage.read_write
2024-08-28 21:40:56 - urllib3.connectionpool - DEBUG - Resetting dropped connection: metadata.google.internal
2024-08-28 21:40:56 - urllib3.connectionpool - DEBUG - http://metadata.google.internal:80 "GET /computeMetadata/v1/instance/service-accounts/bamidele.tewogbade1@gmail.com/token?scopes=https%3A%2F%2Fwww.googleapis.com%2Fauth%2Fdevstorage.full_control%2Chttps%3A%2F%2Fwww.googleapis.com%2Fauth%2Fdevstorage.read_only%2Chttps%3A%2F%2Fwww.googleapis.com%2Fauth%2Fdevstorage.read_write HTTP/10" 200 None
2024-08-28 21:40:56 - urllib3.connectionpool - DEBUG - Starting new HTTPS connection (1): storage.googleapis.com:443
2024-08-28 21:40:56 - urllib3.connectionpool - DEBUG - https://storage.googleapis.com:443 "GET /download/storage/v1/b/genaiq_storage/o/uploads%2FOlusegun_Tewogbade.pdf?alt=media HTTP/11" 200 140304
2024-08-28 21:40:56 - __main__ - ERROR - Exception during feedback page generation: name 'os' is not defined
2024-08-28 21:40:56 - __main__ - INFO - Local file temp_uploads/Olusegun_Tewogbade.pdf removed after processing.
2024-08-28 21:40:56 - werkzeug - INFO - 127.0.0.1 - - [28/Aug/2024 21:40:56] "[35m[1mPOST /get_feedback_page HTTP/1.1[0m" 500 -
2024-08-28 21:40:57 - __main__ - DEBUG - File 'Olusegun Tewogbade.pdf' allowed: True
2024-08-28 21:40:57 - __main__ - DEBUG - Directory already exists at temp_uploads
2024-08-28 21:40:57 - __main__ - INFO - File saved locally at temp_uploads/Olusegun_Tewogbade.pdf
2024-08-28 21:40:57 - google.auth._default - DEBUG - Checking None for explicit credentials as part of auth process...
2024-08-28 21:40:57 - google.auth._default - DEBUG - Checking Cloud SDK credentials as part of auth process...
2024-08-28 21:40:57 - google.auth._default - DEBUG - Cloud SDK credentials not found on disk; not using them
2024-08-28 21:40:57 - google.auth.transport._http_client - DEBUG - Making request: GET http://169.254.169.254
2024-08-28 21:40:57 - google.auth.transport._http_client - DEBUG - Making request: GET http://metadata.google.internal/computeMetadata/v1/project/project-id
2024-08-28 21:40:57 - google.auth._default - WARNING - No project ID could be determined. Consider running `gcloud config set project` or setting the GOOGLE_CLOUD_PROJECT environment variable
2024-08-28 21:40:57 - google.auth._default - DEBUG - Checking None for explicit credentials as part of auth process...
2024-08-28 21:40:57 - google.auth._default - DEBUG - Checking Cloud SDK credentials as part of auth process...
2024-08-28 21:40:57 - google.auth._default - DEBUG - Cloud SDK credentials not found on disk; not using them
2024-08-28 21:40:57 - google.auth.transport._http_client - DEBUG - Making request: GET http://169.254.169.254
2024-08-28 21:40:57 - google.auth.transport._http_client - DEBUG - Making request: GET http://metadata.google.internal/computeMetadata/v1/project/project-id
2024-08-28 21:40:57 - google.auth._default - WARNING - No project ID could be determined. Consider running `gcloud config set project` or setting the GOOGLE_CLOUD_PROJECT environment variable
2024-08-28 21:40:57 - google.auth.transport.requests - DEBUG - Making request: GET http://metadata.google.internal/computeMetadata/v1/universe/universe_domain
2024-08-28 21:40:57 - urllib3.connectionpool - DEBUG - Starting new HTTP connection (1): metadata.google.internal:80
2024-08-28 21:40:57 - urllib3.connectionpool - DEBUG - http://metadata.google.internal:80 "GET /computeMetadata/v1/universe/universe_domain HTTP/10" 404 None
2024-08-28 21:40:57 - urllib3.util.retry - DEBUG - Converted retries value: 3 -> Retry(total=3, connect=None, read=None, redirect=None, status=None)
2024-08-28 21:40:57 - google.auth.transport.requests - DEBUG - Making request: GET http://metadata.google.internal/computeMetadata/v1/instance/service-accounts/default/?recursive=true
2024-08-28 21:40:57 - urllib3.connectionpool - DEBUG - Starting new HTTP connection (1): metadata.google.internal:80
2024-08-28 21:40:57 - urllib3.connectionpool - DEBUG - http://metadata.google.internal:80 "GET /computeMetadata/v1/instance/service-accounts/default/?recursive=true HTTP/10" 200 None
2024-08-28 21:40:57 - google.auth.transport.requests - DEBUG - Making request: GET http://metadata.google.internal/computeMetadata/v1/instance/service-accounts/bamidele.tewogbade1@gmail.com/token?scopes=https%3A%2F%2Fwww.googleapis.com%2Fauth%2Fdevstorage.full_control%2Chttps%3A%2F%2Fwww.googleapis.com%2Fauth%2Fdevstorage.read_only%2Chttps%3A%2F%2Fwww.googleapis.com%2Fauth%2Fdevstorage.read_write
2024-08-28 21:40:57 - urllib3.connectionpool - DEBUG - Resetting dropped connection: metadata.google.internal
2024-08-28 21:40:57 - urllib3.connectionpool - DEBUG - http://metadata.google.internal:80 "GET /computeMetadata/v1/instance/service-accounts/bamidele.tewogbade1@gmail.com/token?scopes=https%3A%2F%2Fwww.googleapis.com%2Fauth%2Fdevstorage.full_control%2Chttps%3A%2F%2Fwww.googleapis.com%2Fauth%2Fdevstorage.read_only%2Chttps%3A%2F%2Fwww.googleapis.com%2Fauth%2Fdevstorage.read_write HTTP/10" 200 None
2024-08-28 21:40:57 - urllib3.connectionpool - DEBUG - Starting new HTTPS connection (1): storage.googleapis.com:443
2024-08-28 21:40:58 - urllib3.connectionpool - DEBUG - https://storage.googleapis.com:443 "POST /upload/storage/v1/b/genaiq_storage/o?uploadType=multipart HTTP/11" 200 830
2024-08-28 21:40:58 - __main__ - INFO - File uploaded to GCS at gs://genaiq_storage/uploads/Olusegun_Tewogbade.pdf
2024-08-28 21:40:58 - google.auth._default - DEBUG - Checking None for explicit credentials as part of auth process...
2024-08-28 21:40:58 - google.auth._default - DEBUG - Checking Cloud SDK credentials as part of auth process...
2024-08-28 21:40:58 - google.auth._default - DEBUG - Cloud SDK credentials not found on disk; not using them
2024-08-28 21:40:58 - google.auth.transport._http_client - DEBUG - Making request: GET http://169.254.169.254
2024-08-28 21:40:58 - google.auth.transport._http_client - DEBUG - Making request: GET http://metadata.google.internal/computeMetadata/v1/project/project-id
2024-08-28 21:40:58 - google.auth._default - WARNING - No project ID could be determined. Consider running `gcloud config set project` or setting the GOOGLE_CLOUD_PROJECT environment variable
2024-08-28 21:40:58 - google.auth._default - DEBUG - Checking None for explicit credentials as part of auth process...
2024-08-28 21:40:58 - google.auth._default - DEBUG - Checking Cloud SDK credentials as part of auth process...
2024-08-28 21:40:58 - google.auth._default - DEBUG - Cloud SDK credentials not found on disk; not using them
2024-08-28 21:40:58 - google.auth.transport._http_client - DEBUG - Making request: GET http://169.254.169.254
2024-08-28 21:40:58 - google.auth.transport._http_client - DEBUG - Making request: GET http://metadata.google.internal/computeMetadata/v1/project/project-id
2024-08-28 21:40:58 - google.auth._default - WARNING - No project ID could be determined. Consider running `gcloud config set project` or setting the GOOGLE_CLOUD_PROJECT environment variable
2024-08-28 21:40:58 - google.auth.transport.requests - DEBUG - Making request: GET http://metadata.google.internal/computeMetadata/v1/universe/universe_domain
2024-08-28 21:40:58 - urllib3.connectionpool - DEBUG - Starting new HTTP connection (1): metadata.google.internal:80
2024-08-28 21:40:58 - urllib3.connectionpool - DEBUG - http://metadata.google.internal:80 "GET /computeMetadata/v1/universe/universe_domain HTTP/10" 404 None
2024-08-28 21:40:58 - urllib3.util.retry - DEBUG - Converted retries value: 3 -> Retry(total=3, connect=None, read=None, redirect=None, status=None)
2024-08-28 21:40:58 - google.auth.transport.requests - DEBUG - Making request: GET http://metadata.google.internal/computeMetadata/v1/instance/service-accounts/default/?recursive=true
2024-08-28 21:40:58 - urllib3.connectionpool - DEBUG - Starting new HTTP connection (1): metadata.google.internal:80
2024-08-28 21:40:58 - urllib3.connectionpool - DEBUG - http://metadata.google.internal:80 "GET /computeMetadata/v1/instance/service-accounts/default/?recursive=true HTTP/10" 200 None
2024-08-28 21:40:58 - google.auth.transport.requests - DEBUG - Making request: GET http://metadata.google.internal/computeMetadata/v1/instance/service-accounts/bamidele.tewogbade1@gmail.com/token?scopes=https%3A%2F%2Fwww.googleapis.com%2Fauth%2Fdevstorage.full_control%2Chttps%3A%2F%2Fwww.googleapis.com%2Fauth%2Fdevstorage.read_only%2Chttps%3A%2F%2Fwww.googleapis.com%2Fauth%2Fdevstorage.read_write
2024-08-28 21:40:58 - urllib3.connectionpool - DEBUG - Resetting dropped connection: metadata.google.internal
2024-08-28 21:40:58 - urllib3.connectionpool - DEBUG - http://metadata.google.internal:80 "GET /computeMetadata/v1/instance/service-accounts/bamidele.tewogbade1@gmail.com/token?scopes=https%3A%2F%2Fwww.googleapis.com%2Fauth%2Fdevstorage.full_control%2Chttps%3A%2F%2Fwww.googleapis.com%2Fauth%2Fdevstorage.read_only%2Chttps%3A%2F%2Fwww.googleapis.com%2Fauth%2Fdevstorage.read_write HTTP/10" 200 None
2024-08-28 21:40:58 - urllib3.connectionpool - DEBUG - Starting new HTTPS connection (1): storage.googleapis.com:443
2024-08-28 21:40:59 - urllib3.connectionpool - DEBUG - https://storage.googleapis.com:443 "GET /download/storage/v1/b/genaiq_storage/o/uploads%2FOlusegun_Tewogbade.pdf?alt=media HTTP/11" 200 140304
2024-08-28 21:40:59 - __main__ - ERROR - Exception during feedback page generation: name 'os' is not defined
2024-08-28 21:40:59 - __main__ - INFO - Local file temp_uploads/Olusegun_Tewogbade.pdf removed after processing.
2024-08-28 21:40:59 - werkzeug - INFO - 127.0.0.1 - - [28/Aug/2024 21:40:59] "[35m[1mPOST /get_feedback_page HTTP/1.1[0m" 500 -
2024-08-28 21:41:03 - __main__ - DEBUG - File 'Olusegun Tewogbade.pdf' allowed: True
2024-08-28 21:41:03 - __main__ - DEBUG - Directory already exists at temp_uploads
2024-08-28 21:41:03 - __main__ - INFO - File saved locally at temp_uploads/Olusegun_Tewogbade.pdf
2024-08-28 21:41:03 - google.auth._default - DEBUG - Checking None for explicit credentials as part of auth process...
2024-08-28 21:41:03 - google.auth._default - DEBUG - Checking Cloud SDK credentials as part of auth process...
2024-08-28 21:41:03 - google.auth._default - DEBUG - Cloud SDK credentials not found on disk; not using them
2024-08-28 21:41:03 - google.auth.transport._http_client - DEBUG - Making request: GET http://169.254.169.254
2024-08-28 21:41:03 - google.auth.transport._http_client - DEBUG - Making request: GET http://metadata.google.internal/computeMetadata/v1/project/project-id
2024-08-28 21:41:03 - google.auth._default - WARNING - No project ID could be determined. Consider running `gcloud config set project` or setting the GOOGLE_CLOUD_PROJECT environment variable
2024-08-28 21:41:03 - google.auth._default - DEBUG - Checking None for explicit credentials as part of auth process...
2024-08-28 21:41:03 - google.auth._default - DEBUG - Checking Cloud SDK credentials as part of auth process...
2024-08-28 21:41:03 - google.auth._default - DEBUG - Cloud SDK credentials not found on disk; not using them
2024-08-28 21:41:03 - google.auth.transport._http_client - DEBUG - Making request: GET http://169.254.169.254
2024-08-28 21:41:03 - google.auth.transport._http_client - DEBUG - Making request: GET http://metadata.google.internal/computeMetadata/v1/project/project-id
2024-08-28 21:41:03 - google.auth._default - WARNING - No project ID could be determined. Consider running `gcloud config set project` or setting the GOOGLE_CLOUD_PROJECT environment variable
2024-08-28 21:41:03 - google.auth.transport.requests - DEBUG - Making request: GET http://metadata.google.internal/computeMetadata/v1/universe/universe_domain
2024-08-28 21:41:03 - urllib3.connectionpool - DEBUG - Starting new HTTP connection (1): metadata.google.internal:80
2024-08-28 21:41:03 - urllib3.connectionpool - DEBUG - http://metadata.google.internal:80 "GET /computeMetadata/v1/universe/universe_domain HTTP/10" 404 None
2024-08-28 21:41:03 - urllib3.util.retry - DEBUG - Converted retries value: 3 -> Retry(total=3, connect=None, read=None, redirect=None, status=None)
2024-08-28 21:41:03 - google.auth.transport.requests - DEBUG - Making request: GET http://metadata.google.internal/computeMetadata/v1/instance/service-accounts/default/?recursive=true
2024-08-28 21:41:03 - urllib3.connectionpool - DEBUG - Starting new HTTP connection (1): metadata.google.internal:80
2024-08-28 21:41:03 - urllib3.connectionpool - DEBUG - http://metadata.google.internal:80 "GET /computeMetadata/v1/instance/service-accounts/default/?recursive=true HTTP/10" 200 None
2024-08-28 21:41:03 - google.auth.transport.requests - DEBUG - Making request: GET http://metadata.google.internal/computeMetadata/v1/instance/service-accounts/bamidele.tewogbade1@gmail.com/token?scopes=https%3A%2F%2Fwww.googleapis.com%2Fauth%2Fdevstorage.full_control%2Chttps%3A%2F%2Fwww.googleapis.com%2Fauth%2Fdevstorage.read_only%2Chttps%3A%2F%2Fwww.googleapis.com%2Fauth%2Fdevstorage.read_write
2024-08-28 21:41:03 - urllib3.connectionpool - DEBUG - Resetting dropped connection: metadata.google.internal
2024-08-28 21:41:03 - urllib3.connectionpool - DEBUG - http://metadata.google.internal:80 "GET /computeMetadata/v1/instance/service-accounts/bamidele.tewogbade1@gmail.com/token?scopes=https%3A%2F%2Fwww.googleapis.com%2Fauth%2Fdevstorage.full_control%2Chttps%3A%2F%2Fwww.googleapis.com%2Fauth%2Fdevstorage.read_only%2Chttps%3A%2F%2Fwww.googleapis.com%2Fauth%2Fdevstorage.read_write HTTP/10" 200 None
2024-08-28 21:41:03 - urllib3.connectionpool - DEBUG - Starting new HTTPS connection (1): storage.googleapis.com:443
2024-08-28 21:41:04 - urllib3.connectionpool - DEBUG - https://storage.googleapis.com:443 "POST /upload/storage/v1/b/genaiq_storage/o?uploadType=multipart HTTP/11" 200 830
2024-08-28 21:41:04 - __main__ - INFO - File uploaded to GCS at gs://genaiq_storage/uploads/Olusegun_Tewogbade.pdf
2024-08-28 21:41:04 - google.auth._default - DEBUG - Checking None for explicit credentials as part of auth process...
2024-08-28 21:41:04 - google.auth._default - DEBUG - Checking Cloud SDK credentials as part of auth process...
2024-08-28 21:41:04 - google.auth._default - DEBUG - Cloud SDK credentials not found on disk; not using them
2024-08-28 21:41:04 - google.auth.transport._http_client - DEBUG - Making request: GET http://169.254.169.254
2024-08-28 21:41:04 - google.auth.transport._http_client - DEBUG - Making request: GET http://metadata.google.internal/computeMetadata/v1/project/project-id
2024-08-28 21:41:04 - google.auth._default - WARNING - No project ID could be determined. Consider running `gcloud config set project` or setting the GOOGLE_CLOUD_PROJECT environment variable
2024-08-28 21:41:04 - google.auth._default - DEBUG - Checking None for explicit credentials as part of auth process...
2024-08-28 21:41:04 - google.auth._default - DEBUG - Checking Cloud SDK credentials as part of auth process...
2024-08-28 21:41:04 - google.auth._default - DEBUG - Cloud SDK credentials not found on disk; not using them
2024-08-28 21:41:04 - google.auth.transport._http_client - DEBUG - Making request: GET http://169.254.169.254
2024-08-28 21:41:04 - google.auth.transport._http_client - DEBUG - Making request: GET http://metadata.google.internal/computeMetadata/v1/project/project-id
2024-08-28 21:41:04 - google.auth._default - WARNING - No project ID could be determined. Consider running `gcloud config set project` or setting the GOOGLE_CLOUD_PROJECT environment variable
2024-08-28 21:41:04 - google.auth.transport.requests - DEBUG - Making request: GET http://metadata.google.internal/computeMetadata/v1/universe/universe_domain
2024-08-28 21:41:04 - urllib3.connectionpool - DEBUG - Starting new HTTP connection (1): metadata.google.internal:80
2024-08-28 21:41:04 - urllib3.connectionpool - DEBUG - http://metadata.google.internal:80 "GET /computeMetadata/v1/universe/universe_domain HTTP/10" 404 None
2024-08-28 21:41:04 - urllib3.util.retry - DEBUG - Converted retries value: 3 -> Retry(total=3, connect=None, read=None, redirect=None, status=None)
2024-08-28 21:41:04 - google.auth.transport.requests - DEBUG - Making request: GET http://metadata.google.internal/computeMetadata/v1/instance/service-accounts/default/?recursive=true
2024-08-28 21:41:04 - urllib3.connectionpool - DEBUG - Starting new HTTP connection (1): metadata.google.internal:80
2024-08-28 21:41:04 - urllib3.connectionpool - DEBUG - http://metadata.google.internal:80 "GET /computeMetadata/v1/instance/service-accounts/default/?recursive=true HTTP/10" 200 None
2024-08-28 21:41:04 - google.auth.transport.requests - DEBUG - Making request: GET http://metadata.google.internal/computeMetadata/v1/instance/service-accounts/bamidele.tewogbade1@gmail.com/token?scopes=https%3A%2F%2Fwww.googleapis.com%2Fauth%2Fdevstorage.full_control%2Chttps%3A%2F%2Fwww.googleapis.com%2Fauth%2Fdevstorage.read_only%2Chttps%3A%2F%2Fwww.googleapis.com%2Fauth%2Fdevstorage.read_write
2024-08-28 21:41:04 - urllib3.connectionpool - DEBUG - Resetting dropped connection: metadata.google.internal
2024-08-28 21:41:04 - urllib3.connectionpool - DEBUG - http://metadata.google.internal:80 "GET /computeMetadata/v1/instance/service-accounts/bamidele.tewogbade1@gmail.com/token?scopes=https%3A%2F%2Fwww.googleapis.com%2Fauth%2Fdevstorage.full_control%2Chttps%3A%2F%2Fwww.googleapis.com%2Fauth%2Fdevstorage.read_only%2Chttps%3A%2F%2Fwww.googleapis.com%2Fauth%2Fdevstorage.read_write HTTP/10" 200 None
2024-08-28 21:41:04 - urllib3.connectionpool - DEBUG - Starting new HTTPS connection (1): storage.googleapis.com:443
2024-08-28 21:41:04 - __main__ - DEBUG - File 'Olusegun Tewogbade.pdf' allowed: True
2024-08-28 21:41:04 - __main__ - DEBUG - Directory already exists at temp_uploads
2024-08-28 21:41:04 - __main__ - INFO - File saved locally at temp_uploads/Olusegun_Tewogbade.pdf
2024-08-28 21:41:04 - google.auth._default - DEBUG - Checking None for explicit credentials as part of auth process...
2024-08-28 21:41:04 - google.auth._default - DEBUG - Checking Cloud SDK credentials as part of auth process...
2024-08-28 21:41:04 - google.auth._default - DEBUG - Cloud SDK credentials not found on disk; not using them
2024-08-28 21:41:04 - google.auth.transport._http_client - DEBUG - Making request: GET http://169.254.169.254
2024-08-28 21:41:04 - google.auth.transport._http_client - DEBUG - Making request: GET http://metadata.google.internal/computeMetadata/v1/project/project-id
2024-08-28 21:41:04 - google.auth._default - WARNING - No project ID could be determined. Consider running `gcloud config set project` or setting the GOOGLE_CLOUD_PROJECT environment variable
2024-08-28 21:41:04 - google.auth._default - DEBUG - Checking None for explicit credentials as part of auth process...
2024-08-28 21:41:04 - google.auth._default - DEBUG - Checking Cloud SDK credentials as part of auth process...
2024-08-28 21:41:04 - google.auth._default - DEBUG - Cloud SDK credentials not found on disk; not using them
2024-08-28 21:41:04 - google.auth.transport._http_client - DEBUG - Making request: GET http://169.254.169.254
2024-08-28 21:41:04 - google.auth.transport._http_client - DEBUG - Making request: GET http://metadata.google.internal/computeMetadata/v1/project/project-id
2024-08-28 21:41:04 - google.auth._default - WARNING - No project ID could be determined. Consider running `gcloud config set project` or setting the GOOGLE_CLOUD_PROJECT environment variable
2024-08-28 21:41:04 - google.auth.transport.requests - DEBUG - Making request: GET http://metadata.google.internal/computeMetadata/v1/universe/universe_domain
2024-08-28 21:41:04 - urllib3.connectionpool - DEBUG - Starting new HTTP connection (1): metadata.google.internal:80
2024-08-28 21:41:05 - urllib3.connectionpool - DEBUG - http://metadata.google.internal:80 "GET /computeMetadata/v1/universe/universe_domain HTTP/10" 404 None
2024-08-28 21:41:05 - urllib3.util.retry - DEBUG - Converted retries value: 3 -> Retry(total=3, connect=None, read=None, redirect=None, status=None)
2024-08-28 21:41:05 - google.auth.transport.requests - DEBUG - Making request: GET http://metadata.google.internal/computeMetadata/v1/instance/service-accounts/default/?recursive=true
2024-08-28 21:41:05 - urllib3.connectionpool - DEBUG - Starting new HTTP connection (1): metadata.google.internal:80
2024-08-28 21:41:05 - urllib3.connectionpool - DEBUG - http://metadata.google.internal:80 "GET /computeMetadata/v1/instance/service-accounts/default/?recursive=true HTTP/10" 200 None
2024-08-28 21:41:05 - google.auth.transport.requests - DEBUG - Making request: GET http://metadata.google.internal/computeMetadata/v1/instance/service-accounts/bamidele.tewogbade1@gmail.com/token?scopes=https%3A%2F%2Fwww.googleapis.com%2Fauth%2Fdevstorage.full_control%2Chttps%3A%2F%2Fwww.googleapis.com%2Fauth%2Fdevstorage.read_only%2Chttps%3A%2F%2Fwww.googleapis.com%2Fauth%2Fdevstorage.read_write
2024-08-28 21:41:05 - urllib3.connectionpool - DEBUG - Resetting dropped connection: metadata.google.internal
2024-08-28 21:41:05 - urllib3.connectionpool - DEBUG - http://metadata.google.internal:80 "GET /computeMetadata/v1/instance/service-accounts/bamidele.tewogbade1@gmail.com/token?scopes=https%3A%2F%2Fwww.googleapis.com%2Fauth%2Fdevstorage.full_control%2Chttps%3A%2F%2Fwww.googleapis.com%2Fauth%2Fdevstorage.read_only%2Chttps%3A%2F%2Fwww.googleapis.com%2Fauth%2Fdevstorage.read_write HTTP/10" 200 None
2024-08-28 21:41:05 - urllib3.connectionpool - DEBUG - Starting new HTTPS connection (1): storage.googleapis.com:443
2024-08-28 21:41:05 - urllib3.connectionpool - DEBUG - https://storage.googleapis.com:443 "GET /download/storage/v1/b/genaiq_storage/o/uploads%2FOlusegun_Tewogbade.pdf?alt=media HTTP/11" 200 140304
2024-08-28 21:41:05 - __main__ - ERROR - Exception during feedback page generation: name 'os' is not defined
2024-08-28 21:41:05 - __main__ - INFO - Local file temp_uploads/Olusegun_Tewogbade.pdf removed after processing.
2024-08-28 21:41:05 - werkzeug - INFO - 127.0.0.1 - - [28/Aug/2024 21:41:05] "[35m[1mPOST /get_feedback_page HTTP/1.1[0m" 500 -
2024-08-28 21:41:06 - urllib3.connectionpool - DEBUG - https://storage.googleapis.com:443 "POST /upload/storage/v1/b/genaiq_storage/o?uploadType=multipart HTTP/11" 200 830
2024-08-28 21:41:06 - __main__ - INFO - File uploaded to GCS at gs://genaiq_storage/uploads/Olusegun_Tewogbade.pdf
2024-08-28 21:41:06 - google.auth._default - DEBUG - Checking None for explicit credentials as part of auth process...
2024-08-28 21:41:06 - google.auth._default - DEBUG - Checking Cloud SDK credentials as part of auth process...
2024-08-28 21:41:06 - google.auth._default - DEBUG - Cloud SDK credentials not found on disk; not using them
2024-08-28 21:41:06 - google.auth.transport._http_client - DEBUG - Making request: GET http://169.254.169.254
2024-08-28 21:41:06 - google.auth.transport._http_client - DEBUG - Making request: GET http://metadata.google.internal/computeMetadata/v1/project/project-id
2024-08-28 21:41:06 - google.auth._default - WARNING - No project ID could be determined. Consider running `gcloud config set project` or setting the GOOGLE_CLOUD_PROJECT environment variable
2024-08-28 21:41:06 - google.auth._default - DEBUG - Checking None for explicit credentials as part of auth process...
2024-08-28 21:41:06 - google.auth._default - DEBUG - Checking Cloud SDK credentials as part of auth process...
2024-08-28 21:41:06 - google.auth._default - DEBUG - Cloud SDK credentials not found on disk; not using them
2024-08-28 21:41:06 - google.auth.transport._http_client - DEBUG - Making request: GET http://169.254.169.254
2024-08-28 21:41:06 - google.auth.transport._http_client - DEBUG - Making request: GET http://metadata.google.internal/computeMetadata/v1/project/project-id
2024-08-28 21:41:06 - google.auth._default - WARNING - No project ID could be determined. Consider running `gcloud config set project` or setting the GOOGLE_CLOUD_PROJECT environment variable
2024-08-28 21:41:06 - google.auth.transport.requests - DEBUG - Making request: GET http://metadata.google.internal/computeMetadata/v1/universe/universe_domain
2024-08-28 21:41:06 - urllib3.connectionpool - DEBUG - Starting new HTTP connection (1): metadata.google.internal:80
2024-08-28 21:41:06 - urllib3.connectionpool - DEBUG - http://metadata.google.internal:80 "GET /computeMetadata/v1/universe/universe_domain HTTP/10" 404 None
2024-08-28 21:41:06 - urllib3.util.retry - DEBUG - Converted retries value: 3 -> Retry(total=3, connect=None, read=None, redirect=None, status=None)
2024-08-28 21:41:06 - google.auth.transport.requests - DEBUG - Making request: GET http://metadata.google.internal/computeMetadata/v1/instance/service-accounts/default/?recursive=true
2024-08-28 21:41:06 - urllib3.connectionpool - DEBUG - Starting new HTTP connection (1): metadata.google.internal:80
2024-08-28 21:41:06 - urllib3.connectionpool - DEBUG - http://metadata.google.internal:80 "GET /computeMetadata/v1/instance/service-accounts/default/?recursive=true HTTP/10" 200 None
2024-08-28 21:41:06 - google.auth.transport.requests - DEBUG - Making request: GET http://metadata.google.internal/computeMetadata/v1/instance/service-accounts/bamidele.tewogbade1@gmail.com/token?scopes=https%3A%2F%2Fwww.googleapis.com%2Fauth%2Fdevstorage.full_control%2Chttps%3A%2F%2Fwww.googleapis.com%2Fauth%2Fdevstorage.read_only%2Chttps%3A%2F%2Fwww.googleapis.com%2Fauth%2Fdevstorage.read_write
2024-08-28 21:41:06 - urllib3.connectionpool - DEBUG - Resetting dropped connection: metadata.google.internal
2024-08-28 21:41:06 - urllib3.connectionpool - DEBUG - http://metadata.google.internal:80 "GET /computeMetadata/v1/instance/service-accounts/bamidele.tewogbade1@gmail.com/token?scopes=https%3A%2F%2Fwww.googleapis.com%2Fauth%2Fdevstorage.full_control%2Chttps%3A%2F%2Fwww.googleapis.com%2Fauth%2Fdevstorage.read_only%2Chttps%3A%2F%2Fwww.googleapis.com%2Fauth%2Fdevstorage.read_write HTTP/10" 200 None
2024-08-28 21:41:06 - urllib3.connectionpool - DEBUG - Starting new HTTPS connection (1): storage.googleapis.com:443
2024-08-28 21:41:06 - __main__ - DEBUG - File 'Olusegun Tewogbade.pdf' allowed: True
2024-08-28 21:41:06 - __main__ - DEBUG - Directory already exists at temp_uploads
2024-08-28 21:41:06 - __main__ - INFO - File saved locally at temp_uploads/Olusegun_Tewogbade.pdf
2024-08-28 21:41:06 - google.auth._default - DEBUG - Checking None for explicit credentials as part of auth process...
2024-08-28 21:41:06 - google.auth._default - DEBUG - Checking Cloud SDK credentials as part of auth process...
2024-08-28 21:41:06 - google.auth._default - DEBUG - Cloud SDK credentials not found on disk; not using them
2024-08-28 21:41:06 - google.auth.transport._http_client - DEBUG - Making request: GET http://169.254.169.254
2024-08-28 21:41:06 - google.auth.transport._http_client - DEBUG - Making request: GET http://metadata.google.internal/computeMetadata/v1/project/project-id
2024-08-28 21:41:06 - google.auth._default - WARNING - No project ID could be determined. Consider running `gcloud config set project` or setting the GOOGLE_CLOUD_PROJECT environment variable
2024-08-28 21:41:06 - google.auth._default - DEBUG - Checking None for explicit credentials as part of auth process...
2024-08-28 21:41:06 - google.auth._default - DEBUG - Checking Cloud SDK credentials as part of auth process...
2024-08-28 21:41:06 - google.auth._default - DEBUG - Cloud SDK credentials not found on disk; not using them
2024-08-28 21:41:06 - google.auth.transport._http_client - DEBUG - Making request: GET http://169.254.169.254
2024-08-28 21:41:06 - google.auth.transport._http_client - DEBUG - Making request: GET http://metadata.google.internal/computeMetadata/v1/project/project-id
2024-08-28 21:41:06 - google.auth._default - WARNING - No project ID could be determined. Consider running `gcloud config set project` or setting the GOOGLE_CLOUD_PROJECT environment variable
2024-08-28 21:41:06 - google.auth.transport.requests - DEBUG - Making request: GET http://metadata.google.internal/computeMetadata/v1/universe/universe_domain
2024-08-28 21:41:06 - urllib3.connectionpool - DEBUG - Starting new HTTP connection (1): metadata.google.internal:80
2024-08-28 21:41:06 - urllib3.connectionpool - DEBUG - http://metadata.google.internal:80 "GET /computeMetadata/v1/universe/universe_domain HTTP/10" 404 None
2024-08-28 21:41:06 - urllib3.util.retry - DEBUG - Converted retries value: 3 -> Retry(total=3, connect=None, read=None, redirect=None, status=None)
2024-08-28 21:41:06 - google.auth.transport.requests - DEBUG - Making request: GET http://metadata.google.internal/computeMetadata/v1/instance/service-accounts/default/?recursive=true
2024-08-28 21:41:06 - urllib3.connectionpool - DEBUG - Starting new HTTP connection (1): metadata.google.internal:80
2024-08-28 21:41:06 - urllib3.connectionpool - DEBUG - http://metadata.google.internal:80 "GET /computeMetadata/v1/instance/service-accounts/default/?recursive=true HTTP/10" 200 None
2024-08-28 21:41:06 - google.auth.transport.requests - DEBUG - Making request: GET http://metadata.google.internal/computeMetadata/v1/instance/service-accounts/bamidele.tewogbade1@gmail.com/token?scopes=https%3A%2F%2Fwww.googleapis.com%2Fauth%2Fdevstorage.full_control%2Chttps%3A%2F%2Fwww.googleapis.com%2Fauth%2Fdevstorage.read_only%2Chttps%3A%2F%2Fwww.googleapis.com%2Fauth%2Fdevstorage.read_write
2024-08-28 21:41:06 - urllib3.connectionpool - DEBUG - Resetting dropped connection: metadata.google.internal
2024-08-28 21:41:06 - urllib3.connectionpool - DEBUG - http://metadata.google.internal:80 "GET /computeMetadata/v1/instance/service-accounts/bamidele.tewogbade1@gmail.com/token?scopes=https%3A%2F%2Fwww.googleapis.com%2Fauth%2Fdevstorage.full_control%2Chttps%3A%2F%2Fwww.googleapis.com%2Fauth%2Fdevstorage.read_only%2Chttps%3A%2F%2Fwww.googleapis.com%2Fauth%2Fdevstorage.read_write HTTP/10" 200 None
2024-08-28 21:41:06 - urllib3.connectionpool - DEBUG - Starting new HTTPS connection (1): storage.googleapis.com:443
2024-08-28 21:41:06 - urllib3.connectionpool - DEBUG - https://storage.googleapis.com:443 "GET /download/storage/v1/b/genaiq_storage/o/uploads%2FOlusegun_Tewogbade.pdf?alt=media HTTP/11" 200 140304
2024-08-28 21:41:07 - __main__ - DEBUG - File 'Olusegun Tewogbade.pdf' allowed: True
2024-08-28 21:41:07 - __main__ - DEBUG - Directory already exists at temp_uploads
2024-08-28 21:41:07 - __main__ - INFO - File saved locally at temp_uploads/Olusegun_Tewogbade.pdf
2024-08-28 21:41:07 - google.auth._default - DEBUG - Checking None for explicit credentials as part of auth process...
2024-08-28 21:41:07 - google.auth._default - DEBUG - Checking Cloud SDK credentials as part of auth process...
2024-08-28 21:41:07 - google.auth._default - DEBUG - Cloud SDK credentials not found on disk; not using them
2024-08-28 21:41:07 - google.auth.transport._http_client - DEBUG - Making request: GET http://169.254.169.254
2024-08-28 21:41:07 - google.auth.transport._http_client - DEBUG - Making request: GET http://metadata.google.internal/computeMetadata/v1/project/project-id
2024-08-28 21:41:07 - google.auth._default - WARNING - No project ID could be determined. Consider running `gcloud config set project` or setting the GOOGLE_CLOUD_PROJECT environment variable
2024-08-28 21:41:07 - google.auth._default - DEBUG - Checking None for explicit credentials as part of auth process...
2024-08-28 21:41:07 - google.auth._default - DEBUG - Checking Cloud SDK credentials as part of auth process...
2024-08-28 21:41:07 - google.auth._default - DEBUG - Cloud SDK credentials not found on disk; not using them
2024-08-28 21:41:07 - google.auth.transport._http_client - DEBUG - Making request: GET http://169.254.169.254
2024-08-28 21:41:07 - __main__ - ERROR - Exception during feedback page generation: name 'os' is not defined
2024-08-28 21:41:07 - __main__ - INFO - Local file temp_uploads/Olusegun_Tewogbade.pdf removed after processing.
2024-08-28 21:41:07 - werkzeug - INFO - 127.0.0.1 - - [28/Aug/2024 21:41:07] "[35m[1mPOST /get_feedback_page HTTP/1.1[0m" 500 -
2024-08-28 21:41:07 - google.auth.transport._http_client - DEBUG - Making request: GET http://metadata.google.internal/computeMetadata/v1/project/project-id
2024-08-28 21:41:07 - google.auth._default - WARNING - No project ID could be determined. Consider running `gcloud config set project` or setting the GOOGLE_CLOUD_PROJECT environment variable
2024-08-28 21:41:07 - google.auth.transport.requests - DEBUG - Making request: GET http://metadata.google.internal/computeMetadata/v1/universe/universe_domain
2024-08-28 21:41:07 - urllib3.connectionpool - DEBUG - Starting new HTTP connection (1): metadata.google.internal:80
2024-08-28 21:41:07 - urllib3.connectionpool - DEBUG - http://metadata.google.internal:80 "GET /computeMetadata/v1/universe/universe_domain HTTP/10" 404 None
2024-08-28 21:41:07 - __main__ - ERROR - Failed to upload file to GCS
2024-08-28 21:41:07 - werkzeug - INFO - 127.0.0.1 - - [28/Aug/2024 21:41:07] "[35m[1mPOST /get_feedback_page HTTP/1.1[0m" 500 -
2024-08-28 21:41:07 - urllib3.connectionpool - DEBUG - https://storage.googleapis.com:443 "POST /upload/storage/v1/b/genaiq_storage/o?uploadType=multipart HTTP/11" 200 830
2024-08-28 21:41:07 - __main__ - INFO - File uploaded to GCS at gs://genaiq_storage/uploads/Olusegun_Tewogbade.pdf
2024-08-28 21:41:07 - google.auth._default - DEBUG - Checking None for explicit credentials as part of auth process...
2024-08-28 21:41:07 - google.auth._default - DEBUG - Checking Cloud SDK credentials as part of auth process...
2024-08-28 21:41:07 - google.auth._default - DEBUG - Cloud SDK credentials not found on disk; not using them
2024-08-28 21:41:07 - google.auth.transport._http_client - DEBUG - Making request: GET http://169.254.169.254
2024-08-28 21:41:07 - google.auth.transport._http_client - DEBUG - Making request: GET http://metadata.google.internal/computeMetadata/v1/project/project-id
2024-08-28 21:41:07 - google.auth._default - WARNING - No project ID could be determined. Consider running `gcloud config set project` or setting the GOOGLE_CLOUD_PROJECT environment variable
2024-08-28 21:41:07 - google.auth._default - DEBUG - Checking None for explicit credentials as part of auth process...
2024-08-28 21:41:07 - google.auth._default - DEBUG - Checking Cloud SDK credentials as part of auth process...
2024-08-28 21:41:07 - google.auth._default - DEBUG - Cloud SDK credentials not found on disk; not using them
2024-08-28 21:41:07 - google.auth.transport._http_client - DEBUG - Making request: GET http://169.254.169.254
2024-08-28 21:41:07 - google.auth.transport._http_client - DEBUG - Making request: GET http://metadata.google.internal/computeMetadata/v1/project/project-id
2024-08-28 21:41:07 - google.auth._default - WARNING - No project ID could be determined. Consider running `gcloud config set project` or setting the GOOGLE_CLOUD_PROJECT environment variable
2024-08-28 21:41:07 - google.auth.transport.requests - DEBUG - Making request: GET http://metadata.google.internal/computeMetadata/v1/universe/universe_domain
2024-08-28 21:41:07 - urllib3.connectionpool - DEBUG - Starting new HTTP connection (1): metadata.google.internal:80
2024-08-28 21:41:07 - urllib3.connectionpool - DEBUG - http://metadata.google.internal:80 "GET /computeMetadata/v1/universe/universe_domain HTTP/10" 404 None
2024-08-28 21:41:07 - urllib3.util.retry - DEBUG - Converted retries value: 3 -> Retry(total=3, connect=None, read=None, redirect=None, status=None)
2024-08-28 21:41:07 - google.auth.transport.requests - DEBUG - Making request: GET http://metadata.google.internal/computeMetadata/v1/instance/service-accounts/default/?recursive=true
2024-08-28 21:41:07 - urllib3.connectionpool - DEBUG - Starting new HTTP connection (1): metadata.google.internal:80
2024-08-28 21:41:07 - urllib3.connectionpool - DEBUG - http://metadata.google.internal:80 "GET /computeMetadata/v1/instance/service-accounts/default/?recursive=true HTTP/10" 200 None
2024-08-28 21:41:07 - google.auth.transport.requests - DEBUG - Making request: GET http://metadata.google.internal/computeMetadata/v1/instance/service-accounts/bamidele.tewogbade1@gmail.com/token?scopes=https%3A%2F%2Fwww.googleapis.com%2Fauth%2Fdevstorage.full_control%2Chttps%3A%2F%2Fwww.googleapis.com%2Fauth%2Fdevstorage.read_only%2Chttps%3A%2F%2Fwww.googleapis.com%2Fauth%2Fdevstorage.read_write
2024-08-28 21:41:07 - urllib3.connectionpool - DEBUG - Resetting dropped connection: metadata.google.internal
2024-08-28 21:41:07 - urllib3.connectionpool - DEBUG - http://metadata.google.internal:80 "GET /computeMetadata/v1/instance/service-accounts/bamidele.tewogbade1@gmail.com/token?scopes=https%3A%2F%2Fwww.googleapis.com%2Fauth%2Fdevstorage.full_control%2Chttps%3A%2F%2Fwww.googleapis.com%2Fauth%2Fdevstorage.read_only%2Chttps%3A%2F%2Fwww.googleapis.com%2Fauth%2Fdevstorage.read_write HTTP/10" 200 None
2024-08-28 21:41:07 - urllib3.connectionpool - DEBUG - Starting new HTTPS connection (1): storage.googleapis.com:443
2024-08-28 21:41:07 - __main__ - DEBUG - File 'Olusegun Tewogbade.pdf' allowed: True
2024-08-28 21:41:07 - __main__ - DEBUG - Directory already exists at temp_uploads
2024-08-28 21:41:07 - __main__ - INFO - File saved locally at temp_uploads/Olusegun_Tewogbade.pdf
2024-08-28 21:41:07 - google.auth._default - DEBUG - Checking None for explicit credentials as part of auth process...
2024-08-28 21:41:07 - google.auth._default - DEBUG - Checking Cloud SDK credentials as part of auth process...
2024-08-28 21:41:07 - google.auth._default - DEBUG - Cloud SDK credentials not found on disk; not using them
2024-08-28 21:41:07 - google.auth.transport._http_client - DEBUG - Making request: GET http://169.254.169.254
2024-08-28 21:41:07 - google.auth.transport._http_client - DEBUG - Making request: GET http://metadata.google.internal/computeMetadata/v1/project/project-id
2024-08-28 21:41:07 - google.auth._default - WARNING - No project ID could be determined. Consider running `gcloud config set project` or setting the GOOGLE_CLOUD_PROJECT environment variable
2024-08-28 21:41:07 - google.auth._default - DEBUG - Checking None for explicit credentials as part of auth process...
2024-08-28 21:41:07 - google.auth._default - DEBUG - Checking Cloud SDK credentials as part of auth process...
2024-08-28 21:41:07 - google.auth._default - DEBUG - Cloud SDK credentials not found on disk; not using them
2024-08-28 21:41:07 - google.auth.transport._http_client - DEBUG - Making request: GET http://169.254.169.254
2024-08-28 21:41:07 - google.auth.transport._http_client - DEBUG - Making request: GET http://metadata.google.internal/computeMetadata/v1/project/project-id
2024-08-28 21:41:07 - google.auth._default - WARNING - No project ID could be determined. Consider running `gcloud config set project` or setting the GOOGLE_CLOUD_PROJECT environment variable
2024-08-28 21:41:07 - google.auth.transport.requests - DEBUG - Making request: GET http://metadata.google.internal/computeMetadata/v1/universe/universe_domain
2024-08-28 21:41:07 - urllib3.connectionpool - DEBUG - Starting new HTTP connection (1): metadata.google.internal:80
2024-08-28 21:41:07 - urllib3.connectionpool - DEBUG - http://metadata.google.internal:80 "GET /computeMetadata/v1/universe/universe_domain HTTP/10" 404 None
2024-08-28 21:41:07 - urllib3.util.retry - DEBUG - Converted retries value: 3 -> Retry(total=3, connect=None, read=None, redirect=None, status=None)
2024-08-28 21:41:07 - google.auth.transport.requests - DEBUG - Making request: GET http://metadata.google.internal/computeMetadata/v1/instance/service-accounts/default/?recursive=true
2024-08-28 21:41:07 - urllib3.connectionpool - DEBUG - Starting new HTTP connection (1): metadata.google.internal:80
2024-08-28 21:41:07 - urllib3.connectionpool - DEBUG - http://metadata.google.internal:80 "GET /computeMetadata/v1/instance/service-accounts/default/?recursive=true HTTP/10" 200 None
2024-08-28 21:41:07 - google.auth.transport.requests - DEBUG - Making request: GET http://metadata.google.internal/computeMetadata/v1/instance/service-accounts/bamidele.tewogbade1@gmail.com/token?scopes=https%3A%2F%2Fwww.googleapis.com%2Fauth%2Fdevstorage.full_control%2Chttps%3A%2F%2Fwww.googleapis.com%2Fauth%2Fdevstorage.read_only%2Chttps%3A%2F%2Fwww.googleapis.com%2Fauth%2Fdevstorage.read_write
2024-08-28 21:41:07 - urllib3.connectionpool - DEBUG - Resetting dropped connection: metadata.google.internal
2024-08-28 21:41:07 - urllib3.connectionpool - DEBUG - http://metadata.google.internal:80 "GET /computeMetadata/v1/instance/service-accounts/bamidele.tewogbade1@gmail.com/token?scopes=https%3A%2F%2Fwww.googleapis.com%2Fauth%2Fdevstorage.full_control%2Chttps%3A%2F%2Fwww.googleapis.com%2Fauth%2Fdevstorage.read_only%2Chttps%3A%2F%2Fwww.googleapis.com%2Fauth%2Fdevstorage.read_write HTTP/10" 200 None
2024-08-28 21:41:07 - urllib3.connectionpool - DEBUG - Starting new HTTPS connection (1): storage.googleapis.com:443
2024-08-28 21:41:07 - __main__ - DEBUG - File 'Olusegun Tewogbade.pdf' allowed: True
2024-08-28 21:41:07 - __main__ - DEBUG - Directory already exists at temp_uploads
2024-08-28 21:41:07 - __main__ - INFO - File saved locally at temp_uploads/Olusegun_Tewogbade.pdf
2024-08-28 21:41:07 - google.auth._default - DEBUG - Checking None for explicit credentials as part of auth process...
2024-08-28 21:41:07 - google.auth._default - DEBUG - Checking Cloud SDK credentials as part of auth process...
2024-08-28 21:41:07 - google.auth._default - DEBUG - Cloud SDK credentials not found on disk; not using them
2024-08-28 21:41:07 - google.auth.transport._http_client - DEBUG - Making request: GET http://169.254.169.254
2024-08-28 21:41:07 - google.auth.transport._http_client - DEBUG - Making request: GET http://metadata.google.internal/computeMetadata/v1/project/project-id
2024-08-28 21:41:07 - google.auth._default - WARNING - No project ID could be determined. Consider running `gcloud config set project` or setting the GOOGLE_CLOUD_PROJECT environment variable
2024-08-28 21:41:07 - google.auth._default - DEBUG - Checking None for explicit credentials as part of auth process...
2024-08-28 21:41:07 - google.auth._default - DEBUG - Checking Cloud SDK credentials as part of auth process...
2024-08-28 21:41:07 - google.auth._default - DEBUG - Cloud SDK credentials not found on disk; not using them
2024-08-28 21:41:07 - google.auth.transport._http_client - DEBUG - Making request: GET http://169.254.169.254
2024-08-28 21:41:07 - google.auth.transport._http_client - DEBUG - Making request: GET http://metadata.google.internal/computeMetadata/v1/project/project-id
2024-08-28 21:41:07 - google.auth._default - WARNING - No project ID could be determined. Consider running `gcloud config set project` or setting the GOOGLE_CLOUD_PROJECT environment variable
2024-08-28 21:41:07 - google.auth.transport.requests - DEBUG - Making request: GET http://metadata.google.internal/computeMetadata/v1/universe/universe_domain
2024-08-28 21:41:07 - urllib3.connectionpool - DEBUG - Starting new HTTP connection (1): metadata.google.internal:80
2024-08-28 21:41:07 - urllib3.connectionpool - DEBUG - http://metadata.google.internal:80 "GET /computeMetadata/v1/universe/universe_domain HTTP/10" 404 None
2024-08-28 21:41:07 - urllib3.util.retry - DEBUG - Converted retries value: 3 -> Retry(total=3, connect=None, read=None, redirect=None, status=None)
2024-08-28 21:41:07 - google.auth.transport.requests - DEBUG - Making request: GET http://metadata.google.internal/computeMetadata/v1/instance/service-accounts/default/?recursive=true
2024-08-28 21:41:07 - urllib3.connectionpool - DEBUG - Starting new HTTP connection (1): metadata.google.internal:80
2024-08-28 21:41:07 - urllib3.connectionpool - DEBUG - http://metadata.google.internal:80 "GET /computeMetadata/v1/instance/service-accounts/default/?recursive=true HTTP/10" 200 None
2024-08-28 21:41:07 - google.auth.transport.requests - DEBUG - Making request: GET http://metadata.google.internal/computeMetadata/v1/instance/service-accounts/bamidele.tewogbade1@gmail.com/token?scopes=https%3A%2F%2Fwww.googleapis.com%2Fauth%2Fdevstorage.full_control%2Chttps%3A%2F%2Fwww.googleapis.com%2Fauth%2Fdevstorage.read_only%2Chttps%3A%2F%2Fwww.googleapis.com%2Fauth%2Fdevstorage.read_write
2024-08-28 21:41:07 - urllib3.connectionpool - DEBUG - Resetting dropped connection: metadata.google.internal
2024-08-28 21:41:07 - urllib3.connectionpool - DEBUG - http://metadata.google.internal:80 "GET /computeMetadata/v1/instance/service-accounts/bamidele.tewogbade1@gmail.com/token?scopes=https%3A%2F%2Fwww.googleapis.com%2Fauth%2Fdevstorage.full_control%2Chttps%3A%2F%2Fwww.googleapis.com%2Fauth%2Fdevstorage.read_only%2Chttps%3A%2F%2Fwww.googleapis.com%2Fauth%2Fdevstorage.read_write HTTP/10" 200 None
2024-08-28 21:41:07 - urllib3.connectionpool - DEBUG - Starting new HTTPS connection (1): storage.googleapis.com:443
2024-08-28 21:41:08 - urllib3.connectionpool - DEBUG - https://storage.googleapis.com:443 "GET /download/storage/v1/b/genaiq_storage/o/uploads%2FOlusegun_Tewogbade.pdf?alt=media HTTP/11" 200 140304
2024-08-28 21:41:08 - __main__ - ERROR - Exception during feedback page generation: name 'os' is not defined
2024-08-28 21:41:08 - __main__ - INFO - Local file temp_uploads/Olusegun_Tewogbade.pdf removed after processing.
2024-08-28 21:41:08 - werkzeug - INFO - 127.0.0.1 - - [28/Aug/2024 21:41:08] "[35m[1mPOST /get_feedback_page HTTP/1.1[0m" 500 -
2024-08-28 21:41:08 - urllib3.connectionpool - DEBUG - https://storage.googleapis.com:443 "POST /upload/storage/v1/b/genaiq_storage/o?uploadType=multipart HTTP/11" 200 830
2024-08-28 21:41:08 - __main__ - INFO - File uploaded to GCS at gs://genaiq_storage/uploads/Olusegun_Tewogbade.pdf
2024-08-28 21:41:08 - google.auth._default - DEBUG - Checking None for explicit credentials as part of auth process...
2024-08-28 21:41:08 - google.auth._default - DEBUG - Checking Cloud SDK credentials as part of auth process...
2024-08-28 21:41:08 - google.auth._default - DEBUG - Cloud SDK credentials not found on disk; not using them
2024-08-28 21:41:08 - google.auth.transport._http_client - DEBUG - Making request: GET http://169.254.169.254
2024-08-28 21:41:08 - google.auth.transport._http_client - DEBUG - Making request: GET http://metadata.google.internal/computeMetadata/v1/project/project-id
2024-08-28 21:41:08 - google.auth._default - WARNING - No project ID could be determined. Consider running `gcloud config set project` or setting the GOOGLE_CLOUD_PROJECT environment variable
2024-08-28 21:41:08 - google.auth._default - DEBUG - Checking None for explicit credentials as part of auth process...
2024-08-28 21:41:08 - google.auth._default - DEBUG - Checking Cloud SDK credentials as part of auth process...
2024-08-28 21:41:08 - google.auth._default - DEBUG - Cloud SDK credentials not found on disk; not using them
2024-08-28 21:41:08 - google.auth.transport._http_client - DEBUG - Making request: GET http://169.254.169.254
2024-08-28 21:41:08 - google.auth.transport._http_client - DEBUG - Making request: GET http://metadata.google.internal/computeMetadata/v1/project/project-id
2024-08-28 21:41:08 - google.auth._default - WARNING - No project ID could be determined. Consider running `gcloud config set project` or setting the GOOGLE_CLOUD_PROJECT environment variable
2024-08-28 21:41:08 - google.auth.transport.requests - DEBUG - Making request: GET http://metadata.google.internal/computeMetadata/v1/universe/universe_domain
2024-08-28 21:41:08 - urllib3.connectionpool - DEBUG - Starting new HTTP connection (1): metadata.google.internal:80
2024-08-28 21:41:08 - urllib3.connectionpool - DEBUG - http://metadata.google.internal:80 "GET /computeMetadata/v1/universe/universe_domain HTTP/10" 404 None
2024-08-28 21:41:08 - urllib3.util.retry - DEBUG - Converted retries value: 3 -> Retry(total=3, connect=None, read=None, redirect=None, status=None)
2024-08-28 21:41:08 - google.auth.transport.requests - DEBUG - Making request: GET http://metadata.google.internal/computeMetadata/v1/instance/service-accounts/default/?recursive=true
2024-08-28 21:41:08 - urllib3.connectionpool - DEBUG - Starting new HTTP connection (1): metadata.google.internal:80
2024-08-28 21:41:08 - urllib3.connectionpool - DEBUG - http://metadata.google.internal:80 "GET /computeMetadata/v1/instance/service-accounts/default/?recursive=true HTTP/10" 200 None
2024-08-28 21:41:08 - google.auth.transport.requests - DEBUG - Making request: GET http://metadata.google.internal/computeMetadata/v1/instance/service-accounts/bamidele.tewogbade1@gmail.com/token?scopes=https%3A%2F%2Fwww.googleapis.com%2Fauth%2Fdevstorage.full_control%2Chttps%3A%2F%2Fwww.googleapis.com%2Fauth%2Fdevstorage.read_only%2Chttps%3A%2F%2Fwww.googleapis.com%2Fauth%2Fdevstorage.read_write
2024-08-28 21:41:08 - urllib3.connectionpool - DEBUG - Resetting dropped connection: metadata.google.internal
2024-08-28 21:41:08 - urllib3.connectionpool - DEBUG - http://metadata.google.internal:80 "GET /computeMetadata/v1/instance/service-accounts/bamidele.tewogbade1@gmail.com/token?scopes=https%3A%2F%2Fwww.googleapis.com%2Fauth%2Fdevstorage.full_control%2Chttps%3A%2F%2Fwww.googleapis.com%2Fauth%2Fdevstorage.read_only%2Chttps%3A%2F%2Fwww.googleapis.com%2Fauth%2Fdevstorage.read_write HTTP/10" 200 None
2024-08-28 21:41:08 - urllib3.connectionpool - DEBUG - Starting new HTTPS connection (1): storage.googleapis.com:443
2024-08-28 21:41:08 - urllib3.connectionpool - DEBUG - https://storage.googleapis.com:443 "POST /upload/storage/v1/b/genaiq_storage/o?uploadType=multipart HTTP/11" 200 830
2024-08-28 21:41:08 - __main__ - INFO - File uploaded to GCS at gs://genaiq_storage/uploads/Olusegun_Tewogbade.pdf
2024-08-28 21:41:08 - google.auth._default - DEBUG - Checking None for explicit credentials as part of auth process...
2024-08-28 21:41:08 - google.auth._default - DEBUG - Checking Cloud SDK credentials as part of auth process...
2024-08-28 21:41:08 - google.auth._default - DEBUG - Cloud SDK credentials not found on disk; not using them
2024-08-28 21:41:08 - google.auth.transport._http_client - DEBUG - Making request: GET http://169.254.169.254
2024-08-28 21:41:08 - google.auth.transport._http_client - DEBUG - Making request: GET http://metadata.google.internal/computeMetadata/v1/project/project-id
2024-08-28 21:41:08 - google.auth._default - WARNING - No project ID could be determined. Consider running `gcloud config set project` or setting the GOOGLE_CLOUD_PROJECT environment variable
2024-08-28 21:41:08 - google.auth._default - DEBUG - Checking None for explicit credentials as part of auth process...
2024-08-28 21:41:08 - google.auth._default - DEBUG - Checking Cloud SDK credentials as part of auth process...
2024-08-28 21:41:08 - google.auth._default - DEBUG - Cloud SDK credentials not found on disk; not using them
2024-08-28 21:41:08 - google.auth.transport._http_client - DEBUG - Making request: GET http://169.254.169.254
2024-08-28 21:41:08 - google.auth.transport._http_client - DEBUG - Making request: GET http://metadata.google.internal/computeMetadata/v1/project/project-id
2024-08-28 21:41:08 - google.auth._default - WARNING - No project ID could be determined. Consider running `gcloud config set project` or setting the GOOGLE_CLOUD_PROJECT environment variable
2024-08-28 21:41:08 - google.auth.transport.requests - DEBUG - Making request: GET http://metadata.google.internal/computeMetadata/v1/universe/universe_domain
2024-08-28 21:41:08 - urllib3.connectionpool - DEBUG - Starting new HTTP connection (1): metadata.google.internal:80
2024-08-28 21:41:08 - urllib3.connectionpool - DEBUG - http://metadata.google.internal:80 "GET /computeMetadata/v1/universe/universe_domain HTTP/10" 404 None
2024-08-28 21:41:08 - urllib3.util.retry - DEBUG - Converted retries value: 3 -> Retry(total=3, connect=None, read=None, redirect=None, status=None)
2024-08-28 21:41:08 - google.auth.transport.requests - DEBUG - Making request: GET http://metadata.google.internal/computeMetadata/v1/instance/service-accounts/default/?recursive=true
2024-08-28 21:41:08 - urllib3.connectionpool - DEBUG - Starting new HTTP connection (1): metadata.google.internal:80
2024-08-28 21:41:08 - urllib3.connectionpool - DEBUG - http://metadata.google.internal:80 "GET /computeMetadata/v1/instance/service-accounts/default/?recursive=true HTTP/10" 200 None
2024-08-28 21:41:08 - google.auth.transport.requests - DEBUG - Making request: GET http://metadata.google.internal/computeMetadata/v1/instance/service-accounts/bamidele.tewogbade1@gmail.com/token?scopes=https%3A%2F%2Fwww.googleapis.com%2Fauth%2Fdevstorage.full_control%2Chttps%3A%2F%2Fwww.googleapis.com%2Fauth%2Fdevstorage.read_only%2Chttps%3A%2F%2Fwww.googleapis.com%2Fauth%2Fdevstorage.read_write
2024-08-28 21:41:08 - urllib3.connectionpool - DEBUG - Resetting dropped connection: metadata.google.internal
2024-08-28 21:41:08 - urllib3.connectionpool - DEBUG - http://metadata.google.internal:80 "GET /computeMetadata/v1/instance/service-accounts/bamidele.tewogbade1@gmail.com/token?scopes=https%3A%2F%2Fwww.googleapis.com%2Fauth%2Fdevstorage.full_control%2Chttps%3A%2F%2Fwww.googleapis.com%2Fauth%2Fdevstorage.read_only%2Chttps%3A%2F%2Fwww.googleapis.com%2Fauth%2Fdevstorage.read_write HTTP/10" 200 None
2024-08-28 21:41:08 - urllib3.connectionpool - DEBUG - Starting new HTTPS connection (1): storage.googleapis.com:443
2024-08-28 21:41:09 - urllib3.connectionpool - DEBUG - https://storage.googleapis.com:443 "GET /download/storage/v1/b/genaiq_storage/o/uploads%2FOlusegun_Tewogbade.pdf?alt=media HTTP/11" 200 140304
2024-08-28 21:41:09 - urllib3.connectionpool - DEBUG - https://storage.googleapis.com:443 "GET /download/storage/v1/b/genaiq_storage/o/uploads%2FOlusegun_Tewogbade.pdf?alt=media HTTP/11" 200 140304
2024-08-28 21:41:09 - __main__ - ERROR - Exception during feedback page generation: name 'os' is not defined
2024-08-28 21:41:09 - werkzeug - INFO - 127.0.0.1 - - [28/Aug/2024 21:41:09] "[35m[1mPOST /get_feedback_page HTTP/1.1[0m" 500 -
2024-08-28 21:41:09 - __main__ - ERROR - Exception during feedback page generation: name 'os' is not defined
2024-08-28 21:41:09 - werkzeug - INFO - 127.0.0.1 - - [28/Aug/2024 21:41:09] "[35m[1mPOST /get_feedback_page HTTP/1.1[0m" 500 -
2024-08-28 21:42:14 - werkzeug - INFO -  * Detected change in '/home/bamidele_tewogbade1/genaiq/backend/app.py', reloading
2024-08-28 21:42:18 - __main__ - INFO - Logging is set up.
2024-08-28 21:42:18 - __main__ - DEBUG - Directory already exists at temp_uploads/
2024-08-28 21:42:18 - werkzeug - WARNING -  * Debugger is active!
2024-08-28 21:42:18 - werkzeug - INFO -  * Debugger PIN: 158-474-600
2024-08-28 21:42:28 - werkzeug - INFO -  * Detected change in '/home/bamidele_tewogbade1/genaiq/backend/app.py', reloading
2024-08-28 21:42:31 - __main__ - INFO - Logging is set up.
2024-08-28 21:42:31 - __main__ - DEBUG - Directory already exists at temp_uploads/
2024-08-28 21:42:31 - werkzeug - WARNING -  * Debugger is active!
2024-08-28 21:42:31 - werkzeug - INFO -  * Debugger PIN: 158-474-600
2024-08-28 21:42:39 - werkzeug - INFO -  * Detected change in '/home/bamidele_tewogbade1/genaiq/backend/app.py', reloading
2024-08-28 21:42:42 - __main__ - INFO - Logging is set up.
2024-08-28 21:42:42 - __main__ - DEBUG - Directory already exists at temp_uploads/
2024-08-28 21:42:42 - werkzeug - WARNING -  * Debugger is active!
2024-08-28 21:42:42 - werkzeug - INFO -  * Debugger PIN: 158-474-600
2024-08-28 22:01:34 - __main__ - INFO - Logging is set up.
2024-08-28 22:01:34 - __main__ - DEBUG - Directory already exists at temp_uploads/
2024-08-28 22:01:34 - werkzeug - INFO - [31m[1mWARNING: This is a development server. Do not use it in a production deployment. Use a production WSGI server instead.[0m
 * Running on http://127.0.0.1:5000
2024-08-28 22:01:34 - werkzeug - INFO - [33mPress CTRL+C to quit[0m
2024-08-28 22:01:34 - werkzeug - INFO -  * Restarting with stat
2024-08-28 22:01:36 - __main__ - INFO - Logging is set up.
2024-08-28 22:01:36 - __main__ - DEBUG - Directory already exists at temp_uploads/
2024-08-28 22:01:36 - werkzeug - WARNING -  * Debugger is active!
2024-08-28 22:01:36 - werkzeug - INFO -  * Debugger PIN: 158-474-600
2024-08-28 22:01:41 - werkzeug - INFO - 127.0.0.1 - - [28/Aug/2024 22:01:41] "GET /upload_resume_page HTTP/1.1" 200 -
2024-08-28 22:01:56 - __main__ - DEBUG - File 'Olusegun Tewogbade.pdf' allowed: True
2024-08-28 22:01:56 - __main__ - DEBUG - Directory already exists at temp_uploads
2024-08-28 22:01:56 - __main__ - INFO - File saved locally at temp_uploads/Olusegun_Tewogbade.pdf
2024-08-28 22:01:56 - google.auth._default - DEBUG - Checking None for explicit credentials as part of auth process...
2024-08-28 22:01:56 - google.auth._default - DEBUG - Checking Cloud SDK credentials as part of auth process...
2024-08-28 22:01:56 - google.auth._default - DEBUG - Cloud SDK credentials not found on disk; not using them
2024-08-28 22:01:56 - google.auth.transport._http_client - DEBUG - Making request: GET http://169.254.169.254
2024-08-28 22:01:56 - google.auth.transport._http_client - DEBUG - Making request: GET http://metadata.google.internal/computeMetadata/v1/project/project-id
2024-08-28 22:01:56 - google.auth.transport.requests - DEBUG - Making request: GET http://metadata.google.internal/computeMetadata/v1/universe/universe_domain
2024-08-28 22:01:56 - urllib3.connectionpool - DEBUG - Starting new HTTP connection (1): metadata.google.internal:80
2024-08-28 22:01:56 - urllib3.connectionpool - DEBUG - http://metadata.google.internal:80 "GET /computeMetadata/v1/universe/universe_domain HTTP/10" 404 None
2024-08-28 22:01:56 - urllib3.util.retry - DEBUG - Converted retries value: 3 -> Retry(total=3, connect=None, read=None, redirect=None, status=None)
2024-08-28 22:01:56 - google.auth.transport.requests - DEBUG - Making request: GET http://metadata.google.internal/computeMetadata/v1/instance/service-accounts/default/?recursive=true
2024-08-28 22:01:56 - urllib3.connectionpool - DEBUG - Starting new HTTP connection (1): metadata.google.internal:80
2024-08-28 22:01:56 - urllib3.connectionpool - DEBUG - http://metadata.google.internal:80 "GET /computeMetadata/v1/instance/service-accounts/default/?recursive=true HTTP/10" 200 None
2024-08-28 22:01:56 - google.auth.transport.requests - DEBUG - Making request: GET http://metadata.google.internal/computeMetadata/v1/instance/service-accounts/bamidele.tewogbade1@gmail.com/token?scopes=https%3A%2F%2Fwww.googleapis.com%2Fauth%2Fdevstorage.full_control%2Chttps%3A%2F%2Fwww.googleapis.com%2Fauth%2Fdevstorage.read_only%2Chttps%3A%2F%2Fwww.googleapis.com%2Fauth%2Fdevstorage.read_write
2024-08-28 22:01:56 - urllib3.connectionpool - DEBUG - Resetting dropped connection: metadata.google.internal
2024-08-28 22:01:56 - urllib3.connectionpool - DEBUG - http://metadata.google.internal:80 "GET /computeMetadata/v1/instance/service-accounts/bamidele.tewogbade1@gmail.com/token?scopes=https%3A%2F%2Fwww.googleapis.com%2Fauth%2Fdevstorage.full_control%2Chttps%3A%2F%2Fwww.googleapis.com%2Fauth%2Fdevstorage.read_only%2Chttps%3A%2F%2Fwww.googleapis.com%2Fauth%2Fdevstorage.read_write HTTP/10" 200 None
2024-08-28 22:01:56 - urllib3.connectionpool - DEBUG - Starting new HTTPS connection (1): storage.googleapis.com:443
2024-08-28 22:01:57 - urllib3.connectionpool - DEBUG - https://storage.googleapis.com:443 "POST /upload/storage/v1/b/genaiq_storage/o?uploadType=multipart HTTP/11" 200 830
2024-08-28 22:01:57 - __main__ - INFO - File uploaded to GCS at gs://genaiq_storage/uploads/Olusegun_Tewogbade.pdf
2024-08-28 22:01:57 - google.auth._default - DEBUG - Checking None for explicit credentials as part of auth process...
2024-08-28 22:01:57 - google.auth._default - DEBUG - Checking Cloud SDK credentials as part of auth process...
2024-08-28 22:01:57 - google.auth._default - DEBUG - Cloud SDK credentials not found on disk; not using them
2024-08-28 22:01:57 - google.auth.transport._http_client - DEBUG - Making request: GET http://169.254.169.254
2024-08-28 22:01:57 - google.auth.transport._http_client - DEBUG - Making request: GET http://metadata.google.internal/computeMetadata/v1/project/project-id
2024-08-28 22:01:57 - google.auth.transport.requests - DEBUG - Making request: GET http://metadata.google.internal/computeMetadata/v1/universe/universe_domain
2024-08-28 22:01:57 - urllib3.connectionpool - DEBUG - Starting new HTTP connection (1): metadata.google.internal:80
2024-08-28 22:01:57 - urllib3.connectionpool - DEBUG - http://metadata.google.internal:80 "GET /computeMetadata/v1/universe/universe_domain HTTP/10" 404 None
2024-08-28 22:01:57 - urllib3.util.retry - DEBUG - Converted retries value: 3 -> Retry(total=3, connect=None, read=None, redirect=None, status=None)
2024-08-28 22:01:57 - google.auth.transport.requests - DEBUG - Making request: GET http://metadata.google.internal/computeMetadata/v1/instance/service-accounts/default/?recursive=true
2024-08-28 22:01:57 - urllib3.connectionpool - DEBUG - Starting new HTTP connection (1): metadata.google.internal:80
2024-08-28 22:01:57 - urllib3.connectionpool - DEBUG - http://metadata.google.internal:80 "GET /computeMetadata/v1/instance/service-accounts/default/?recursive=true HTTP/10" 200 None
2024-08-28 22:01:57 - google.auth.transport.requests - DEBUG - Making request: GET http://metadata.google.internal/computeMetadata/v1/instance/service-accounts/bamidele.tewogbade1@gmail.com/token?scopes=https%3A%2F%2Fwww.googleapis.com%2Fauth%2Fdevstorage.full_control%2Chttps%3A%2F%2Fwww.googleapis.com%2Fauth%2Fdevstorage.read_only%2Chttps%3A%2F%2Fwww.googleapis.com%2Fauth%2Fdevstorage.read_write
2024-08-28 22:01:57 - urllib3.connectionpool - DEBUG - Resetting dropped connection: metadata.google.internal
2024-08-28 22:01:57 - urllib3.connectionpool - DEBUG - http://metadata.google.internal:80 "GET /computeMetadata/v1/instance/service-accounts/bamidele.tewogbade1@gmail.com/token?scopes=https%3A%2F%2Fwww.googleapis.com%2Fauth%2Fdevstorage.full_control%2Chttps%3A%2F%2Fwww.googleapis.com%2Fauth%2Fdevstorage.read_only%2Chttps%3A%2F%2Fwww.googleapis.com%2Fauth%2Fdevstorage.read_write HTTP/10" 200 None
2024-08-28 22:01:57 - urllib3.connectionpool - DEBUG - Starting new HTTPS connection (1): storage.googleapis.com:443
2024-08-28 22:01:58 - urllib3.connectionpool - DEBUG - https://storage.googleapis.com:443 "GET /download/storage/v1/b/genaiq_storage/o/uploads%2FOlusegun_Tewogbade.pdf?alt=media HTTP/11" 200 140304
2024-08-28 22:01:58 - __main__ - ERROR - Exception during feedback page generation: name 'os' is not defined
2024-08-28 22:01:58 - __main__ - INFO - Local file temp_uploads/Olusegun_Tewogbade.pdf removed after processing.
2024-08-28 22:01:58 - werkzeug - INFO - 127.0.0.1 - - [28/Aug/2024 22:01:58] "[35m[1mPOST /get_feedback_page HTTP/1.1[0m" 500 -
2024-08-28 22:01:59 - __main__ - DEBUG - File 'Olusegun Tewogbade.pdf' allowed: True
2024-08-28 22:01:59 - __main__ - DEBUG - Directory already exists at temp_uploads
2024-08-28 22:01:59 - __main__ - INFO - File saved locally at temp_uploads/Olusegun_Tewogbade.pdf
2024-08-28 22:01:59 - google.auth._default - DEBUG - Checking None for explicit credentials as part of auth process...
2024-08-28 22:01:59 - google.auth._default - DEBUG - Checking Cloud SDK credentials as part of auth process...
2024-08-28 22:01:59 - google.auth._default - DEBUG - Cloud SDK credentials not found on disk; not using them
2024-08-28 22:01:59 - google.auth.transport._http_client - DEBUG - Making request: GET http://169.254.169.254
2024-08-28 22:01:59 - google.auth.transport._http_client - DEBUG - Making request: GET http://metadata.google.internal/computeMetadata/v1/project/project-id
2024-08-28 22:01:59 - google.auth.transport.requests - DEBUG - Making request: GET http://metadata.google.internal/computeMetadata/v1/universe/universe_domain
2024-08-28 22:01:59 - urllib3.connectionpool - DEBUG - Starting new HTTP connection (1): metadata.google.internal:80
2024-08-28 22:01:59 - urllib3.connectionpool - DEBUG - http://metadata.google.internal:80 "GET /computeMetadata/v1/universe/universe_domain HTTP/10" 404 None
2024-08-28 22:01:59 - urllib3.util.retry - DEBUG - Converted retries value: 3 -> Retry(total=3, connect=None, read=None, redirect=None, status=None)
2024-08-28 22:01:59 - google.auth.transport.requests - DEBUG - Making request: GET http://metadata.google.internal/computeMetadata/v1/instance/service-accounts/default/?recursive=true
2024-08-28 22:01:59 - urllib3.connectionpool - DEBUG - Starting new HTTP connection (1): metadata.google.internal:80
2024-08-28 22:01:59 - urllib3.connectionpool - DEBUG - http://metadata.google.internal:80 "GET /computeMetadata/v1/instance/service-accounts/default/?recursive=true HTTP/10" 200 None
2024-08-28 22:01:59 - google.auth.transport.requests - DEBUG - Making request: GET http://metadata.google.internal/computeMetadata/v1/instance/service-accounts/bamidele.tewogbade1@gmail.com/token?scopes=https%3A%2F%2Fwww.googleapis.com%2Fauth%2Fdevstorage.full_control%2Chttps%3A%2F%2Fwww.googleapis.com%2Fauth%2Fdevstorage.read_only%2Chttps%3A%2F%2Fwww.googleapis.com%2Fauth%2Fdevstorage.read_write
2024-08-28 22:01:59 - urllib3.connectionpool - DEBUG - Resetting dropped connection: metadata.google.internal
2024-08-28 22:01:59 - urllib3.connectionpool - DEBUG - http://metadata.google.internal:80 "GET /computeMetadata/v1/instance/service-accounts/bamidele.tewogbade1@gmail.com/token?scopes=https%3A%2F%2Fwww.googleapis.com%2Fauth%2Fdevstorage.full_control%2Chttps%3A%2F%2Fwww.googleapis.com%2Fauth%2Fdevstorage.read_only%2Chttps%3A%2F%2Fwww.googleapis.com%2Fauth%2Fdevstorage.read_write HTTP/10" 200 None
2024-08-28 22:01:59 - urllib3.connectionpool - DEBUG - Starting new HTTPS connection (1): storage.googleapis.com:443
2024-08-28 22:01:59 - __main__ - DEBUG - File 'Olusegun Tewogbade.pdf' allowed: True
2024-08-28 22:01:59 - __main__ - DEBUG - Directory already exists at temp_uploads
2024-08-28 22:01:59 - __main__ - INFO - File saved locally at temp_uploads/Olusegun_Tewogbade.pdf
2024-08-28 22:01:59 - google.auth._default - DEBUG - Checking None for explicit credentials as part of auth process...
2024-08-28 22:01:59 - google.auth._default - DEBUG - Checking Cloud SDK credentials as part of auth process...
2024-08-28 22:01:59 - google.auth._default - DEBUG - Cloud SDK credentials not found on disk; not using them
2024-08-28 22:01:59 - google.auth.transport._http_client - DEBUG - Making request: GET http://169.254.169.254
2024-08-28 22:01:59 - google.auth.transport._http_client - DEBUG - Making request: GET http://metadata.google.internal/computeMetadata/v1/project/project-id
2024-08-28 22:01:59 - google.auth.transport.requests - DEBUG - Making request: GET http://metadata.google.internal/computeMetadata/v1/universe/universe_domain
2024-08-28 22:01:59 - urllib3.connectionpool - DEBUG - Starting new HTTP connection (1): metadata.google.internal:80
2024-08-28 22:01:59 - urllib3.connectionpool - DEBUG - http://metadata.google.internal:80 "GET /computeMetadata/v1/universe/universe_domain HTTP/10" 404 None
2024-08-28 22:01:59 - urllib3.util.retry - DEBUG - Converted retries value: 3 -> Retry(total=3, connect=None, read=None, redirect=None, status=None)
2024-08-28 22:01:59 - google.auth.transport.requests - DEBUG - Making request: GET http://metadata.google.internal/computeMetadata/v1/instance/service-accounts/default/?recursive=true
2024-08-28 22:01:59 - urllib3.connectionpool - DEBUG - Starting new HTTP connection (1): metadata.google.internal:80
2024-08-28 22:01:59 - urllib3.connectionpool - DEBUG - http://metadata.google.internal:80 "GET /computeMetadata/v1/instance/service-accounts/default/?recursive=true HTTP/10" 200 None
2024-08-28 22:01:59 - google.auth.transport.requests - DEBUG - Making request: GET http://metadata.google.internal/computeMetadata/v1/instance/service-accounts/bamidele.tewogbade1@gmail.com/token?scopes=https%3A%2F%2Fwww.googleapis.com%2Fauth%2Fdevstorage.full_control%2Chttps%3A%2F%2Fwww.googleapis.com%2Fauth%2Fdevstorage.read_only%2Chttps%3A%2F%2Fwww.googleapis.com%2Fauth%2Fdevstorage.read_write
2024-08-28 22:01:59 - urllib3.connectionpool - DEBUG - Resetting dropped connection: metadata.google.internal
2024-08-28 22:01:59 - urllib3.connectionpool - DEBUG - http://metadata.google.internal:80 "GET /computeMetadata/v1/instance/service-accounts/bamidele.tewogbade1@gmail.com/token?scopes=https%3A%2F%2Fwww.googleapis.com%2Fauth%2Fdevstorage.full_control%2Chttps%3A%2F%2Fwww.googleapis.com%2Fauth%2Fdevstorage.read_only%2Chttps%3A%2F%2Fwww.googleapis.com%2Fauth%2Fdevstorage.read_write HTTP/10" 200 None
2024-08-28 22:01:59 - urllib3.connectionpool - DEBUG - Starting new HTTPS connection (1): storage.googleapis.com:443
2024-08-28 22:02:00 - __main__ - DEBUG - File 'Olusegun Tewogbade.pdf' allowed: True
2024-08-28 22:02:00 - __main__ - DEBUG - Directory already exists at temp_uploads
2024-08-28 22:02:00 - __main__ - INFO - File saved locally at temp_uploads/Olusegun_Tewogbade.pdf
2024-08-28 22:02:00 - google.auth._default - DEBUG - Checking None for explicit credentials as part of auth process...
2024-08-28 22:02:00 - google.auth._default - DEBUG - Checking Cloud SDK credentials as part of auth process...
2024-08-28 22:02:00 - google.auth._default - DEBUG - Cloud SDK credentials not found on disk; not using them
2024-08-28 22:02:00 - google.auth.transport._http_client - DEBUG - Making request: GET http://169.254.169.254
2024-08-28 22:02:00 - google.auth.transport._http_client - DEBUG - Making request: GET http://metadata.google.internal/computeMetadata/v1/project/project-id
2024-08-28 22:02:00 - google.auth.transport.requests - DEBUG - Making request: GET http://metadata.google.internal/computeMetadata/v1/universe/universe_domain
2024-08-28 22:02:00 - urllib3.connectionpool - DEBUG - Starting new HTTP connection (1): metadata.google.internal:80
2024-08-28 22:02:00 - urllib3.connectionpool - DEBUG - http://metadata.google.internal:80 "GET /computeMetadata/v1/universe/universe_domain HTTP/10" 404 None
2024-08-28 22:02:00 - urllib3.util.retry - DEBUG - Converted retries value: 3 -> Retry(total=3, connect=None, read=None, redirect=None, status=None)
2024-08-28 22:02:00 - google.auth.transport.requests - DEBUG - Making request: GET http://metadata.google.internal/computeMetadata/v1/instance/service-accounts/default/?recursive=true
2024-08-28 22:02:00 - urllib3.connectionpool - DEBUG - Starting new HTTP connection (1): metadata.google.internal:80
2024-08-28 22:02:00 - urllib3.connectionpool - DEBUG - http://metadata.google.internal:80 "GET /computeMetadata/v1/instance/service-accounts/default/?recursive=true HTTP/10" 200 None
2024-08-28 22:02:00 - google.auth.transport.requests - DEBUG - Making request: GET http://metadata.google.internal/computeMetadata/v1/instance/service-accounts/bamidele.tewogbade1@gmail.com/token?scopes=https%3A%2F%2Fwww.googleapis.com%2Fauth%2Fdevstorage.full_control%2Chttps%3A%2F%2Fwww.googleapis.com%2Fauth%2Fdevstorage.read_only%2Chttps%3A%2F%2Fwww.googleapis.com%2Fauth%2Fdevstorage.read_write
2024-08-28 22:02:00 - urllib3.connectionpool - DEBUG - Resetting dropped connection: metadata.google.internal
2024-08-28 22:02:00 - urllib3.connectionpool - DEBUG - http://metadata.google.internal:80 "GET /computeMetadata/v1/instance/service-accounts/bamidele.tewogbade1@gmail.com/token?scopes=https%3A%2F%2Fwww.googleapis.com%2Fauth%2Fdevstorage.full_control%2Chttps%3A%2F%2Fwww.googleapis.com%2Fauth%2Fdevstorage.read_only%2Chttps%3A%2F%2Fwww.googleapis.com%2Fauth%2Fdevstorage.read_write HTTP/10" 200 None
2024-08-28 22:02:00 - urllib3.connectionpool - DEBUG - Starting new HTTPS connection (1): storage.googleapis.com:443
2024-08-28 22:02:00 - urllib3.connectionpool - DEBUG - https://storage.googleapis.com:443 "POST /upload/storage/v1/b/genaiq_storage/o?uploadType=multipart HTTP/11" 200 830
2024-08-28 22:02:00 - __main__ - INFO - File uploaded to GCS at gs://genaiq_storage/uploads/Olusegun_Tewogbade.pdf
2024-08-28 22:02:00 - google.auth._default - DEBUG - Checking None for explicit credentials as part of auth process...
2024-08-28 22:02:00 - google.auth._default - DEBUG - Checking Cloud SDK credentials as part of auth process...
2024-08-28 22:02:00 - google.auth._default - DEBUG - Cloud SDK credentials not found on disk; not using them
2024-08-28 22:02:00 - google.auth.transport._http_client - DEBUG - Making request: GET http://169.254.169.254
2024-08-28 22:02:00 - google.auth.transport._http_client - DEBUG - Making request: GET http://metadata.google.internal/computeMetadata/v1/project/project-id
2024-08-28 22:02:00 - google.auth.transport.requests - DEBUG - Making request: GET http://metadata.google.internal/computeMetadata/v1/universe/universe_domain
2024-08-28 22:02:00 - urllib3.connectionpool - DEBUG - Starting new HTTP connection (1): metadata.google.internal:80
2024-08-28 22:02:00 - urllib3.connectionpool - DEBUG - http://metadata.google.internal:80 "GET /computeMetadata/v1/universe/universe_domain HTTP/10" 404 None
2024-08-28 22:02:00 - urllib3.util.retry - DEBUG - Converted retries value: 3 -> Retry(total=3, connect=None, read=None, redirect=None, status=None)
2024-08-28 22:02:00 - google.auth.transport.requests - DEBUG - Making request: GET http://metadata.google.internal/computeMetadata/v1/instance/service-accounts/default/?recursive=true
2024-08-28 22:02:00 - urllib3.connectionpool - DEBUG - Starting new HTTP connection (1): metadata.google.internal:80
2024-08-28 22:02:00 - urllib3.connectionpool - DEBUG - http://metadata.google.internal:80 "GET /computeMetadata/v1/instance/service-accounts/default/?recursive=true HTTP/10" 200 None
2024-08-28 22:02:00 - google.auth.transport.requests - DEBUG - Making request: GET http://metadata.google.internal/computeMetadata/v1/instance/service-accounts/bamidele.tewogbade1@gmail.com/token?scopes=https%3A%2F%2Fwww.googleapis.com%2Fauth%2Fdevstorage.full_control%2Chttps%3A%2F%2Fwww.googleapis.com%2Fauth%2Fdevstorage.read_only%2Chttps%3A%2F%2Fwww.googleapis.com%2Fauth%2Fdevstorage.read_write
2024-08-28 22:02:00 - urllib3.connectionpool - DEBUG - Resetting dropped connection: metadata.google.internal
2024-08-28 22:02:00 - urllib3.connectionpool - DEBUG - http://metadata.google.internal:80 "GET /computeMetadata/v1/instance/service-accounts/bamidele.tewogbade1@gmail.com/token?scopes=https%3A%2F%2Fwww.googleapis.com%2Fauth%2Fdevstorage.full_control%2Chttps%3A%2F%2Fwww.googleapis.com%2Fauth%2Fdevstorage.read_only%2Chttps%3A%2F%2Fwww.googleapis.com%2Fauth%2Fdevstorage.read_write HTTP/10" 200 None
2024-08-28 22:02:00 - urllib3.connectionpool - DEBUG - Starting new HTTPS connection (1): storage.googleapis.com:443
2024-08-28 22:02:00 - __main__ - DEBUG - File 'Olusegun Tewogbade.pdf' allowed: True
2024-08-28 22:02:00 - __main__ - DEBUG - Directory already exists at temp_uploads
2024-08-28 22:02:00 - __main__ - INFO - File saved locally at temp_uploads/Olusegun_Tewogbade.pdf
2024-08-28 22:02:00 - google.auth._default - DEBUG - Checking None for explicit credentials as part of auth process...
2024-08-28 22:02:00 - google.auth._default - DEBUG - Checking Cloud SDK credentials as part of auth process...
2024-08-28 22:02:00 - google.auth._default - DEBUG - Cloud SDK credentials not found on disk; not using them
2024-08-28 22:02:00 - google.auth.transport._http_client - DEBUG - Making request: GET http://169.254.169.254
2024-08-28 22:02:00 - google.auth.transport._http_client - DEBUG - Making request: GET http://metadata.google.internal/computeMetadata/v1/project/project-id
2024-08-28 22:02:00 - google.auth.transport.requests - DEBUG - Making request: GET http://metadata.google.internal/computeMetadata/v1/universe/universe_domain
2024-08-28 22:02:00 - urllib3.connectionpool - DEBUG - Starting new HTTP connection (1): metadata.google.internal:80
2024-08-28 22:02:00 - urllib3.connectionpool - DEBUG - http://metadata.google.internal:80 "GET /computeMetadata/v1/universe/universe_domain HTTP/10" 404 None
2024-08-28 22:02:00 - urllib3.util.retry - DEBUG - Converted retries value: 3 -> Retry(total=3, connect=None, read=None, redirect=None, status=None)
2024-08-28 22:02:00 - google.auth.transport.requests - DEBUG - Making request: GET http://metadata.google.internal/computeMetadata/v1/instance/service-accounts/default/?recursive=true
2024-08-28 22:02:00 - urllib3.connectionpool - DEBUG - Starting new HTTP connection (1): metadata.google.internal:80
2024-08-28 22:02:00 - urllib3.connectionpool - DEBUG - http://metadata.google.internal:80 "GET /computeMetadata/v1/instance/service-accounts/default/?recursive=true HTTP/10" 200 None
2024-08-28 22:02:00 - google.auth.transport.requests - DEBUG - Making request: GET http://metadata.google.internal/computeMetadata/v1/instance/service-accounts/bamidele.tewogbade1@gmail.com/token?scopes=https%3A%2F%2Fwww.googleapis.com%2Fauth%2Fdevstorage.full_control%2Chttps%3A%2F%2Fwww.googleapis.com%2Fauth%2Fdevstorage.read_only%2Chttps%3A%2F%2Fwww.googleapis.com%2Fauth%2Fdevstorage.read_write
2024-08-28 22:02:00 - urllib3.connectionpool - DEBUG - Resetting dropped connection: metadata.google.internal
2024-08-28 22:02:00 - urllib3.connectionpool - DEBUG - http://metadata.google.internal:80 "GET /computeMetadata/v1/instance/service-accounts/bamidele.tewogbade1@gmail.com/token?scopes=https%3A%2F%2Fwww.googleapis.com%2Fauth%2Fdevstorage.full_control%2Chttps%3A%2F%2Fwww.googleapis.com%2Fauth%2Fdevstorage.read_only%2Chttps%3A%2F%2Fwww.googleapis.com%2Fauth%2Fdevstorage.read_write HTTP/10" 200 None
2024-08-28 22:02:00 - urllib3.connectionpool - DEBUG - Starting new HTTPS connection (1): storage.googleapis.com:443
2024-08-28 22:02:00 - urllib3.connectionpool - DEBUG - https://storage.googleapis.com:443 "POST /upload/storage/v1/b/genaiq_storage/o?uploadType=multipart HTTP/11" 200 830
2024-08-28 22:02:00 - __main__ - INFO - File uploaded to GCS at gs://genaiq_storage/uploads/Olusegun_Tewogbade.pdf
2024-08-28 22:02:00 - google.auth._default - DEBUG - Checking None for explicit credentials as part of auth process...
2024-08-28 22:02:00 - google.auth._default - DEBUG - Checking Cloud SDK credentials as part of auth process...
2024-08-28 22:02:00 - google.auth._default - DEBUG - Cloud SDK credentials not found on disk; not using them
2024-08-28 22:02:00 - google.auth.transport._http_client - DEBUG - Making request: GET http://169.254.169.254
2024-08-28 22:02:00 - google.auth.transport._http_client - DEBUG - Making request: GET http://metadata.google.internal/computeMetadata/v1/project/project-id
2024-08-28 22:02:00 - google.auth.transport.requests - DEBUG - Making request: GET http://metadata.google.internal/computeMetadata/v1/universe/universe_domain
2024-08-28 22:02:00 - urllib3.connectionpool - DEBUG - Starting new HTTP connection (1): metadata.google.internal:80
2024-08-28 22:02:00 - urllib3.connectionpool - DEBUG - http://metadata.google.internal:80 "GET /computeMetadata/v1/universe/universe_domain HTTP/10" 404 None
2024-08-28 22:02:00 - urllib3.util.retry - DEBUG - Converted retries value: 3 -> Retry(total=3, connect=None, read=None, redirect=None, status=None)
2024-08-28 22:02:00 - google.auth.transport.requests - DEBUG - Making request: GET http://metadata.google.internal/computeMetadata/v1/instance/service-accounts/default/?recursive=true
2024-08-28 22:02:00 - urllib3.connectionpool - DEBUG - Starting new HTTP connection (1): metadata.google.internal:80
2024-08-28 22:02:00 - urllib3.connectionpool - DEBUG - http://metadata.google.internal:80 "GET /computeMetadata/v1/instance/service-accounts/default/?recursive=true HTTP/10" 200 None
2024-08-28 22:02:00 - google.auth.transport.requests - DEBUG - Making request: GET http://metadata.google.internal/computeMetadata/v1/instance/service-accounts/bamidele.tewogbade1@gmail.com/token?scopes=https%3A%2F%2Fwww.googleapis.com%2Fauth%2Fdevstorage.full_control%2Chttps%3A%2F%2Fwww.googleapis.com%2Fauth%2Fdevstorage.read_only%2Chttps%3A%2F%2Fwww.googleapis.com%2Fauth%2Fdevstorage.read_write
2024-08-28 22:02:00 - urllib3.connectionpool - DEBUG - Resetting dropped connection: metadata.google.internal
2024-08-28 22:02:00 - urllib3.connectionpool - DEBUG - http://metadata.google.internal:80 "GET /computeMetadata/v1/instance/service-accounts/bamidele.tewogbade1@gmail.com/token?scopes=https%3A%2F%2Fwww.googleapis.com%2Fauth%2Fdevstorage.full_control%2Chttps%3A%2F%2Fwww.googleapis.com%2Fauth%2Fdevstorage.read_only%2Chttps%3A%2F%2Fwww.googleapis.com%2Fauth%2Fdevstorage.read_write HTTP/10" 200 None
2024-08-28 22:02:00 - urllib3.connectionpool - DEBUG - Starting new HTTPS connection (1): storage.googleapis.com:443
2024-08-28 22:02:01 - urllib3.connectionpool - DEBUG - https://storage.googleapis.com:443 "GET /download/storage/v1/b/genaiq_storage/o/uploads%2FOlusegun_Tewogbade.pdf?alt=media HTTP/11" 200 140304
2024-08-28 22:02:01 - urllib3.connectionpool - DEBUG - https://storage.googleapis.com:443 "GET /download/storage/v1/b/genaiq_storage/o/uploads%2FOlusegun_Tewogbade.pdf?alt=media HTTP/11" 200 140304
2024-08-28 22:02:01 - urllib3.connectionpool - DEBUG - https://storage.googleapis.com:443 "POST /upload/storage/v1/b/genaiq_storage/o?uploadType=multipart HTTP/11" 200 830
2024-08-28 22:02:01 - __main__ - INFO - File uploaded to GCS at gs://genaiq_storage/uploads/Olusegun_Tewogbade.pdf
2024-08-28 22:02:01 - google.auth._default - DEBUG - Checking None for explicit credentials as part of auth process...
2024-08-28 22:02:01 - google.auth._default - DEBUG - Checking Cloud SDK credentials as part of auth process...
2024-08-28 22:02:01 - google.auth._default - DEBUG - Cloud SDK credentials not found on disk; not using them
2024-08-28 22:02:01 - google.auth.transport._http_client - DEBUG - Making request: GET http://169.254.169.254
2024-08-28 22:02:01 - google.auth.transport._http_client - DEBUG - Making request: GET http://metadata.google.internal/computeMetadata/v1/project/project-id
2024-08-28 22:02:01 - google.auth.transport.requests - DEBUG - Making request: GET http://metadata.google.internal/computeMetadata/v1/universe/universe_domain
2024-08-28 22:02:01 - __main__ - DEBUG - File 'Olusegun Tewogbade.pdf' allowed: True
2024-08-28 22:02:01 - __main__ - DEBUG - Directory already exists at temp_uploads
2024-08-28 22:02:01 - urllib3.connectionpool - DEBUG - Starting new HTTP connection (1): metadata.google.internal:80
2024-08-28 22:02:01 - __main__ - INFO - File saved locally at temp_uploads/Olusegun_Tewogbade.pdf
2024-08-28 22:02:01 - google.auth._default - DEBUG - Checking None for explicit credentials as part of auth process...
2024-08-28 22:02:01 - google.auth._default - DEBUG - Checking Cloud SDK credentials as part of auth process...
2024-08-28 22:02:01 - google.auth._default - DEBUG - Cloud SDK credentials not found on disk; not using them
2024-08-28 22:02:01 - google.auth.transport._http_client - DEBUG - Making request: GET http://169.254.169.254
2024-08-28 22:02:01 - urllib3.connectionpool - DEBUG - http://metadata.google.internal:80 "GET /computeMetadata/v1/universe/universe_domain HTTP/10" 404 None
2024-08-28 22:02:01 - urllib3.util.retry - DEBUG - Converted retries value: 3 -> Retry(total=3, connect=None, read=None, redirect=None, status=None)
2024-08-28 22:02:01 - google.auth.transport.requests - DEBUG - Making request: GET http://metadata.google.internal/computeMetadata/v1/instance/service-accounts/default/?recursive=true
2024-08-28 22:02:01 - urllib3.connectionpool - DEBUG - Starting new HTTP connection (1): metadata.google.internal:80
2024-08-28 22:02:01 - google.auth.transport._http_client - DEBUG - Making request: GET http://metadata.google.internal/computeMetadata/v1/project/project-id
2024-08-28 22:02:01 - urllib3.connectionpool - DEBUG - http://metadata.google.internal:80 "GET /computeMetadata/v1/instance/service-accounts/default/?recursive=true HTTP/10" 200 None
2024-08-28 22:02:01 - google.auth.transport.requests - DEBUG - Making request: GET http://metadata.google.internal/computeMetadata/v1/universe/universe_domain
2024-08-28 22:02:01 - urllib3.connectionpool - DEBUG - Starting new HTTP connection (1): metadata.google.internal:80
2024-08-28 22:02:01 - google.auth.transport.requests - DEBUG - Making request: GET http://metadata.google.internal/computeMetadata/v1/instance/service-accounts/bamidele.tewogbade1@gmail.com/token?scopes=https%3A%2F%2Fwww.googleapis.com%2Fauth%2Fdevstorage.full_control%2Chttps%3A%2F%2Fwww.googleapis.com%2Fauth%2Fdevstorage.read_only%2Chttps%3A%2F%2Fwww.googleapis.com%2Fauth%2Fdevstorage.read_write
2024-08-28 22:02:01 - urllib3.connectionpool - DEBUG - Resetting dropped connection: metadata.google.internal
2024-08-28 22:02:01 - urllib3.connectionpool - DEBUG - http://metadata.google.internal:80 "GET /computeMetadata/v1/instance/service-accounts/bamidele.tewogbade1@gmail.com/token?scopes=https%3A%2F%2Fwww.googleapis.com%2Fauth%2Fdevstorage.full_control%2Chttps%3A%2F%2Fwww.googleapis.com%2Fauth%2Fdevstorage.read_only%2Chttps%3A%2F%2Fwww.googleapis.com%2Fauth%2Fdevstorage.read_write HTTP/10" 200 None
2024-08-28 22:02:01 - urllib3.connectionpool - DEBUG - Starting new HTTPS connection (1): storage.googleapis.com:443
2024-08-28 22:02:01 - urllib3.connectionpool - DEBUG - http://metadata.google.internal:80 "GET /computeMetadata/v1/universe/universe_domain HTTP/10" 404 None
2024-08-28 22:02:01 - urllib3.util.retry - DEBUG - Converted retries value: 3 -> Retry(total=3, connect=None, read=None, redirect=None, status=None)
2024-08-28 22:02:01 - google.auth.transport.requests - DEBUG - Making request: GET http://metadata.google.internal/computeMetadata/v1/instance/service-accounts/default/?recursive=true
2024-08-28 22:02:01 - urllib3.connectionpool - DEBUG - Starting new HTTP connection (1): metadata.google.internal:80
2024-08-28 22:02:01 - urllib3.connectionpool - DEBUG - http://metadata.google.internal:80 "GET /computeMetadata/v1/instance/service-accounts/default/?recursive=true HTTP/10" 200 None
2024-08-28 22:02:01 - google.auth.transport.requests - DEBUG - Making request: GET http://metadata.google.internal/computeMetadata/v1/instance/service-accounts/bamidele.tewogbade1@gmail.com/token?scopes=https%3A%2F%2Fwww.googleapis.com%2Fauth%2Fdevstorage.full_control%2Chttps%3A%2F%2Fwww.googleapis.com%2Fauth%2Fdevstorage.read_only%2Chttps%3A%2F%2Fwww.googleapis.com%2Fauth%2Fdevstorage.read_write
2024-08-28 22:02:01 - urllib3.connectionpool - DEBUG - Resetting dropped connection: metadata.google.internal
2024-08-28 22:02:01 - urllib3.connectionpool - DEBUG - http://metadata.google.internal:80 "GET /computeMetadata/v1/instance/service-accounts/bamidele.tewogbade1@gmail.com/token?scopes=https%3A%2F%2Fwww.googleapis.com%2Fauth%2Fdevstorage.full_control%2Chttps%3A%2F%2Fwww.googleapis.com%2Fauth%2Fdevstorage.read_only%2Chttps%3A%2F%2Fwww.googleapis.com%2Fauth%2Fdevstorage.read_write HTTP/10" 200 None
2024-08-28 22:02:01 - urllib3.connectionpool - DEBUG - Starting new HTTPS connection (1): storage.googleapis.com:443
2024-08-28 22:02:01 - __main__ - ERROR - Exception during feedback page generation: name 'os' is not defined
2024-08-28 22:02:01 - __main__ - INFO - Local file temp_uploads/Olusegun_Tewogbade.pdf removed after processing.
2024-08-28 22:02:01 - werkzeug - INFO - 127.0.0.1 - - [28/Aug/2024 22:02:01] "[35m[1mPOST /get_feedback_page HTTP/1.1[0m" 500 -
2024-08-28 22:02:01 - __main__ - ERROR - Exception during feedback page generation: name 'os' is not defined
2024-08-28 22:02:01 - werkzeug - INFO - 127.0.0.1 - - [28/Aug/2024 22:02:01] "[35m[1mPOST /get_feedback_page HTTP/1.1[0m" 500 -
2024-08-28 22:02:01 - urllib3.connectionpool - DEBUG - https://storage.googleapis.com:443 "POST /upload/storage/v1/b/genaiq_storage/o?uploadType=multipart HTTP/11" 200 830
2024-08-28 22:02:01 - __main__ - INFO - File uploaded to GCS at gs://genaiq_storage/uploads/Olusegun_Tewogbade.pdf
2024-08-28 22:02:01 - google.auth._default - DEBUG - Checking None for explicit credentials as part of auth process...
2024-08-28 22:02:01 - google.auth._default - DEBUG - Checking Cloud SDK credentials as part of auth process...
2024-08-28 22:02:01 - google.auth._default - DEBUG - Cloud SDK credentials not found on disk; not using them
2024-08-28 22:02:01 - google.auth.transport._http_client - DEBUG - Making request: GET http://169.254.169.254
2024-08-28 22:02:01 - google.auth.transport._http_client - DEBUG - Making request: GET http://metadata.google.internal/computeMetadata/v1/project/project-id
2024-08-28 22:02:01 - google.auth.transport.requests - DEBUG - Making request: GET http://metadata.google.internal/computeMetadata/v1/universe/universe_domain
2024-08-28 22:02:01 - urllib3.connectionpool - DEBUG - Starting new HTTP connection (1): metadata.google.internal:80
2024-08-28 22:02:01 - urllib3.connectionpool - DEBUG - http://metadata.google.internal:80 "GET /computeMetadata/v1/universe/universe_domain HTTP/10" 404 None
2024-08-28 22:02:01 - urllib3.util.retry - DEBUG - Converted retries value: 3 -> Retry(total=3, connect=None, read=None, redirect=None, status=None)
2024-08-28 22:02:01 - google.auth.transport.requests - DEBUG - Making request: GET http://metadata.google.internal/computeMetadata/v1/instance/service-accounts/default/?recursive=true
2024-08-28 22:02:01 - urllib3.connectionpool - DEBUG - Starting new HTTP connection (1): metadata.google.internal:80
2024-08-28 22:02:01 - urllib3.connectionpool - DEBUG - http://metadata.google.internal:80 "GET /computeMetadata/v1/instance/service-accounts/default/?recursive=true HTTP/10" 200 None
2024-08-28 22:02:01 - google.auth.transport.requests - DEBUG - Making request: GET http://metadata.google.internal/computeMetadata/v1/instance/service-accounts/bamidele.tewogbade1@gmail.com/token?scopes=https%3A%2F%2Fwww.googleapis.com%2Fauth%2Fdevstorage.full_control%2Chttps%3A%2F%2Fwww.googleapis.com%2Fauth%2Fdevstorage.read_only%2Chttps%3A%2F%2Fwww.googleapis.com%2Fauth%2Fdevstorage.read_write
2024-08-28 22:02:01 - urllib3.connectionpool - DEBUG - Resetting dropped connection: metadata.google.internal
2024-08-28 22:02:01 - urllib3.connectionpool - DEBUG - http://metadata.google.internal:80 "GET /computeMetadata/v1/instance/service-accounts/bamidele.tewogbade1@gmail.com/token?scopes=https%3A%2F%2Fwww.googleapis.com%2Fauth%2Fdevstorage.full_control%2Chttps%3A%2F%2Fwww.googleapis.com%2Fauth%2Fdevstorage.read_only%2Chttps%3A%2F%2Fwww.googleapis.com%2Fauth%2Fdevstorage.read_write HTTP/10" 200 None
2024-08-28 22:02:01 - urllib3.connectionpool - DEBUG - Starting new HTTPS connection (1): storage.googleapis.com:443
2024-08-28 22:02:01 - urllib3.connectionpool - DEBUG - https://storage.googleapis.com:443 "GET /download/storage/v1/b/genaiq_storage/o/uploads%2FOlusegun_Tewogbade.pdf?alt=media HTTP/11" 200 140304
2024-08-28 22:02:02 - __main__ - ERROR - Exception during feedback page generation: name 'os' is not defined
2024-08-28 22:02:02 - werkzeug - INFO - 127.0.0.1 - - [28/Aug/2024 22:02:02] "[35m[1mPOST /get_feedback_page HTTP/1.1[0m" 500 -
2024-08-28 22:02:02 - urllib3.connectionpool - DEBUG - https://storage.googleapis.com:443 "POST /upload/storage/v1/b/genaiq_storage/o?uploadType=multipart HTTP/11" 200 830
2024-08-28 22:02:02 - __main__ - INFO - File uploaded to GCS at gs://genaiq_storage/uploads/Olusegun_Tewogbade.pdf
2024-08-28 22:02:02 - google.auth._default - DEBUG - Checking None for explicit credentials as part of auth process...
2024-08-28 22:02:02 - google.auth._default - DEBUG - Checking Cloud SDK credentials as part of auth process...
2024-08-28 22:02:02 - google.auth._default - DEBUG - Cloud SDK credentials not found on disk; not using them
2024-08-28 22:02:02 - google.auth.transport._http_client - DEBUG - Making request: GET http://169.254.169.254
2024-08-28 22:02:02 - google.auth.transport._http_client - DEBUG - Making request: GET http://metadata.google.internal/computeMetadata/v1/project/project-id
2024-08-28 22:02:02 - google.auth.transport.requests - DEBUG - Making request: GET http://metadata.google.internal/computeMetadata/v1/universe/universe_domain
2024-08-28 22:02:02 - urllib3.connectionpool - DEBUG - Starting new HTTP connection (1): metadata.google.internal:80
2024-08-28 22:02:02 - urllib3.connectionpool - DEBUG - http://metadata.google.internal:80 "GET /computeMetadata/v1/universe/universe_domain HTTP/10" 404 None
2024-08-28 22:02:02 - urllib3.util.retry - DEBUG - Converted retries value: 3 -> Retry(total=3, connect=None, read=None, redirect=None, status=None)
2024-08-28 22:02:02 - google.auth.transport.requests - DEBUG - Making request: GET http://metadata.google.internal/computeMetadata/v1/instance/service-accounts/default/?recursive=true
2024-08-28 22:02:02 - urllib3.connectionpool - DEBUG - Starting new HTTP connection (1): metadata.google.internal:80
2024-08-28 22:02:02 - urllib3.connectionpool - DEBUG - http://metadata.google.internal:80 "GET /computeMetadata/v1/instance/service-accounts/default/?recursive=true HTTP/10" 200 None
2024-08-28 22:02:02 - google.auth.transport.requests - DEBUG - Making request: GET http://metadata.google.internal/computeMetadata/v1/instance/service-accounts/bamidele.tewogbade1@gmail.com/token?scopes=https%3A%2F%2Fwww.googleapis.com%2Fauth%2Fdevstorage.full_control%2Chttps%3A%2F%2Fwww.googleapis.com%2Fauth%2Fdevstorage.read_only%2Chttps%3A%2F%2Fwww.googleapis.com%2Fauth%2Fdevstorage.read_write
2024-08-28 22:02:02 - urllib3.connectionpool - DEBUG - Resetting dropped connection: metadata.google.internal
2024-08-28 22:02:02 - urllib3.connectionpool - DEBUG - http://metadata.google.internal:80 "GET /computeMetadata/v1/instance/service-accounts/bamidele.tewogbade1@gmail.com/token?scopes=https%3A%2F%2Fwww.googleapis.com%2Fauth%2Fdevstorage.full_control%2Chttps%3A%2F%2Fwww.googleapis.com%2Fauth%2Fdevstorage.read_only%2Chttps%3A%2F%2Fwww.googleapis.com%2Fauth%2Fdevstorage.read_write HTTP/10" 200 None
2024-08-28 22:02:02 - urllib3.connectionpool - DEBUG - Starting new HTTPS connection (1): storage.googleapis.com:443
2024-08-28 22:02:02 - urllib3.connectionpool - DEBUG - https://storage.googleapis.com:443 "GET /download/storage/v1/b/genaiq_storage/o/uploads%2FOlusegun_Tewogbade.pdf?alt=media HTTP/11" 200 140304
2024-08-28 22:02:02 - __main__ - ERROR - Exception during feedback page generation: name 'os' is not defined
2024-08-28 22:02:02 - werkzeug - INFO - 127.0.0.1 - - [28/Aug/2024 22:02:02] "[35m[1mPOST /get_feedback_page HTTP/1.1[0m" 500 -
2024-08-28 22:02:02 - urllib3.connectionpool - DEBUG - https://storage.googleapis.com:443 "GET /download/storage/v1/b/genaiq_storage/o/uploads%2FOlusegun_Tewogbade.pdf?alt=media HTTP/11" 200 140304
2024-08-28 22:02:03 - __main__ - ERROR - Exception during feedback page generation: name 'os' is not defined
2024-08-28 22:02:03 - werkzeug - INFO - 127.0.0.1 - - [28/Aug/2024 22:02:03] "[35m[1mPOST /get_feedback_page HTTP/1.1[0m" 500 -
2024-08-28 22:47:25 - werkzeug - INFO - 127.0.0.1 - - [28/Aug/2024 22:47:25] "GET /upload_resume_page HTTP/1.1" 200 -
2024-08-28 22:47:39 - __main__ - DEBUG - File 'Olusegun Tewogbade.pdf' allowed: True
2024-08-28 22:47:39 - __main__ - DEBUG - Directory already exists at temp_uploads
2024-08-28 22:47:39 - __main__ - INFO - File saved locally at temp_uploads/Olusegun_Tewogbade.pdf
2024-08-28 22:47:39 - google.auth._default - DEBUG - Checking None for explicit credentials as part of auth process...
2024-08-28 22:47:39 - google.auth._default - DEBUG - Checking Cloud SDK credentials as part of auth process...
2024-08-28 22:47:39 - google.auth._default - DEBUG - Cloud SDK credentials not found on disk; not using them
2024-08-28 22:47:39 - google.auth.transport._http_client - DEBUG - Making request: GET http://169.254.169.254
2024-08-28 22:47:39 - google.auth.transport._http_client - DEBUG - Making request: GET http://metadata.google.internal/computeMetadata/v1/project/project-id
2024-08-28 22:47:39 - google.auth.transport.requests - DEBUG - Making request: GET http://metadata.google.internal/computeMetadata/v1/universe/universe_domain
2024-08-28 22:47:39 - urllib3.connectionpool - DEBUG - Starting new HTTP connection (1): metadata.google.internal:80
2024-08-28 22:47:39 - urllib3.connectionpool - DEBUG - http://metadata.google.internal:80 "GET /computeMetadata/v1/universe/universe_domain HTTP/10" 404 None
2024-08-28 22:47:39 - urllib3.util.retry - DEBUG - Converted retries value: 3 -> Retry(total=3, connect=None, read=None, redirect=None, status=None)
2024-08-28 22:47:39 - google.auth.transport.requests - DEBUG - Making request: GET http://metadata.google.internal/computeMetadata/v1/instance/service-accounts/default/?recursive=true
2024-08-28 22:47:39 - urllib3.connectionpool - DEBUG - Starting new HTTP connection (1): metadata.google.internal:80
2024-08-28 22:47:39 - urllib3.connectionpool - DEBUG - http://metadata.google.internal:80 "GET /computeMetadata/v1/instance/service-accounts/default/?recursive=true HTTP/10" 200 None
2024-08-28 22:47:39 - google.auth.transport.requests - DEBUG - Making request: GET http://metadata.google.internal/computeMetadata/v1/instance/service-accounts/bamidele.tewogbade1@gmail.com/token?scopes=https%3A%2F%2Fwww.googleapis.com%2Fauth%2Fdevstorage.full_control%2Chttps%3A%2F%2Fwww.googleapis.com%2Fauth%2Fdevstorage.read_only%2Chttps%3A%2F%2Fwww.googleapis.com%2Fauth%2Fdevstorage.read_write
2024-08-28 22:47:39 - urllib3.connectionpool - DEBUG - Resetting dropped connection: metadata.google.internal
2024-08-28 22:47:39 - urllib3.connectionpool - DEBUG - http://metadata.google.internal:80 "GET /computeMetadata/v1/instance/service-accounts/bamidele.tewogbade1@gmail.com/token?scopes=https%3A%2F%2Fwww.googleapis.com%2Fauth%2Fdevstorage.full_control%2Chttps%3A%2F%2Fwww.googleapis.com%2Fauth%2Fdevstorage.read_only%2Chttps%3A%2F%2Fwww.googleapis.com%2Fauth%2Fdevstorage.read_write HTTP/10" 200 None
2024-08-28 22:47:39 - urllib3.connectionpool - DEBUG - Starting new HTTPS connection (1): storage.googleapis.com:443
2024-08-28 22:47:40 - urllib3.connectionpool - DEBUG - https://storage.googleapis.com:443 "POST /upload/storage/v1/b/genaiq_storage/o?uploadType=multipart HTTP/11" 200 830
2024-08-28 22:47:40 - __main__ - INFO - File uploaded to GCS at gs://genaiq_storage/uploads/Olusegun_Tewogbade.pdf
2024-08-28 22:47:40 - google.auth._default - DEBUG - Checking None for explicit credentials as part of auth process...
2024-08-28 22:47:40 - google.auth._default - DEBUG - Checking Cloud SDK credentials as part of auth process...
2024-08-28 22:47:40 - google.auth._default - DEBUG - Cloud SDK credentials not found on disk; not using them
2024-08-28 22:47:40 - google.auth.transport._http_client - DEBUG - Making request: GET http://169.254.169.254
2024-08-28 22:47:40 - google.auth.transport._http_client - DEBUG - Making request: GET http://metadata.google.internal/computeMetadata/v1/project/project-id
2024-08-28 22:47:40 - google.auth.transport.requests - DEBUG - Making request: GET http://metadata.google.internal/computeMetadata/v1/universe/universe_domain
2024-08-28 22:47:40 - urllib3.connectionpool - DEBUG - Starting new HTTP connection (1): metadata.google.internal:80
2024-08-28 22:47:40 - urllib3.connectionpool - DEBUG - http://metadata.google.internal:80 "GET /computeMetadata/v1/universe/universe_domain HTTP/10" 404 None
2024-08-28 22:47:40 - urllib3.util.retry - DEBUG - Converted retries value: 3 -> Retry(total=3, connect=None, read=None, redirect=None, status=None)
2024-08-28 22:47:40 - google.auth.transport.requests - DEBUG - Making request: GET http://metadata.google.internal/computeMetadata/v1/instance/service-accounts/default/?recursive=true
2024-08-28 22:47:40 - urllib3.connectionpool - DEBUG - Starting new HTTP connection (1): metadata.google.internal:80
2024-08-28 22:47:40 - urllib3.connectionpool - DEBUG - http://metadata.google.internal:80 "GET /computeMetadata/v1/instance/service-accounts/default/?recursive=true HTTP/10" 200 None
2024-08-28 22:47:40 - google.auth.transport.requests - DEBUG - Making request: GET http://metadata.google.internal/computeMetadata/v1/instance/service-accounts/bamidele.tewogbade1@gmail.com/token?scopes=https%3A%2F%2Fwww.googleapis.com%2Fauth%2Fdevstorage.full_control%2Chttps%3A%2F%2Fwww.googleapis.com%2Fauth%2Fdevstorage.read_only%2Chttps%3A%2F%2Fwww.googleapis.com%2Fauth%2Fdevstorage.read_write
2024-08-28 22:47:40 - urllib3.connectionpool - DEBUG - Resetting dropped connection: metadata.google.internal
2024-08-28 22:47:40 - urllib3.connectionpool - DEBUG - http://metadata.google.internal:80 "GET /computeMetadata/v1/instance/service-accounts/bamidele.tewogbade1@gmail.com/token?scopes=https%3A%2F%2Fwww.googleapis.com%2Fauth%2Fdevstorage.full_control%2Chttps%3A%2F%2Fwww.googleapis.com%2Fauth%2Fdevstorage.read_only%2Chttps%3A%2F%2Fwww.googleapis.com%2Fauth%2Fdevstorage.read_write HTTP/10" 200 None
2024-08-28 22:47:40 - urllib3.connectionpool - DEBUG - Starting new HTTPS connection (1): storage.googleapis.com:443
2024-08-28 22:47:41 - urllib3.connectionpool - DEBUG - https://storage.googleapis.com:443 "GET /download/storage/v1/b/genaiq_storage/o/uploads%2FOlusegun_Tewogbade.pdf?alt=media HTTP/11" 200 140304
2024-08-28 22:47:41 - __main__ - ERROR - Exception during feedback page generation: name 'os' is not defined
2024-08-28 22:47:41 - __main__ - INFO - Local file temp_uploads/Olusegun_Tewogbade.pdf removed after processing.
2024-08-28 22:47:41 - werkzeug - INFO - 127.0.0.1 - - [28/Aug/2024 22:47:41] "[35m[1mPOST /get_feedback_page HTTP/1.1[0m" 500 -
2024-08-28 22:47:45 - __main__ - DEBUG - File 'Olusegun Tewogbade.pdf' allowed: True
2024-08-28 22:47:45 - __main__ - DEBUG - Directory already exists at temp_uploads
2024-08-28 22:47:45 - __main__ - INFO - File saved locally at temp_uploads/Olusegun_Tewogbade.pdf
2024-08-28 22:47:45 - google.auth._default - DEBUG - Checking None for explicit credentials as part of auth process...
2024-08-28 22:47:45 - google.auth._default - DEBUG - Checking Cloud SDK credentials as part of auth process...
2024-08-28 22:47:45 - google.auth._default - DEBUG - Cloud SDK credentials not found on disk; not using them
2024-08-28 22:47:45 - google.auth.transport._http_client - DEBUG - Making request: GET http://169.254.169.254
2024-08-28 22:47:45 - google.auth.transport._http_client - DEBUG - Making request: GET http://metadata.google.internal/computeMetadata/v1/project/project-id
2024-08-28 22:47:45 - google.auth.transport.requests - DEBUG - Making request: GET http://metadata.google.internal/computeMetadata/v1/universe/universe_domain
2024-08-28 22:47:45 - urllib3.connectionpool - DEBUG - Starting new HTTP connection (1): metadata.google.internal:80
2024-08-28 22:47:45 - urllib3.connectionpool - DEBUG - http://metadata.google.internal:80 "GET /computeMetadata/v1/universe/universe_domain HTTP/10" 404 None
2024-08-28 22:47:45 - urllib3.util.retry - DEBUG - Converted retries value: 3 -> Retry(total=3, connect=None, read=None, redirect=None, status=None)
2024-08-28 22:47:45 - google.auth.transport.requests - DEBUG - Making request: GET http://metadata.google.internal/computeMetadata/v1/instance/service-accounts/default/?recursive=true
2024-08-28 22:47:45 - urllib3.connectionpool - DEBUG - Starting new HTTP connection (1): metadata.google.internal:80
2024-08-28 22:47:45 - urllib3.connectionpool - DEBUG - http://metadata.google.internal:80 "GET /computeMetadata/v1/instance/service-accounts/default/?recursive=true HTTP/10" 200 None
2024-08-28 22:47:45 - google.auth.transport.requests - DEBUG - Making request: GET http://metadata.google.internal/computeMetadata/v1/instance/service-accounts/bamidele.tewogbade1@gmail.com/token?scopes=https%3A%2F%2Fwww.googleapis.com%2Fauth%2Fdevstorage.full_control%2Chttps%3A%2F%2Fwww.googleapis.com%2Fauth%2Fdevstorage.read_only%2Chttps%3A%2F%2Fwww.googleapis.com%2Fauth%2Fdevstorage.read_write
2024-08-28 22:47:45 - urllib3.connectionpool - DEBUG - Resetting dropped connection: metadata.google.internal
2024-08-28 22:47:45 - urllib3.connectionpool - DEBUG - http://metadata.google.internal:80 "GET /computeMetadata/v1/instance/service-accounts/bamidele.tewogbade1@gmail.com/token?scopes=https%3A%2F%2Fwww.googleapis.com%2Fauth%2Fdevstorage.full_control%2Chttps%3A%2F%2Fwww.googleapis.com%2Fauth%2Fdevstorage.read_only%2Chttps%3A%2F%2Fwww.googleapis.com%2Fauth%2Fdevstorage.read_write HTTP/10" 200 None
2024-08-28 22:47:45 - urllib3.connectionpool - DEBUG - Starting new HTTPS connection (1): storage.googleapis.com:443
2024-08-28 22:47:46 - __main__ - DEBUG - File 'Olusegun Tewogbade.pdf' allowed: True
2024-08-28 22:47:46 - __main__ - DEBUG - Directory already exists at temp_uploads
2024-08-28 22:47:46 - __main__ - INFO - File saved locally at temp_uploads/Olusegun_Tewogbade.pdf
2024-08-28 22:47:46 - google.auth._default - DEBUG - Checking None for explicit credentials as part of auth process...
2024-08-28 22:47:46 - google.auth._default - DEBUG - Checking Cloud SDK credentials as part of auth process...
2024-08-28 22:47:46 - google.auth._default - DEBUG - Cloud SDK credentials not found on disk; not using them
2024-08-28 22:47:46 - google.auth.transport._http_client - DEBUG - Making request: GET http://169.254.169.254
2024-08-28 22:47:46 - google.auth.transport._http_client - DEBUG - Making request: GET http://metadata.google.internal/computeMetadata/v1/project/project-id
2024-08-28 22:47:46 - google.auth.transport.requests - DEBUG - Making request: GET http://metadata.google.internal/computeMetadata/v1/universe/universe_domain
2024-08-28 22:47:46 - urllib3.connectionpool - DEBUG - Starting new HTTP connection (1): metadata.google.internal:80
2024-08-28 22:47:46 - urllib3.connectionpool - DEBUG - http://metadata.google.internal:80 "GET /computeMetadata/v1/universe/universe_domain HTTP/10" 404 None
2024-08-28 22:47:46 - urllib3.util.retry - DEBUG - Converted retries value: 3 -> Retry(total=3, connect=None, read=None, redirect=None, status=None)
2024-08-28 22:47:46 - google.auth.transport.requests - DEBUG - Making request: GET http://metadata.google.internal/computeMetadata/v1/instance/service-accounts/default/?recursive=true
2024-08-28 22:47:46 - urllib3.connectionpool - DEBUG - Starting new HTTP connection (1): metadata.google.internal:80
2024-08-28 22:47:46 - urllib3.connectionpool - DEBUG - http://metadata.google.internal:80 "GET /computeMetadata/v1/instance/service-accounts/default/?recursive=true HTTP/10" 200 None
2024-08-28 22:47:46 - google.auth.transport.requests - DEBUG - Making request: GET http://metadata.google.internal/computeMetadata/v1/instance/service-accounts/bamidele.tewogbade1@gmail.com/token?scopes=https%3A%2F%2Fwww.googleapis.com%2Fauth%2Fdevstorage.full_control%2Chttps%3A%2F%2Fwww.googleapis.com%2Fauth%2Fdevstorage.read_only%2Chttps%3A%2F%2Fwww.googleapis.com%2Fauth%2Fdevstorage.read_write
2024-08-28 22:47:46 - urllib3.connectionpool - DEBUG - Resetting dropped connection: metadata.google.internal
2024-08-28 22:47:46 - urllib3.connectionpool - DEBUG - http://metadata.google.internal:80 "GET /computeMetadata/v1/instance/service-accounts/bamidele.tewogbade1@gmail.com/token?scopes=https%3A%2F%2Fwww.googleapis.com%2Fauth%2Fdevstorage.full_control%2Chttps%3A%2F%2Fwww.googleapis.com%2Fauth%2Fdevstorage.read_only%2Chttps%3A%2F%2Fwww.googleapis.com%2Fauth%2Fdevstorage.read_write HTTP/10" 200 None
2024-08-28 22:47:46 - urllib3.connectionpool - DEBUG - Starting new HTTPS connection (1): storage.googleapis.com:443
2024-08-28 22:47:46 - urllib3.connectionpool - DEBUG - https://storage.googleapis.com:443 "POST /upload/storage/v1/b/genaiq_storage/o?uploadType=multipart HTTP/11" 200 830
2024-08-28 22:47:46 - __main__ - INFO - File uploaded to GCS at gs://genaiq_storage/uploads/Olusegun_Tewogbade.pdf
2024-08-28 22:47:46 - google.auth._default - DEBUG - Checking None for explicit credentials as part of auth process...
2024-08-28 22:47:46 - google.auth._default - DEBUG - Checking Cloud SDK credentials as part of auth process...
2024-08-28 22:47:46 - google.auth._default - DEBUG - Cloud SDK credentials not found on disk; not using them
2024-08-28 22:47:46 - google.auth.transport._http_client - DEBUG - Making request: GET http://169.254.169.254
2024-08-28 22:47:46 - google.auth.transport._http_client - DEBUG - Making request: GET http://metadata.google.internal/computeMetadata/v1/project/project-id
2024-08-28 22:47:46 - google.auth.transport.requests - DEBUG - Making request: GET http://metadata.google.internal/computeMetadata/v1/universe/universe_domain
2024-08-28 22:47:46 - urllib3.connectionpool - DEBUG - Starting new HTTP connection (1): metadata.google.internal:80
2024-08-28 22:47:46 - urllib3.connectionpool - DEBUG - http://metadata.google.internal:80 "GET /computeMetadata/v1/universe/universe_domain HTTP/10" 404 None
2024-08-28 22:47:46 - urllib3.util.retry - DEBUG - Converted retries value: 3 -> Retry(total=3, connect=None, read=None, redirect=None, status=None)
2024-08-28 22:47:46 - google.auth.transport.requests - DEBUG - Making request: GET http://metadata.google.internal/computeMetadata/v1/instance/service-accounts/default/?recursive=true
2024-08-28 22:47:46 - urllib3.connectionpool - DEBUG - Starting new HTTP connection (1): metadata.google.internal:80
2024-08-28 22:47:46 - urllib3.connectionpool - DEBUG - http://metadata.google.internal:80 "GET /computeMetadata/v1/instance/service-accounts/default/?recursive=true HTTP/10" 200 None
2024-08-28 22:47:46 - google.auth.transport.requests - DEBUG - Making request: GET http://metadata.google.internal/computeMetadata/v1/instance/service-accounts/bamidele.tewogbade1@gmail.com/token?scopes=https%3A%2F%2Fwww.googleapis.com%2Fauth%2Fdevstorage.full_control%2Chttps%3A%2F%2Fwww.googleapis.com%2Fauth%2Fdevstorage.read_only%2Chttps%3A%2F%2Fwww.googleapis.com%2Fauth%2Fdevstorage.read_write
2024-08-28 22:47:46 - urllib3.connectionpool - DEBUG - Resetting dropped connection: metadata.google.internal
2024-08-28 22:47:46 - urllib3.connectionpool - DEBUG - http://metadata.google.internal:80 "GET /computeMetadata/v1/instance/service-accounts/bamidele.tewogbade1@gmail.com/token?scopes=https%3A%2F%2Fwww.googleapis.com%2Fauth%2Fdevstorage.full_control%2Chttps%3A%2F%2Fwww.googleapis.com%2Fauth%2Fdevstorage.read_only%2Chttps%3A%2F%2Fwww.googleapis.com%2Fauth%2Fdevstorage.read_write HTTP/10" 200 None
2024-08-28 22:47:46 - urllib3.connectionpool - DEBUG - Starting new HTTPS connection (1): storage.googleapis.com:443
2024-08-28 22:47:47 - urllib3.connectionpool - DEBUG - https://storage.googleapis.com:443 "GET /download/storage/v1/b/genaiq_storage/o/uploads%2FOlusegun_Tewogbade.pdf?alt=media HTTP/11" 200 140304
2024-08-28 22:47:47 - __main__ - DEBUG - File 'Olusegun Tewogbade.pdf' allowed: True
2024-08-28 22:47:47 - __main__ - DEBUG - Directory already exists at temp_uploads
2024-08-28 22:47:47 - __main__ - INFO - File saved locally at temp_uploads/Olusegun_Tewogbade.pdf
2024-08-28 22:47:47 - google.auth._default - DEBUG - Checking None for explicit credentials as part of auth process...
2024-08-28 22:47:47 - google.auth._default - DEBUG - Checking Cloud SDK credentials as part of auth process...
2024-08-28 22:47:47 - google.auth._default - DEBUG - Cloud SDK credentials not found on disk; not using them
2024-08-28 22:47:47 - google.auth.transport._http_client - DEBUG - Making request: GET http://169.254.169.254
2024-08-28 22:47:47 - google.auth.transport._http_client - DEBUG - Making request: GET http://metadata.google.internal/computeMetadata/v1/project/project-id
2024-08-28 22:47:47 - google.auth.transport.requests - DEBUG - Making request: GET http://metadata.google.internal/computeMetadata/v1/universe/universe_domain
2024-08-28 22:47:47 - urllib3.connectionpool - DEBUG - Starting new HTTP connection (1): metadata.google.internal:80
2024-08-28 22:47:47 - urllib3.connectionpool - DEBUG - http://metadata.google.internal:80 "GET /computeMetadata/v1/universe/universe_domain HTTP/10" 404 None
2024-08-28 22:47:47 - urllib3.util.retry - DEBUG - Converted retries value: 3 -> Retry(total=3, connect=None, read=None, redirect=None, status=None)
2024-08-28 22:47:47 - google.auth.transport.requests - DEBUG - Making request: GET http://metadata.google.internal/computeMetadata/v1/instance/service-accounts/default/?recursive=true
2024-08-28 22:47:47 - urllib3.connectionpool - DEBUG - Starting new HTTP connection (1): metadata.google.internal:80
2024-08-28 22:47:47 - urllib3.connectionpool - DEBUG - http://metadata.google.internal:80 "GET /computeMetadata/v1/instance/service-accounts/default/?recursive=true HTTP/10" 200 None
2024-08-28 22:47:47 - google.auth.transport.requests - DEBUG - Making request: GET http://metadata.google.internal/computeMetadata/v1/instance/service-accounts/bamidele.tewogbade1@gmail.com/token?scopes=https%3A%2F%2Fwww.googleapis.com%2Fauth%2Fdevstorage.full_control%2Chttps%3A%2F%2Fwww.googleapis.com%2Fauth%2Fdevstorage.read_only%2Chttps%3A%2F%2Fwww.googleapis.com%2Fauth%2Fdevstorage.read_write
2024-08-28 22:47:47 - urllib3.connectionpool - DEBUG - Resetting dropped connection: metadata.google.internal
2024-08-28 22:47:47 - urllib3.connectionpool - DEBUG - http://metadata.google.internal:80 "GET /computeMetadata/v1/instance/service-accounts/bamidele.tewogbade1@gmail.com/token?scopes=https%3A%2F%2Fwww.googleapis.com%2Fauth%2Fdevstorage.full_control%2Chttps%3A%2F%2Fwww.googleapis.com%2Fauth%2Fdevstorage.read_only%2Chttps%3A%2F%2Fwww.googleapis.com%2Fauth%2Fdevstorage.read_write HTTP/10" 200 None
2024-08-28 22:47:47 - urllib3.connectionpool - DEBUG - Starting new HTTPS connection (1): storage.googleapis.com:443
2024-08-28 22:47:47 - urllib3.connectionpool - DEBUG - https://storage.googleapis.com:443 "POST /upload/storage/v1/b/genaiq_storage/o?uploadType=multipart HTTP/11" 200 830
2024-08-28 22:47:47 - __main__ - INFO - File uploaded to GCS at gs://genaiq_storage/uploads/Olusegun_Tewogbade.pdf
2024-08-28 22:47:47 - google.auth._default - DEBUG - Checking None for explicit credentials as part of auth process...
2024-08-28 22:47:47 - google.auth._default - DEBUG - Checking Cloud SDK credentials as part of auth process...
2024-08-28 22:47:47 - google.auth._default - DEBUG - Cloud SDK credentials not found on disk; not using them
2024-08-28 22:47:47 - google.auth.transport._http_client - DEBUG - Making request: GET http://169.254.169.254
2024-08-28 22:47:47 - google.auth.transport._http_client - DEBUG - Making request: GET http://metadata.google.internal/computeMetadata/v1/project/project-id
2024-08-28 22:47:47 - google.auth.transport.requests - DEBUG - Making request: GET http://metadata.google.internal/computeMetadata/v1/universe/universe_domain
2024-08-28 22:47:47 - urllib3.connectionpool - DEBUG - Starting new HTTP connection (1): metadata.google.internal:80
2024-08-28 22:47:47 - __main__ - ERROR - Exception during feedback page generation: name 'os' is not defined
2024-08-28 22:47:47 - __main__ - INFO - Local file temp_uploads/Olusegun_Tewogbade.pdf removed after processing.
2024-08-28 22:47:47 - werkzeug - INFO - 127.0.0.1 - - [28/Aug/2024 22:47:47] "[35m[1mPOST /get_feedback_page HTTP/1.1[0m" 500 -
2024-08-28 22:47:47 - urllib3.connectionpool - DEBUG - http://metadata.google.internal:80 "GET /computeMetadata/v1/universe/universe_domain HTTP/10" 404 None
2024-08-28 22:47:47 - urllib3.util.retry - DEBUG - Converted retries value: 3 -> Retry(total=3, connect=None, read=None, redirect=None, status=None)
2024-08-28 22:47:47 - google.auth.transport.requests - DEBUG - Making request: GET http://metadata.google.internal/computeMetadata/v1/instance/service-accounts/default/?recursive=true
2024-08-28 22:47:47 - urllib3.connectionpool - DEBUG - Starting new HTTP connection (1): metadata.google.internal:80
2024-08-28 22:47:47 - urllib3.connectionpool - DEBUG - http://metadata.google.internal:80 "GET /computeMetadata/v1/instance/service-accounts/default/?recursive=true HTTP/10" 200 None
2024-08-28 22:47:47 - google.auth.transport.requests - DEBUG - Making request: GET http://metadata.google.internal/computeMetadata/v1/instance/service-accounts/bamidele.tewogbade1@gmail.com/token?scopes=https%3A%2F%2Fwww.googleapis.com%2Fauth%2Fdevstorage.full_control%2Chttps%3A%2F%2Fwww.googleapis.com%2Fauth%2Fdevstorage.read_only%2Chttps%3A%2F%2Fwww.googleapis.com%2Fauth%2Fdevstorage.read_write
2024-08-28 22:47:47 - urllib3.connectionpool - DEBUG - Resetting dropped connection: metadata.google.internal
2024-08-28 22:47:47 - urllib3.connectionpool - DEBUG - http://metadata.google.internal:80 "GET /computeMetadata/v1/instance/service-accounts/bamidele.tewogbade1@gmail.com/token?scopes=https%3A%2F%2Fwww.googleapis.com%2Fauth%2Fdevstorage.full_control%2Chttps%3A%2F%2Fwww.googleapis.com%2Fauth%2Fdevstorage.read_only%2Chttps%3A%2F%2Fwww.googleapis.com%2Fauth%2Fdevstorage.read_write HTTP/10" 200 None
2024-08-28 22:47:47 - urllib3.connectionpool - DEBUG - Starting new HTTPS connection (1): storage.googleapis.com:443
2024-08-28 22:47:48 - urllib3.connectionpool - DEBUG - https://storage.googleapis.com:443 "GET /download/storage/v1/b/genaiq_storage/o/uploads%2FOlusegun_Tewogbade.pdf?alt=media HTTP/11" 200 140304
2024-08-28 22:47:48 - urllib3.connectionpool - DEBUG - https://storage.googleapis.com:443 "POST /upload/storage/v1/b/genaiq_storage/o?uploadType=multipart HTTP/11" 200 830
2024-08-28 22:47:48 - __main__ - INFO - File uploaded to GCS at gs://genaiq_storage/uploads/Olusegun_Tewogbade.pdf
2024-08-28 22:47:48 - google.auth._default - DEBUG - Checking None for explicit credentials as part of auth process...
2024-08-28 22:47:48 - google.auth._default - DEBUG - Checking Cloud SDK credentials as part of auth process...
2024-08-28 22:47:48 - google.auth._default - DEBUG - Cloud SDK credentials not found on disk; not using them
2024-08-28 22:47:48 - google.auth.transport._http_client - DEBUG - Making request: GET http://169.254.169.254
2024-08-28 22:47:48 - google.auth.transport._http_client - DEBUG - Making request: GET http://metadata.google.internal/computeMetadata/v1/project/project-id
2024-08-28 22:47:48 - google.auth.transport.requests - DEBUG - Making request: GET http://metadata.google.internal/computeMetadata/v1/universe/universe_domain
2024-08-28 22:47:48 - urllib3.connectionpool - DEBUG - Starting new HTTP connection (1): metadata.google.internal:80
2024-08-28 22:47:48 - urllib3.connectionpool - DEBUG - http://metadata.google.internal:80 "GET /computeMetadata/v1/universe/universe_domain HTTP/10" 404 None
2024-08-28 22:47:48 - urllib3.util.retry - DEBUG - Converted retries value: 3 -> Retry(total=3, connect=None, read=None, redirect=None, status=None)
2024-08-28 22:47:48 - google.auth.transport.requests - DEBUG - Making request: GET http://metadata.google.internal/computeMetadata/v1/instance/service-accounts/default/?recursive=true
2024-08-28 22:47:48 - urllib3.connectionpool - DEBUG - Starting new HTTP connection (1): metadata.google.internal:80
2024-08-28 22:47:48 - urllib3.connectionpool - DEBUG - http://metadata.google.internal:80 "GET /computeMetadata/v1/instance/service-accounts/default/?recursive=true HTTP/10" 200 None
2024-08-28 22:47:48 - google.auth.transport.requests - DEBUG - Making request: GET http://metadata.google.internal/computeMetadata/v1/instance/service-accounts/bamidele.tewogbade1@gmail.com/token?scopes=https%3A%2F%2Fwww.googleapis.com%2Fauth%2Fdevstorage.full_control%2Chttps%3A%2F%2Fwww.googleapis.com%2Fauth%2Fdevstorage.read_only%2Chttps%3A%2F%2Fwww.googleapis.com%2Fauth%2Fdevstorage.read_write
2024-08-28 22:47:48 - urllib3.connectionpool - DEBUG - Resetting dropped connection: metadata.google.internal
2024-08-28 22:47:48 - urllib3.connectionpool - DEBUG - http://metadata.google.internal:80 "GET /computeMetadata/v1/instance/service-accounts/bamidele.tewogbade1@gmail.com/token?scopes=https%3A%2F%2Fwww.googleapis.com%2Fauth%2Fdevstorage.full_control%2Chttps%3A%2F%2Fwww.googleapis.com%2Fauth%2Fdevstorage.read_only%2Chttps%3A%2F%2Fwww.googleapis.com%2Fauth%2Fdevstorage.read_write HTTP/10" 200 None
2024-08-28 22:47:48 - urllib3.connectionpool - DEBUG - Starting new HTTPS connection (1): storage.googleapis.com:443
2024-08-28 22:47:48 - __main__ - ERROR - Exception during feedback page generation: name 'os' is not defined
2024-08-28 22:47:48 - werkzeug - INFO - 127.0.0.1 - - [28/Aug/2024 22:47:48] "[35m[1mPOST /get_feedback_page HTTP/1.1[0m" 500 -
2024-08-28 22:47:49 - urllib3.connectionpool - DEBUG - https://storage.googleapis.com:443 "GET /download/storage/v1/b/genaiq_storage/o/uploads%2FOlusegun_Tewogbade.pdf?alt=media HTTP/11" 200 140304
2024-08-28 22:47:49 - __main__ - ERROR - Exception during feedback page generation: name 'os' is not defined
2024-08-28 22:47:49 - werkzeug - INFO - 127.0.0.1 - - [28/Aug/2024 22:47:49] "[35m[1mPOST /get_feedback_page HTTP/1.1[0m" 500 -
2024-08-28 23:05:45 - werkzeug - INFO -  * Detected change in '/home/bamidele_tewogbade1/genaiq/backend/app.py', reloading
2024-08-28 23:05:46 - werkzeug - INFO -  * Restarting with stat
2024-08-28 23:05:49 - __main__ - INFO - Logging is set up.
2024-08-28 23:05:49 - __main__ - DEBUG - Directory already exists at temp_uploads/
2024-08-28 23:05:49 - werkzeug - WARNING -  * Debugger is active!
2024-08-28 23:05:49 - werkzeug - INFO -  * Debugger PIN: 158-474-600
2024-08-28 23:05:51 - werkzeug - INFO -  * Detected change in '/home/bamidele_tewogbade1/genaiq/backend/app.py', reloading
2024-08-28 23:05:51 - werkzeug - INFO -  * Restarting with stat
2024-08-28 23:05:54 - __main__ - INFO - Logging is set up.
2024-08-28 23:05:54 - __main__ - DEBUG - Directory already exists at temp_uploads/
2024-08-28 23:05:54 - werkzeug - WARNING -  * Debugger is active!
2024-08-28 23:05:54 - werkzeug - INFO -  * Debugger PIN: 158-474-600
2024-08-28 23:10:00 - werkzeug - INFO -  * Detected change in '/home/bamidele_tewogbade1/genaiq/backend/ai_service.py', reloading
2024-08-28 23:10:00 - werkzeug - INFO -  * Restarting with stat
2024-08-28 23:14:08 - __main__ - INFO - Logging is set up.
2024-08-28 23:14:08 - __main__ - DEBUG - Directory already exists at temp_uploads/
2024-08-28 23:14:08 - werkzeug - INFO - [31m[1mWARNING: This is a development server. Do not use it in a production deployment. Use a production WSGI server instead.[0m
 * Running on http://127.0.0.1:5000
2024-08-28 23:14:08 - werkzeug - INFO - [33mPress CTRL+C to quit[0m
2024-08-28 23:14:08 - werkzeug - INFO -  * Restarting with stat
2024-08-28 23:14:11 - __main__ - INFO - Logging is set up.
2024-08-28 23:14:11 - __main__ - DEBUG - Directory already exists at temp_uploads/
2024-08-28 23:14:11 - werkzeug - WARNING -  * Debugger is active!
2024-08-28 23:14:11 - werkzeug - INFO -  * Debugger PIN: 158-474-600
2024-08-28 23:14:24 - werkzeug - INFO - 127.0.0.1 - - [28/Aug/2024 23:14:24] "GET /upload_resume_page HTTP/1.1" 200 -
2024-08-28 23:14:35 - __main__ - DEBUG - File 'Olusegun Tewogbade.pdf' allowed: True
2024-08-28 23:14:35 - __main__ - DEBUG - Directory already exists at temp_uploads
2024-08-28 23:14:35 - __main__ - INFO - File saved locally at temp_uploads/Olusegun_Tewogbade.pdf
2024-08-28 23:14:35 - google.auth._default - DEBUG - Checking None for explicit credentials as part of auth process...
2024-08-28 23:14:35 - google.auth._default - DEBUG - Checking Cloud SDK credentials as part of auth process...
2024-08-28 23:14:35 - google.auth._default - DEBUG - Cloud SDK credentials not found on disk; not using them
2024-08-28 23:14:35 - google.auth.transport._http_client - DEBUG - Making request: GET http://169.254.169.254
2024-08-28 23:14:35 - google.auth.transport._http_client - DEBUG - Making request: GET http://metadata.google.internal/computeMetadata/v1/project/project-id
2024-08-28 23:14:35 - google.auth.transport.requests - DEBUG - Making request: GET http://metadata.google.internal/computeMetadata/v1/universe/universe_domain
2024-08-28 23:14:35 - urllib3.connectionpool - DEBUG - Starting new HTTP connection (1): metadata.google.internal:80
2024-08-28 23:14:35 - urllib3.connectionpool - DEBUG - http://metadata.google.internal:80 "GET /computeMetadata/v1/universe/universe_domain HTTP/10" 404 None
2024-08-28 23:14:35 - urllib3.util.retry - DEBUG - Converted retries value: 3 -> Retry(total=3, connect=None, read=None, redirect=None, status=None)
2024-08-28 23:14:35 - google.auth.transport.requests - DEBUG - Making request: GET http://metadata.google.internal/computeMetadata/v1/instance/service-accounts/default/?recursive=true
2024-08-28 23:14:35 - urllib3.connectionpool - DEBUG - Starting new HTTP connection (1): metadata.google.internal:80
2024-08-28 23:14:35 - urllib3.connectionpool - DEBUG - http://metadata.google.internal:80 "GET /computeMetadata/v1/instance/service-accounts/default/?recursive=true HTTP/10" 200 None
2024-08-28 23:14:35 - google.auth.transport.requests - DEBUG - Making request: GET http://metadata.google.internal/computeMetadata/v1/instance/service-accounts/bamidele.tewogbade1@gmail.com/token?scopes=https%3A%2F%2Fwww.googleapis.com%2Fauth%2Fdevstorage.full_control%2Chttps%3A%2F%2Fwww.googleapis.com%2Fauth%2Fdevstorage.read_only%2Chttps%3A%2F%2Fwww.googleapis.com%2Fauth%2Fdevstorage.read_write
2024-08-28 23:14:35 - urllib3.connectionpool - DEBUG - Resetting dropped connection: metadata.google.internal
2024-08-28 23:14:35 - urllib3.connectionpool - DEBUG - http://metadata.google.internal:80 "GET /computeMetadata/v1/instance/service-accounts/bamidele.tewogbade1@gmail.com/token?scopes=https%3A%2F%2Fwww.googleapis.com%2Fauth%2Fdevstorage.full_control%2Chttps%3A%2F%2Fwww.googleapis.com%2Fauth%2Fdevstorage.read_only%2Chttps%3A%2F%2Fwww.googleapis.com%2Fauth%2Fdevstorage.read_write HTTP/10" 200 None
2024-08-28 23:14:35 - urllib3.connectionpool - DEBUG - Starting new HTTPS connection (1): storage.googleapis.com:443
2024-08-28 23:14:36 - urllib3.connectionpool - DEBUG - https://storage.googleapis.com:443 "POST /upload/storage/v1/b/genaiq_storage/o?uploadType=multipart HTTP/11" 200 830
2024-08-28 23:14:36 - __main__ - INFO - File uploaded to GCS at gs://genaiq_storage/uploads/Olusegun_Tewogbade.pdf
2024-08-28 23:14:36 - google.auth._default - DEBUG - Checking None for explicit credentials as part of auth process...
2024-08-28 23:14:36 - google.auth._default - DEBUG - Checking Cloud SDK credentials as part of auth process...
2024-08-28 23:14:36 - google.auth._default - DEBUG - Cloud SDK credentials not found on disk; not using them
2024-08-28 23:14:36 - google.auth.transport._http_client - DEBUG - Making request: GET http://169.254.169.254
2024-08-28 23:14:36 - google.auth.transport._http_client - DEBUG - Making request: GET http://metadata.google.internal/computeMetadata/v1/project/project-id
2024-08-28 23:14:36 - google.auth.transport.requests - DEBUG - Making request: GET http://metadata.google.internal/computeMetadata/v1/universe/universe_domain
2024-08-28 23:14:36 - urllib3.connectionpool - DEBUG - Starting new HTTP connection (1): metadata.google.internal:80
2024-08-28 23:14:36 - urllib3.connectionpool - DEBUG - http://metadata.google.internal:80 "GET /computeMetadata/v1/universe/universe_domain HTTP/10" 404 None
2024-08-28 23:14:36 - urllib3.util.retry - DEBUG - Converted retries value: 3 -> Retry(total=3, connect=None, read=None, redirect=None, status=None)
2024-08-28 23:14:36 - google.auth.transport.requests - DEBUG - Making request: GET http://metadata.google.internal/computeMetadata/v1/instance/service-accounts/default/?recursive=true
2024-08-28 23:14:36 - urllib3.connectionpool - DEBUG - Starting new HTTP connection (1): metadata.google.internal:80
2024-08-28 23:14:36 - urllib3.connectionpool - DEBUG - http://metadata.google.internal:80 "GET /computeMetadata/v1/instance/service-accounts/default/?recursive=true HTTP/10" 200 None
2024-08-28 23:14:36 - google.auth.transport.requests - DEBUG - Making request: GET http://metadata.google.internal/computeMetadata/v1/instance/service-accounts/bamidele.tewogbade1@gmail.com/token?scopes=https%3A%2F%2Fwww.googleapis.com%2Fauth%2Fdevstorage.full_control%2Chttps%3A%2F%2Fwww.googleapis.com%2Fauth%2Fdevstorage.read_only%2Chttps%3A%2F%2Fwww.googleapis.com%2Fauth%2Fdevstorage.read_write
2024-08-28 23:14:36 - urllib3.connectionpool - DEBUG - Resetting dropped connection: metadata.google.internal
2024-08-28 23:14:36 - urllib3.connectionpool - DEBUG - http://metadata.google.internal:80 "GET /computeMetadata/v1/instance/service-accounts/bamidele.tewogbade1@gmail.com/token?scopes=https%3A%2F%2Fwww.googleapis.com%2Fauth%2Fdevstorage.full_control%2Chttps%3A%2F%2Fwww.googleapis.com%2Fauth%2Fdevstorage.read_only%2Chttps%3A%2F%2Fwww.googleapis.com%2Fauth%2Fdevstorage.read_write HTTP/10" 200 None
2024-08-28 23:14:36 - urllib3.connectionpool - DEBUG - Starting new HTTPS connection (1): storage.googleapis.com:443
2024-08-28 23:14:37 - urllib3.connectionpool - DEBUG - https://storage.googleapis.com:443 "GET /download/storage/v1/b/genaiq_storage/o/uploads%2FOlusegun_Tewogbade.pdf?alt=media HTTP/11" 200 140304
2024-08-28 23:14:37 - __main__ - ERROR - Exception during feedback page generation: name 'os' is not defined
2024-08-28 23:14:37 - __main__ - INFO - Local file temp_uploads/Olusegun_Tewogbade.pdf removed after processing.
2024-08-28 23:14:37 - werkzeug - INFO - 127.0.0.1 - - [28/Aug/2024 23:14:37] "[35m[1mPOST /get_feedback_page HTTP/1.1[0m" 500 -
2024-08-28 23:14:39 - __main__ - DEBUG - File 'Olusegun Tewogbade.pdf' allowed: True
2024-08-28 23:14:39 - __main__ - DEBUG - Directory already exists at temp_uploads
2024-08-28 23:14:39 - __main__ - INFO - File saved locally at temp_uploads/Olusegun_Tewogbade.pdf
2024-08-28 23:14:39 - google.auth._default - DEBUG - Checking None for explicit credentials as part of auth process...
2024-08-28 23:14:39 - google.auth._default - DEBUG - Checking Cloud SDK credentials as part of auth process...
2024-08-28 23:14:39 - google.auth._default - DEBUG - Cloud SDK credentials not found on disk; not using them
2024-08-28 23:14:39 - google.auth.transport._http_client - DEBUG - Making request: GET http://169.254.169.254
2024-08-28 23:14:39 - google.auth.transport._http_client - DEBUG - Making request: GET http://metadata.google.internal/computeMetadata/v1/project/project-id
2024-08-28 23:14:39 - google.auth.transport.requests - DEBUG - Making request: GET http://metadata.google.internal/computeMetadata/v1/universe/universe_domain
2024-08-28 23:14:39 - urllib3.connectionpool - DEBUG - Starting new HTTP connection (1): metadata.google.internal:80
2024-08-28 23:14:39 - urllib3.connectionpool - DEBUG - http://metadata.google.internal:80 "GET /computeMetadata/v1/universe/universe_domain HTTP/10" 404 None
2024-08-28 23:14:39 - urllib3.util.retry - DEBUG - Converted retries value: 3 -> Retry(total=3, connect=None, read=None, redirect=None, status=None)
2024-08-28 23:14:39 - google.auth.transport.requests - DEBUG - Making request: GET http://metadata.google.internal/computeMetadata/v1/instance/service-accounts/default/?recursive=true
2024-08-28 23:14:39 - urllib3.connectionpool - DEBUG - Starting new HTTP connection (1): metadata.google.internal:80
2024-08-28 23:14:39 - urllib3.connectionpool - DEBUG - http://metadata.google.internal:80 "GET /computeMetadata/v1/instance/service-accounts/default/?recursive=true HTTP/10" 200 None
2024-08-28 23:14:39 - google.auth.transport.requests - DEBUG - Making request: GET http://metadata.google.internal/computeMetadata/v1/instance/service-accounts/bamidele.tewogbade1@gmail.com/token?scopes=https%3A%2F%2Fwww.googleapis.com%2Fauth%2Fdevstorage.full_control%2Chttps%3A%2F%2Fwww.googleapis.com%2Fauth%2Fdevstorage.read_only%2Chttps%3A%2F%2Fwww.googleapis.com%2Fauth%2Fdevstorage.read_write
2024-08-28 23:14:39 - urllib3.connectionpool - DEBUG - Resetting dropped connection: metadata.google.internal
2024-08-28 23:14:39 - urllib3.connectionpool - DEBUG - http://metadata.google.internal:80 "GET /computeMetadata/v1/instance/service-accounts/bamidele.tewogbade1@gmail.com/token?scopes=https%3A%2F%2Fwww.googleapis.com%2Fauth%2Fdevstorage.full_control%2Chttps%3A%2F%2Fwww.googleapis.com%2Fauth%2Fdevstorage.read_only%2Chttps%3A%2F%2Fwww.googleapis.com%2Fauth%2Fdevstorage.read_write HTTP/10" 200 None
2024-08-28 23:14:39 - urllib3.connectionpool - DEBUG - Starting new HTTPS connection (1): storage.googleapis.com:443
2024-08-28 23:14:40 - urllib3.connectionpool - DEBUG - https://storage.googleapis.com:443 "POST /upload/storage/v1/b/genaiq_storage/o?uploadType=multipart HTTP/11" 200 830
2024-08-28 23:14:40 - __main__ - INFO - File uploaded to GCS at gs://genaiq_storage/uploads/Olusegun_Tewogbade.pdf
2024-08-28 23:14:40 - google.auth._default - DEBUG - Checking None for explicit credentials as part of auth process...
2024-08-28 23:14:40 - google.auth._default - DEBUG - Checking Cloud SDK credentials as part of auth process...
2024-08-28 23:14:40 - google.auth._default - DEBUG - Cloud SDK credentials not found on disk; not using them
2024-08-28 23:14:40 - google.auth.transport._http_client - DEBUG - Making request: GET http://169.254.169.254
2024-08-28 23:14:40 - google.auth.transport._http_client - DEBUG - Making request: GET http://metadata.google.internal/computeMetadata/v1/project/project-id
2024-08-28 23:14:40 - google.auth.transport.requests - DEBUG - Making request: GET http://metadata.google.internal/computeMetadata/v1/universe/universe_domain
2024-08-28 23:14:40 - urllib3.connectionpool - DEBUG - Starting new HTTP connection (1): metadata.google.internal:80
2024-08-28 23:14:40 - urllib3.connectionpool - DEBUG - http://metadata.google.internal:80 "GET /computeMetadata/v1/universe/universe_domain HTTP/10" 404 None
2024-08-28 23:14:40 - urllib3.util.retry - DEBUG - Converted retries value: 3 -> Retry(total=3, connect=None, read=None, redirect=None, status=None)
2024-08-28 23:14:40 - google.auth.transport.requests - DEBUG - Making request: GET http://metadata.google.internal/computeMetadata/v1/instance/service-accounts/default/?recursive=true
2024-08-28 23:14:40 - urllib3.connectionpool - DEBUG - Starting new HTTP connection (1): metadata.google.internal:80
2024-08-28 23:14:40 - urllib3.connectionpool - DEBUG - http://metadata.google.internal:80 "GET /computeMetadata/v1/instance/service-accounts/default/?recursive=true HTTP/10" 200 None
2024-08-28 23:14:40 - google.auth.transport.requests - DEBUG - Making request: GET http://metadata.google.internal/computeMetadata/v1/instance/service-accounts/bamidele.tewogbade1@gmail.com/token?scopes=https%3A%2F%2Fwww.googleapis.com%2Fauth%2Fdevstorage.full_control%2Chttps%3A%2F%2Fwww.googleapis.com%2Fauth%2Fdevstorage.read_only%2Chttps%3A%2F%2Fwww.googleapis.com%2Fauth%2Fdevstorage.read_write
2024-08-28 23:14:40 - urllib3.connectionpool - DEBUG - Resetting dropped connection: metadata.google.internal
2024-08-28 23:14:40 - urllib3.connectionpool - DEBUG - http://metadata.google.internal:80 "GET /computeMetadata/v1/instance/service-accounts/bamidele.tewogbade1@gmail.com/token?scopes=https%3A%2F%2Fwww.googleapis.com%2Fauth%2Fdevstorage.full_control%2Chttps%3A%2F%2Fwww.googleapis.com%2Fauth%2Fdevstorage.read_only%2Chttps%3A%2F%2Fwww.googleapis.com%2Fauth%2Fdevstorage.read_write HTTP/10" 200 None
2024-08-28 23:14:40 - urllib3.connectionpool - DEBUG - Starting new HTTPS connection (1): storage.googleapis.com:443
2024-08-28 23:14:41 - urllib3.connectionpool - DEBUG - https://storage.googleapis.com:443 "GET /download/storage/v1/b/genaiq_storage/o/uploads%2FOlusegun_Tewogbade.pdf?alt=media HTTP/11" 200 140304
2024-08-28 23:14:41 - __main__ - ERROR - Exception during feedback page generation: name 'os' is not defined
2024-08-28 23:14:41 - __main__ - INFO - Local file temp_uploads/Olusegun_Tewogbade.pdf removed after processing.
2024-08-28 23:14:41 - werkzeug - INFO - 127.0.0.1 - - [28/Aug/2024 23:14:41] "[35m[1mPOST /get_feedback_page HTTP/1.1[0m" 500 -
2024-08-28 23:18:13 - werkzeug - INFO -  * Detected change in '/home/bamidele_tewogbade1/genaiq/backend/app.py', reloading
2024-08-28 23:18:14 - werkzeug - INFO -  * Restarting with stat
2024-08-28 23:18:17 - __main__ - INFO - Logging is set up.
2024-08-28 23:18:17 - __main__ - DEBUG - Directory already exists at temp_uploads/
2024-08-28 23:18:17 - werkzeug - WARNING -  * Debugger is active!
2024-08-28 23:18:17 - werkzeug - INFO -  * Debugger PIN: 158-474-600
2024-08-28 23:18:19 - werkzeug - INFO -  * Detected change in '/home/bamidele_tewogbade1/genaiq/backend/app.py', reloading
2024-08-28 23:18:19 - werkzeug - INFO -  * Restarting with stat
2024-08-28 23:18:22 - __main__ - INFO - Logging is set up.
2024-08-28 23:18:22 - __main__ - DEBUG - Directory already exists at temp_uploads/
2024-08-28 23:18:22 - werkzeug - WARNING -  * Debugger is active!
2024-08-28 23:18:22 - werkzeug - INFO -  * Debugger PIN: 158-474-600
2024-08-28 23:19:06 - werkzeug - INFO -  * Detected change in '/home/bamidele_tewogbade1/genaiq/backend/app.py', reloading
2024-08-28 23:19:06 - werkzeug - INFO -  * Restarting with stat
2024-08-28 23:19:09 - __main__ - INFO - Logging is set up.
2024-08-28 23:19:09 - __main__ - DEBUG - Directory already exists at temp_uploads/
2024-08-28 23:19:09 - werkzeug - WARNING -  * Debugger is active!
2024-08-28 23:19:09 - werkzeug - INFO -  * Debugger PIN: 158-474-600
2024-08-28 23:19:12 - werkzeug - INFO -  * Detected change in '/home/bamidele_tewogbade1/genaiq/backend/app.py', reloading
2024-08-28 23:19:13 - werkzeug - INFO -  * Restarting with stat
2024-08-28 23:19:15 - __main__ - INFO - Logging is set up.
2024-08-28 23:19:15 - __main__ - DEBUG - Directory already exists at temp_uploads/
2024-08-28 23:19:15 - werkzeug - WARNING -  * Debugger is active!
2024-08-28 23:19:15 - werkzeug - INFO -  * Debugger PIN: 158-474-600
2024-08-28 23:19:21 - werkzeug - INFO - 127.0.0.1 - - [28/Aug/2024 23:19:21] "GET /upload_resume_page HTTP/1.1" 200 -
2024-08-28 23:19:33 - __main__ - DEBUG - File 'Olusegun Tewogbade.pdf' allowed: True
2024-08-28 23:19:33 - __main__ - DEBUG - Directory already exists at temp_uploads
2024-08-28 23:19:33 - __main__ - INFO - File saved locally at temp_uploads/Olusegun_Tewogbade.pdf
2024-08-28 23:19:33 - google.auth._default - DEBUG - Checking None for explicit credentials as part of auth process...
2024-08-28 23:19:33 - google.auth._default - DEBUG - Checking Cloud SDK credentials as part of auth process...
2024-08-28 23:19:33 - google.auth._default - DEBUG - Cloud SDK credentials not found on disk; not using them
2024-08-28 23:19:33 - google.auth.transport._http_client - DEBUG - Making request: GET http://169.254.169.254
2024-08-28 23:19:33 - google.auth.transport._http_client - DEBUG - Making request: GET http://metadata.google.internal/computeMetadata/v1/project/project-id
2024-08-28 23:19:33 - google.auth.transport.requests - DEBUG - Making request: GET http://metadata.google.internal/computeMetadata/v1/universe/universe_domain
2024-08-28 23:19:33 - urllib3.connectionpool - DEBUG - Starting new HTTP connection (1): metadata.google.internal:80
2024-08-28 23:19:33 - urllib3.connectionpool - DEBUG - http://metadata.google.internal:80 "GET /computeMetadata/v1/universe/universe_domain HTTP/10" 404 None
2024-08-28 23:19:33 - urllib3.util.retry - DEBUG - Converted retries value: 3 -> Retry(total=3, connect=None, read=None, redirect=None, status=None)
2024-08-28 23:19:33 - google.auth.transport.requests - DEBUG - Making request: GET http://metadata.google.internal/computeMetadata/v1/instance/service-accounts/default/?recursive=true
2024-08-28 23:19:33 - urllib3.connectionpool - DEBUG - Starting new HTTP connection (1): metadata.google.internal:80
2024-08-28 23:19:33 - urllib3.connectionpool - DEBUG - http://metadata.google.internal:80 "GET /computeMetadata/v1/instance/service-accounts/default/?recursive=true HTTP/10" 200 None
2024-08-28 23:19:33 - google.auth.transport.requests - DEBUG - Making request: GET http://metadata.google.internal/computeMetadata/v1/instance/service-accounts/bamidele.tewogbade1@gmail.com/token?scopes=https%3A%2F%2Fwww.googleapis.com%2Fauth%2Fdevstorage.full_control%2Chttps%3A%2F%2Fwww.googleapis.com%2Fauth%2Fdevstorage.read_only%2Chttps%3A%2F%2Fwww.googleapis.com%2Fauth%2Fdevstorage.read_write
2024-08-28 23:19:33 - urllib3.connectionpool - DEBUG - Resetting dropped connection: metadata.google.internal
2024-08-28 23:19:33 - urllib3.connectionpool - DEBUG - http://metadata.google.internal:80 "GET /computeMetadata/v1/instance/service-accounts/bamidele.tewogbade1@gmail.com/token?scopes=https%3A%2F%2Fwww.googleapis.com%2Fauth%2Fdevstorage.full_control%2Chttps%3A%2F%2Fwww.googleapis.com%2Fauth%2Fdevstorage.read_only%2Chttps%3A%2F%2Fwww.googleapis.com%2Fauth%2Fdevstorage.read_write HTTP/10" 200 None
2024-08-28 23:19:33 - urllib3.connectionpool - DEBUG - Starting new HTTPS connection (1): storage.googleapis.com:443
2024-08-28 23:19:34 - urllib3.connectionpool - DEBUG - https://storage.googleapis.com:443 "POST /upload/storage/v1/b/genaiq_storage/o?uploadType=multipart HTTP/11" 200 830
2024-08-28 23:19:34 - __main__ - INFO - File uploaded to GCS at gs://genaiq_storage/uploads/Olusegun_Tewogbade.pdf
2024-08-28 23:19:34 - google.auth._default - DEBUG - Checking None for explicit credentials as part of auth process...
2024-08-28 23:19:34 - google.auth._default - DEBUG - Checking Cloud SDK credentials as part of auth process...
2024-08-28 23:19:34 - google.auth._default - DEBUG - Cloud SDK credentials not found on disk; not using them
2024-08-28 23:19:34 - google.auth.transport._http_client - DEBUG - Making request: GET http://169.254.169.254
2024-08-28 23:19:34 - google.auth.transport._http_client - DEBUG - Making request: GET http://metadata.google.internal/computeMetadata/v1/project/project-id
2024-08-28 23:19:34 - google.auth.transport.requests - DEBUG - Making request: GET http://metadata.google.internal/computeMetadata/v1/universe/universe_domain
2024-08-28 23:19:34 - urllib3.connectionpool - DEBUG - Starting new HTTP connection (1): metadata.google.internal:80
2024-08-28 23:19:34 - urllib3.connectionpool - DEBUG - http://metadata.google.internal:80 "GET /computeMetadata/v1/universe/universe_domain HTTP/10" 404 None
2024-08-28 23:19:34 - urllib3.util.retry - DEBUG - Converted retries value: 3 -> Retry(total=3, connect=None, read=None, redirect=None, status=None)
2024-08-28 23:19:34 - google.auth.transport.requests - DEBUG - Making request: GET http://metadata.google.internal/computeMetadata/v1/instance/service-accounts/default/?recursive=true
2024-08-28 23:19:34 - urllib3.connectionpool - DEBUG - Starting new HTTP connection (1): metadata.google.internal:80
2024-08-28 23:19:34 - urllib3.connectionpool - DEBUG - http://metadata.google.internal:80 "GET /computeMetadata/v1/instance/service-accounts/default/?recursive=true HTTP/10" 200 None
2024-08-28 23:19:34 - google.auth.transport.requests - DEBUG - Making request: GET http://metadata.google.internal/computeMetadata/v1/instance/service-accounts/bamidele.tewogbade1@gmail.com/token?scopes=https%3A%2F%2Fwww.googleapis.com%2Fauth%2Fdevstorage.full_control%2Chttps%3A%2F%2Fwww.googleapis.com%2Fauth%2Fdevstorage.read_only%2Chttps%3A%2F%2Fwww.googleapis.com%2Fauth%2Fdevstorage.read_write
2024-08-28 23:19:34 - urllib3.connectionpool - DEBUG - Resetting dropped connection: metadata.google.internal
2024-08-28 23:19:34 - urllib3.connectionpool - DEBUG - http://metadata.google.internal:80 "GET /computeMetadata/v1/instance/service-accounts/bamidele.tewogbade1@gmail.com/token?scopes=https%3A%2F%2Fwww.googleapis.com%2Fauth%2Fdevstorage.full_control%2Chttps%3A%2F%2Fwww.googleapis.com%2Fauth%2Fdevstorage.read_only%2Chttps%3A%2F%2Fwww.googleapis.com%2Fauth%2Fdevstorage.read_write HTTP/10" 200 None
2024-08-28 23:19:34 - urllib3.connectionpool - DEBUG - Starting new HTTPS connection (1): storage.googleapis.com:443
2024-08-28 23:19:35 - urllib3.connectionpool - DEBUG - https://storage.googleapis.com:443 "GET /download/storage/v1/b/genaiq_storage/o/uploads%2FOlusegun_Tewogbade.pdf?alt=media HTTP/11" 200 140304
2024-08-28 23:19:35 - __main__ - ERROR - Exception during feedback page generation: name 'os' is not defined
2024-08-28 23:19:35 - __main__ - INFO - Local file temp_uploads/Olusegun_Tewogbade.pdf removed after processing.
2024-08-28 23:19:35 - werkzeug - INFO - 127.0.0.1 - - [28/Aug/2024 23:19:35] "[35m[1mPOST /get_feedback_page HTTP/1.1[0m" 500 -
2024-08-28 23:20:32 - werkzeug - INFO -  * Detected change in '/home/bamidele_tewogbade1/genaiq/backend/ai_service.py', reloading
2024-08-28 23:20:33 - werkzeug - INFO -  * Restarting with stat
2024-08-28 23:20:35 - __main__ - INFO - Logging is set up.
2024-08-28 23:20:35 - __main__ - DEBUG - Directory already exists at temp_uploads/
2024-08-28 23:20:35 - werkzeug - WARNING -  * Debugger is active!
2024-08-28 23:20:35 - werkzeug - INFO -  * Debugger PIN: 158-474-600
2024-08-28 23:20:37 - werkzeug - INFO -  * Detected change in '/home/bamidele_tewogbade1/genaiq/backend/ai_service.py', reloading
2024-08-28 23:20:38 - werkzeug - INFO -  * Restarting with stat
2024-08-28 23:20:40 - __main__ - INFO - Logging is set up.
2024-08-28 23:20:40 - __main__ - DEBUG - Directory already exists at temp_uploads/
2024-08-28 23:20:40 - werkzeug - WARNING -  * Debugger is active!
2024-08-28 23:20:40 - werkzeug - INFO -  * Debugger PIN: 158-474-600
2024-08-28 23:23:27 - __main__ - INFO - Logging is set up.
2024-08-28 23:23:27 - __main__ - DEBUG - Directory already exists at temp_uploads/
2024-08-28 23:23:27 - werkzeug - INFO - [31m[1mWARNING: This is a development server. Do not use it in a production deployment. Use a production WSGI server instead.[0m
 * Running on http://127.0.0.1:5000
2024-08-28 23:23:27 - werkzeug - INFO - [33mPress CTRL+C to quit[0m
2024-08-28 23:23:27 - werkzeug - INFO -  * Restarting with stat
2024-08-28 23:23:29 - __main__ - INFO - Logging is set up.
2024-08-28 23:23:30 - __main__ - DEBUG - Directory already exists at temp_uploads/
2024-08-28 23:23:30 - werkzeug - WARNING -  * Debugger is active!
2024-08-28 23:23:30 - werkzeug - INFO -  * Debugger PIN: 158-474-600
2024-08-28 23:27:27 - __main__ - INFO - Logging is set up.
2024-08-28 23:27:27 - __main__ - DEBUG - Directory already exists at temp_uploads/
2024-08-28 23:27:27 - werkzeug - INFO - [31m[1mWARNING: This is a development server. Do not use it in a production deployment. Use a production WSGI server instead.[0m
 * Running on http://127.0.0.1:5000
2024-08-28 23:27:27 - werkzeug - INFO - [33mPress CTRL+C to quit[0m
2024-08-28 23:27:27 - werkzeug - INFO -  * Restarting with stat
2024-08-28 23:27:30 - __main__ - INFO - Logging is set up.
2024-08-28 23:27:30 - __main__ - DEBUG - Directory already exists at temp_uploads/
2024-08-28 23:27:30 - werkzeug - WARNING -  * Debugger is active!
2024-08-28 23:27:30 - werkzeug - INFO -  * Debugger PIN: 158-474-600
2024-08-29 06:53:04 - __main__ - INFO - Logging is set up.
2024-08-29 06:53:04 - __main__ - DEBUG - Directory already exists at temp_uploads/
2024-08-29 06:53:04 - werkzeug - INFO - [31m[1mWARNING: This is a development server. Do not use it in a production deployment. Use a production WSGI server instead.[0m
 * Running on http://127.0.0.1:5000
2024-08-29 06:53:04 - werkzeug - INFO - [33mPress CTRL+C to quit[0m
2024-08-29 06:53:04 - werkzeug - INFO -  * Restarting with stat
2024-08-29 06:53:07 - __main__ - INFO - Logging is set up.
2024-08-29 06:53:07 - __main__ - DEBUG - Directory already exists at temp_uploads/
2024-08-29 06:53:07 - werkzeug - WARNING -  * Debugger is active!
2024-08-29 06:53:07 - werkzeug - INFO -  * Debugger PIN: 504-898-813
2024-08-29 06:53:20 - __main__ - INFO - Logging is set up.
2024-08-29 06:53:20 - __main__ - DEBUG - Directory already exists at temp_uploads/
2024-08-29 06:53:20 - werkzeug - INFO - [31m[1mWARNING: This is a development server. Do not use it in a production deployment. Use a production WSGI server instead.[0m
 * Running on http://127.0.0.1:5000
2024-08-29 06:53:20 - werkzeug - INFO - [33mPress CTRL+C to quit[0m
2024-08-29 06:53:20 - werkzeug - INFO -  * Restarting with stat
2024-08-29 06:53:22 - __main__ - INFO - Logging is set up.
2024-08-29 06:53:22 - __main__ - DEBUG - Directory already exists at temp_uploads/
2024-08-29 06:53:22 - werkzeug - WARNING -  * Debugger is active!
2024-08-29 06:53:22 - werkzeug - INFO -  * Debugger PIN: 504-898-813
2024-08-29 06:56:50 - werkzeug - INFO -  * Detected change in '/home/bamidele_tewogbade1/genaiq/backend/app.py', reloading
2024-08-29 06:56:51 - werkzeug - INFO -  * Restarting with stat
2024-08-29 06:56:53 - __main__ - INFO - Logging is set up.
2024-08-29 06:56:53 - __main__ - DEBUG - Directory already exists at temp_uploads/
2024-08-29 06:57:36 - __main__ - INFO - Logging is set up.
2024-08-29 06:57:36 - __main__ - DEBUG - Directory already exists at temp_uploads/
2024-08-29 06:57:36 - werkzeug - INFO - [31m[1mWARNING: This is a development server. Do not use it in a production deployment. Use a production WSGI server instead.[0m
 * Running on http://127.0.0.1:5000
2024-08-29 06:57:36 - werkzeug - INFO - [33mPress CTRL+C to quit[0m
2024-08-29 06:57:36 - werkzeug - INFO -  * Restarting with stat
2024-08-29 06:57:38 - __main__ - INFO - Logging is set up.
2024-08-29 06:57:38 - __main__ - DEBUG - Directory already exists at temp_uploads/
2024-08-29 06:57:38 - werkzeug - WARNING -  * Debugger is active!
2024-08-29 06:57:38 - werkzeug - INFO -  * Debugger PIN: 504-898-813
2024-08-29 06:57:46 - werkzeug - INFO - 127.0.0.1 - - [29/Aug/2024 06:57:46] "GET /?redirectedPreviously=true HTTP/1.1" 200 -
2024-08-29 06:57:46 - werkzeug - INFO - 127.0.0.1 - - [29/Aug/2024 06:57:46] "[36mGET /static/images/oka.jpg HTTP/1.1[0m" 304 -
2024-08-29 07:07:39 - werkzeug - INFO - 127.0.0.1 - - [29/Aug/2024 07:07:39] "GET /upload_resume_page HTTP/1.1" 200 -
2024-08-29 07:07:50 - __main__ - DEBUG - Directory already exists at temp_uploads
2024-08-29 07:07:50 - __main__ - INFO - File saved locally at temp_uploads/Olusegun_Tewogbade.pdf
2024-08-29 07:07:50 - google.auth._default - DEBUG - Checking None for explicit credentials as part of auth process...
2024-08-29 07:07:50 - google.auth._default - DEBUG - Checking Cloud SDK credentials as part of auth process...
2024-08-29 07:07:50 - google.auth._default - DEBUG - Cloud SDK credentials not found on disk; not using them
2024-08-29 07:07:50 - google.auth.transport._http_client - DEBUG - Making request: GET http://169.254.169.254
2024-08-29 07:07:50 - google.auth.transport._http_client - DEBUG - Making request: GET http://metadata.google.internal/computeMetadata/v1/project/project-id
2024-08-29 07:07:50 - google.auth._default - WARNING - No project ID could be determined. Consider running `gcloud config set project` or setting the GOOGLE_CLOUD_PROJECT environment variable
2024-08-29 07:07:50 - google.auth._default - DEBUG - Checking None for explicit credentials as part of auth process...
2024-08-29 07:07:50 - google.auth._default - DEBUG - Checking Cloud SDK credentials as part of auth process...
2024-08-29 07:07:50 - google.auth._default - DEBUG - Cloud SDK credentials not found on disk; not using them
2024-08-29 07:07:50 - google.auth.transport._http_client - DEBUG - Making request: GET http://169.254.169.254
2024-08-29 07:07:50 - google.auth.transport._http_client - DEBUG - Making request: GET http://metadata.google.internal/computeMetadata/v1/project/project-id
2024-08-29 07:07:50 - google.auth._default - WARNING - No project ID could be determined. Consider running `gcloud config set project` or setting the GOOGLE_CLOUD_PROJECT environment variable
2024-08-29 07:07:50 - google.auth.transport.requests - DEBUG - Making request: GET http://metadata.google.internal/computeMetadata/v1/universe/universe_domain
2024-08-29 07:07:50 - urllib3.connectionpool - DEBUG - Starting new HTTP connection (1): metadata.google.internal:80
2024-08-29 07:07:50 - urllib3.connectionpool - DEBUG - http://metadata.google.internal:80 "GET /computeMetadata/v1/universe/universe_domain HTTP/10" 404 None
2024-08-29 07:07:50 - urllib3.util.retry - DEBUG - Converted retries value: 3 -> Retry(total=3, connect=None, read=None, redirect=None, status=None)
2024-08-29 07:07:50 - google.auth.transport.requests - DEBUG - Making request: GET http://metadata.google.internal/computeMetadata/v1/instance/service-accounts/default/?recursive=true
2024-08-29 07:07:50 - urllib3.connectionpool - DEBUG - Starting new HTTP connection (1): metadata.google.internal:80
2024-08-29 07:07:52 - __main__ - DEBUG - Directory already exists at temp_uploads
2024-08-29 07:07:52 - __main__ - INFO - File saved locally at temp_uploads/Olusegun_Tewogbade.pdf
2024-08-29 07:07:52 - google.auth._default - DEBUG - Checking None for explicit credentials as part of auth process...
2024-08-29 07:07:52 - google.auth._default - DEBUG - Checking Cloud SDK credentials as part of auth process...
2024-08-29 07:07:52 - google.auth._default - DEBUG - Cloud SDK credentials not found on disk; not using them
2024-08-29 07:07:52 - google.auth.transport._http_client - DEBUG - Making request: GET http://169.254.169.254
2024-08-29 07:07:52 - google.auth.transport._http_client - DEBUG - Making request: GET http://metadata.google.internal/computeMetadata/v1/project/project-id
2024-08-29 07:07:52 - google.auth._default - WARNING - No project ID could be determined. Consider running `gcloud config set project` or setting the GOOGLE_CLOUD_PROJECT environment variable
2024-08-29 07:07:52 - google.auth._default - DEBUG - Checking None for explicit credentials as part of auth process...
2024-08-29 07:07:52 - google.auth._default - DEBUG - Checking Cloud SDK credentials as part of auth process...
2024-08-29 07:07:52 - google.auth._default - DEBUG - Cloud SDK credentials not found on disk; not using them
2024-08-29 07:07:52 - google.auth.transport._http_client - DEBUG - Making request: GET http://169.254.169.254
2024-08-29 07:07:52 - google.auth.transport._http_client - DEBUG - Making request: GET http://metadata.google.internal/computeMetadata/v1/project/project-id
2024-08-29 07:07:52 - google.auth._default - WARNING - No project ID could be determined. Consider running `gcloud config set project` or setting the GOOGLE_CLOUD_PROJECT environment variable
2024-08-29 07:07:52 - google.auth.transport.requests - DEBUG - Making request: GET http://metadata.google.internal/computeMetadata/v1/universe/universe_domain
2024-08-29 07:07:52 - urllib3.connectionpool - DEBUG - Starting new HTTP connection (1): metadata.google.internal:80
2024-08-29 07:07:52 - urllib3.connectionpool - DEBUG - http://metadata.google.internal:80 "GET /computeMetadata/v1/universe/universe_domain HTTP/10" 404 None
2024-08-29 07:07:52 - urllib3.util.retry - DEBUG - Converted retries value: 3 -> Retry(total=3, connect=None, read=None, redirect=None, status=None)
2024-08-29 07:07:52 - google.auth.transport.requests - DEBUG - Making request: GET http://metadata.google.internal/computeMetadata/v1/instance/service-accounts/default/?recursive=true
2024-08-29 07:07:52 - urllib3.connectionpool - DEBUG - Starting new HTTP connection (1): metadata.google.internal:80
2024-08-29 07:07:53 - __main__ - DEBUG - Directory already exists at temp_uploads
2024-08-29 07:07:53 - __main__ - INFO - File saved locally at temp_uploads/Olusegun_Tewogbade.pdf
2024-08-29 07:07:53 - google.auth._default - DEBUG - Checking None for explicit credentials as part of auth process...
2024-08-29 07:07:53 - google.auth._default - DEBUG - Checking Cloud SDK credentials as part of auth process...
2024-08-29 07:07:53 - google.auth._default - DEBUG - Cloud SDK credentials not found on disk; not using them
2024-08-29 07:07:53 - google.auth.transport._http_client - DEBUG - Making request: GET http://169.254.169.254
2024-08-29 07:07:53 - google.auth.transport._http_client - DEBUG - Making request: GET http://metadata.google.internal/computeMetadata/v1/project/project-id
2024-08-29 07:07:53 - google.auth._default - WARNING - No project ID could be determined. Consider running `gcloud config set project` or setting the GOOGLE_CLOUD_PROJECT environment variable
2024-08-29 07:07:53 - google.auth._default - DEBUG - Checking None for explicit credentials as part of auth process...
2024-08-29 07:07:53 - google.auth._default - DEBUG - Checking Cloud SDK credentials as part of auth process...
2024-08-29 07:07:53 - google.auth._default - DEBUG - Cloud SDK credentials not found on disk; not using them
2024-08-29 07:07:53 - google.auth.transport._http_client - DEBUG - Making request: GET http://169.254.169.254
2024-08-29 07:07:53 - google.auth.transport._http_client - DEBUG - Making request: GET http://metadata.google.internal/computeMetadata/v1/project/project-id
2024-08-29 07:07:53 - google.auth._default - WARNING - No project ID could be determined. Consider running `gcloud config set project` or setting the GOOGLE_CLOUD_PROJECT environment variable
2024-08-29 07:07:53 - google.auth.transport.requests - DEBUG - Making request: GET http://metadata.google.internal/computeMetadata/v1/universe/universe_domain
2024-08-29 07:07:53 - urllib3.connectionpool - DEBUG - Starting new HTTP connection (1): metadata.google.internal:80
2024-08-29 07:07:53 - urllib3.connectionpool - DEBUG - http://metadata.google.internal:80 "GET /computeMetadata/v1/universe/universe_domain HTTP/10" 404 None
2024-08-29 07:07:53 - urllib3.util.retry - DEBUG - Converted retries value: 3 -> Retry(total=3, connect=None, read=None, redirect=None, status=None)
2024-08-29 07:07:53 - google.auth.transport.requests - DEBUG - Making request: GET http://metadata.google.internal/computeMetadata/v1/instance/service-accounts/default/?recursive=true
2024-08-29 07:07:53 - urllib3.connectionpool - DEBUG - Starting new HTTP connection (1): metadata.google.internal:80
2024-08-29 07:07:55 - __main__ - DEBUG - Directory already exists at temp_uploads
2024-08-29 07:07:55 - __main__ - INFO - File saved locally at temp_uploads/Olusegun_Tewogbade.pdf
2024-08-29 07:07:55 - google.auth._default - DEBUG - Checking None for explicit credentials as part of auth process...
2024-08-29 07:07:55 - google.auth._default - DEBUG - Checking Cloud SDK credentials as part of auth process...
2024-08-29 07:07:55 - google.auth._default - DEBUG - Cloud SDK credentials not found on disk; not using them
2024-08-29 07:07:55 - google.auth.transport._http_client - DEBUG - Making request: GET http://169.254.169.254
2024-08-29 07:07:55 - google.auth.transport._http_client - DEBUG - Making request: GET http://metadata.google.internal/computeMetadata/v1/project/project-id
2024-08-29 07:07:55 - google.auth._default - WARNING - No project ID could be determined. Consider running `gcloud config set project` or setting the GOOGLE_CLOUD_PROJECT environment variable
2024-08-29 07:07:55 - google.auth._default - DEBUG - Checking None for explicit credentials as part of auth process...
2024-08-29 07:07:55 - google.auth._default - DEBUG - Checking Cloud SDK credentials as part of auth process...
2024-08-29 07:07:55 - google.auth._default - DEBUG - Cloud SDK credentials not found on disk; not using them
2024-08-29 07:07:55 - google.auth.transport._http_client - DEBUG - Making request: GET http://169.254.169.254
2024-08-29 07:07:55 - google.auth.transport._http_client - DEBUG - Making request: GET http://metadata.google.internal/computeMetadata/v1/project/project-id
2024-08-29 07:07:55 - google.auth._default - WARNING - No project ID could be determined. Consider running `gcloud config set project` or setting the GOOGLE_CLOUD_PROJECT environment variable
2024-08-29 07:07:55 - google.auth.transport.requests - DEBUG - Making request: GET http://metadata.google.internal/computeMetadata/v1/universe/universe_domain
2024-08-29 07:07:55 - urllib3.connectionpool - DEBUG - Starting new HTTP connection (1): metadata.google.internal:80
2024-08-29 07:07:55 - urllib3.connectionpool - DEBUG - http://metadata.google.internal:80 "GET /computeMetadata/v1/universe/universe_domain HTTP/10" 404 None
2024-08-29 07:07:55 - urllib3.util.retry - DEBUG - Converted retries value: 3 -> Retry(total=3, connect=None, read=None, redirect=None, status=None)
2024-08-29 07:07:55 - google.auth.transport.requests - DEBUG - Making request: GET http://metadata.google.internal/computeMetadata/v1/instance/service-accounts/default/?recursive=true
2024-08-29 07:07:55 - urllib3.connectionpool - DEBUG - Starting new HTTP connection (1): metadata.google.internal:80
2024-08-29 07:07:55 - __main__ - DEBUG - Directory already exists at temp_uploads
2024-08-29 07:07:55 - __main__ - INFO - File saved locally at temp_uploads/Olusegun_Tewogbade.pdf
2024-08-29 07:07:55 - google.auth._default - DEBUG - Checking None for explicit credentials as part of auth process...
2024-08-29 07:07:55 - google.auth._default - DEBUG - Checking Cloud SDK credentials as part of auth process...
2024-08-29 07:07:55 - google.auth._default - DEBUG - Cloud SDK credentials not found on disk; not using them
2024-08-29 07:07:55 - google.auth.transport._http_client - DEBUG - Making request: GET http://169.254.169.254
2024-08-29 07:07:55 - google.auth.transport._http_client - DEBUG - Making request: GET http://metadata.google.internal/computeMetadata/v1/project/project-id
2024-08-29 07:07:55 - google.auth._default - WARNING - No project ID could be determined. Consider running `gcloud config set project` or setting the GOOGLE_CLOUD_PROJECT environment variable
2024-08-29 07:07:55 - google.auth._default - DEBUG - Checking None for explicit credentials as part of auth process...
2024-08-29 07:07:55 - google.auth._default - DEBUG - Checking Cloud SDK credentials as part of auth process...
2024-08-29 07:07:55 - google.auth._default - DEBUG - Cloud SDK credentials not found on disk; not using them
2024-08-29 07:07:55 - google.auth.transport._http_client - DEBUG - Making request: GET http://169.254.169.254
2024-08-29 07:07:55 - google.auth.transport._http_client - DEBUG - Making request: GET http://metadata.google.internal/computeMetadata/v1/project/project-id
2024-08-29 07:07:55 - google.auth._default - WARNING - No project ID could be determined. Consider running `gcloud config set project` or setting the GOOGLE_CLOUD_PROJECT environment variable
2024-08-29 07:07:55 - google.auth.transport.requests - DEBUG - Making request: GET http://metadata.google.internal/computeMetadata/v1/universe/universe_domain
2024-08-29 07:07:55 - urllib3.connectionpool - DEBUG - Starting new HTTP connection (1): metadata.google.internal:80
2024-08-29 07:07:55 - urllib3.connectionpool - DEBUG - http://metadata.google.internal:80 "GET /computeMetadata/v1/universe/universe_domain HTTP/10" 404 None
2024-08-29 07:07:55 - urllib3.util.retry - DEBUG - Converted retries value: 3 -> Retry(total=3, connect=None, read=None, redirect=None, status=None)
2024-08-29 07:07:55 - google.auth.transport.requests - DEBUG - Making request: GET http://metadata.google.internal/computeMetadata/v1/instance/service-accounts/default/?recursive=true
2024-08-29 07:07:55 - urllib3.connectionpool - DEBUG - Starting new HTTP connection (1): metadata.google.internal:80
2024-08-29 07:07:55 - __main__ - DEBUG - Directory already exists at temp_uploads
2024-08-29 07:07:55 - __main__ - INFO - File saved locally at temp_uploads/Olusegun_Tewogbade.pdf
2024-08-29 07:07:55 - google.auth._default - DEBUG - Checking None for explicit credentials as part of auth process...
2024-08-29 07:07:55 - google.auth._default - DEBUG - Checking Cloud SDK credentials as part of auth process...
2024-08-29 07:07:55 - google.auth._default - DEBUG - Cloud SDK credentials not found on disk; not using them
2024-08-29 07:07:55 - google.auth.transport._http_client - DEBUG - Making request: GET http://169.254.169.254
2024-08-29 07:07:55 - google.auth.transport._http_client - DEBUG - Making request: GET http://metadata.google.internal/computeMetadata/v1/project/project-id
2024-08-29 07:07:55 - google.auth._default - WARNING - No project ID could be determined. Consider running `gcloud config set project` or setting the GOOGLE_CLOUD_PROJECT environment variable
2024-08-29 07:07:55 - google.auth._default - DEBUG - Checking None for explicit credentials as part of auth process...
2024-08-29 07:07:55 - google.auth._default - DEBUG - Checking Cloud SDK credentials as part of auth process...
2024-08-29 07:07:55 - google.auth._default - DEBUG - Cloud SDK credentials not found on disk; not using them
2024-08-29 07:07:55 - google.auth.transport._http_client - DEBUG - Making request: GET http://169.254.169.254
2024-08-29 07:07:55 - google.auth.transport._http_client - DEBUG - Making request: GET http://metadata.google.internal/computeMetadata/v1/project/project-id
2024-08-29 07:07:55 - google.auth._default - WARNING - No project ID could be determined. Consider running `gcloud config set project` or setting the GOOGLE_CLOUD_PROJECT environment variable
2024-08-29 07:07:55 - google.auth.transport.requests - DEBUG - Making request: GET http://metadata.google.internal/computeMetadata/v1/universe/universe_domain
2024-08-29 07:07:55 - urllib3.connectionpool - DEBUG - Starting new HTTP connection (1): metadata.google.internal:80
2024-08-29 07:07:55 - urllib3.connectionpool - DEBUG - http://metadata.google.internal:80 "GET /computeMetadata/v1/universe/universe_domain HTTP/10" 404 None
2024-08-29 07:07:55 - urllib3.util.retry - DEBUG - Converted retries value: 3 -> Retry(total=3, connect=None, read=None, redirect=None, status=None)
2024-08-29 07:07:55 - google.auth.transport.requests - DEBUG - Making request: GET http://metadata.google.internal/computeMetadata/v1/instance/service-accounts/default/?recursive=true
2024-08-29 07:07:55 - urllib3.connectionpool - DEBUG - Starting new HTTP connection (1): metadata.google.internal:80
2024-08-29 07:08:04 - urllib3.connectionpool - DEBUG - http://metadata.google.internal:80 "GET /computeMetadata/v1/instance/service-accounts/default/?recursive=true HTTP/10" 200 None
2024-08-29 07:08:04 - __main__ - ERROR - Failed to upload file to GCS
2024-08-29 07:08:04 - __main__ - INFO - Local file temp_uploads/Olusegun_Tewogbade.pdf removed after processing.
2024-08-29 07:08:04 - werkzeug - INFO - 127.0.0.1 - - [29/Aug/2024 07:08:04] "[35m[1mPOST /get_feedback_page HTTP/1.1[0m" 500 -
2024-08-29 07:08:05 - __main__ - DEBUG - Directory already exists at temp_uploads
2024-08-29 07:08:05 - __main__ - INFO - File saved locally at temp_uploads/Olusegun_Tewogbade.pdf
2024-08-29 07:08:05 - google.auth._default - DEBUG - Checking None for explicit credentials as part of auth process...
2024-08-29 07:08:05 - google.auth._default - DEBUG - Checking Cloud SDK credentials as part of auth process...
2024-08-29 07:08:05 - google.auth._default - DEBUG - Cloud SDK credentials not found on disk; not using them
2024-08-29 07:08:05 - google.auth.transport._http_client - DEBUG - Making request: GET http://169.254.169.254
2024-08-29 07:08:05 - google.auth.transport._http_client - DEBUG - Making request: GET http://metadata.google.internal/computeMetadata/v1/project/project-id
2024-08-29 07:08:05 - google.auth._default - WARNING - No project ID could be determined. Consider running `gcloud config set project` or setting the GOOGLE_CLOUD_PROJECT environment variable
2024-08-29 07:08:05 - google.auth._default - DEBUG - Checking None for explicit credentials as part of auth process...
2024-08-29 07:08:05 - google.auth._default - DEBUG - Checking Cloud SDK credentials as part of auth process...
2024-08-29 07:08:05 - google.auth._default - DEBUG - Cloud SDK credentials not found on disk; not using them
2024-08-29 07:08:05 - google.auth.transport._http_client - DEBUG - Making request: GET http://169.254.169.254
2024-08-29 07:08:05 - google.auth.transport._http_client - DEBUG - Making request: GET http://metadata.google.internal/computeMetadata/v1/project/project-id
2024-08-29 07:08:05 - google.auth._default - WARNING - No project ID could be determined. Consider running `gcloud config set project` or setting the GOOGLE_CLOUD_PROJECT environment variable
2024-08-29 07:08:05 - google.auth.transport.requests - DEBUG - Making request: GET http://metadata.google.internal/computeMetadata/v1/universe/universe_domain
2024-08-29 07:08:05 - urllib3.connectionpool - DEBUG - Starting new HTTP connection (1): metadata.google.internal:80
2024-08-29 07:08:05 - urllib3.connectionpool - DEBUG - http://metadata.google.internal:80 "GET /computeMetadata/v1/universe/universe_domain HTTP/10" 404 None
2024-08-29 07:08:05 - urllib3.util.retry - DEBUG - Converted retries value: 3 -> Retry(total=3, connect=None, read=None, redirect=None, status=None)
2024-08-29 07:08:05 - google.auth.transport.requests - DEBUG - Making request: GET http://metadata.google.internal/computeMetadata/v1/instance/service-accounts/default/?recursive=true
2024-08-29 07:08:05 - urllib3.connectionpool - DEBUG - Starting new HTTP connection (1): metadata.google.internal:80
2024-08-29 07:08:06 - urllib3.connectionpool - DEBUG - http://metadata.google.internal:80 "GET /computeMetadata/v1/instance/service-accounts/default/?recursive=true HTTP/10" 200 None
2024-08-29 07:08:06 - __main__ - ERROR - Failed to upload file to GCS
2024-08-29 07:08:06 - __main__ - INFO - Local file temp_uploads/Olusegun_Tewogbade.pdf removed after processing.
2024-08-29 07:08:06 - werkzeug - INFO - 127.0.0.1 - - [29/Aug/2024 07:08:06] "[35m[1mPOST /get_feedback_page HTTP/1.1[0m" 500 -
2024-08-29 07:08:07 - urllib3.connectionpool - DEBUG - http://metadata.google.internal:80 "GET /computeMetadata/v1/instance/service-accounts/default/?recursive=true HTTP/10" 200 None
2024-08-29 07:08:07 - __main__ - ERROR - Failed to upload file to GCS
2024-08-29 07:08:07 - werkzeug - INFO - 127.0.0.1 - - [29/Aug/2024 07:08:07] "[35m[1mPOST /get_feedback_page HTTP/1.1[0m" 500 -
2024-08-29 07:08:08 - urllib3.connectionpool - DEBUG - http://metadata.google.internal:80 "GET /computeMetadata/v1/instance/service-accounts/default/?recursive=true HTTP/10" 200 None
2024-08-29 07:08:08 - __main__ - ERROR - Failed to upload file to GCS
2024-08-29 07:08:08 - werkzeug - INFO - 127.0.0.1 - - [29/Aug/2024 07:08:08] "[35m[1mPOST /get_feedback_page HTTP/1.1[0m" 500 -
2024-08-29 07:08:08 - __main__ - DEBUG - Directory already exists at temp_uploads
2024-08-29 07:08:08 - __main__ - INFO - File saved locally at temp_uploads/Olusegun_Tewogbade.pdf
2024-08-29 07:08:08 - google.auth._default - DEBUG - Checking None for explicit credentials as part of auth process...
2024-08-29 07:08:08 - google.auth._default - DEBUG - Checking Cloud SDK credentials as part of auth process...
2024-08-29 07:08:08 - google.auth._default - DEBUG - Cloud SDK credentials not found on disk; not using them
2024-08-29 07:08:08 - google.auth.transport._http_client - DEBUG - Making request: GET http://169.254.169.254
2024-08-29 07:08:08 - google.auth.transport._http_client - DEBUG - Making request: GET http://metadata.google.internal/computeMetadata/v1/project/project-id
2024-08-29 07:08:08 - google.auth._default - WARNING - No project ID could be determined. Consider running `gcloud config set project` or setting the GOOGLE_CLOUD_PROJECT environment variable
2024-08-29 07:08:08 - google.auth._default - DEBUG - Checking None for explicit credentials as part of auth process...
2024-08-29 07:08:08 - google.auth._default - DEBUG - Checking Cloud SDK credentials as part of auth process...
2024-08-29 07:08:08 - google.auth._default - DEBUG - Cloud SDK credentials not found on disk; not using them
2024-08-29 07:08:08 - google.auth.transport._http_client - DEBUG - Making request: GET http://169.254.169.254
2024-08-29 07:08:08 - google.auth.transport._http_client - DEBUG - Making request: GET http://metadata.google.internal/computeMetadata/v1/project/project-id
2024-08-29 07:08:08 - google.auth._default - WARNING - No project ID could be determined. Consider running `gcloud config set project` or setting the GOOGLE_CLOUD_PROJECT environment variable
2024-08-29 07:08:08 - google.auth.transport.requests - DEBUG - Making request: GET http://metadata.google.internal/computeMetadata/v1/universe/universe_domain
2024-08-29 07:08:08 - urllib3.connectionpool - DEBUG - Starting new HTTP connection (1): metadata.google.internal:80
2024-08-29 07:08:08 - urllib3.connectionpool - DEBUG - http://metadata.google.internal:80 "GET /computeMetadata/v1/universe/universe_domain HTTP/10" 404 None
2024-08-29 07:08:08 - urllib3.util.retry - DEBUG - Converted retries value: 3 -> Retry(total=3, connect=None, read=None, redirect=None, status=None)
2024-08-29 07:08:08 - google.auth.transport.requests - DEBUG - Making request: GET http://metadata.google.internal/computeMetadata/v1/instance/service-accounts/default/?recursive=true
2024-08-29 07:08:08 - urllib3.connectionpool - DEBUG - Starting new HTTP connection (1): metadata.google.internal:80
2024-08-29 07:08:08 - urllib3.connectionpool - DEBUG - http://metadata.google.internal:80 "GET /computeMetadata/v1/instance/service-accounts/default/?recursive=true HTTP/10" 200 None
2024-08-29 07:08:08 - __main__ - ERROR - Failed to upload file to GCS
2024-08-29 07:08:08 - __main__ - INFO - Local file temp_uploads/Olusegun_Tewogbade.pdf removed after processing.
2024-08-29 07:08:08 - werkzeug - INFO - 127.0.0.1 - - [29/Aug/2024 07:08:08] "[35m[1mPOST /get_feedback_page HTTP/1.1[0m" 500 -
2024-08-29 07:08:08 - urllib3.connectionpool - DEBUG - http://metadata.google.internal:80 "GET /computeMetadata/v1/instance/service-accounts/default/?recursive=true HTTP/10" 200 None
2024-08-29 07:08:08 - __main__ - ERROR - Failed to upload file to GCS
2024-08-29 07:08:08 - werkzeug - INFO - 127.0.0.1 - - [29/Aug/2024 07:08:08] "[35m[1mPOST /get_feedback_page HTTP/1.1[0m" 500 -
2024-08-29 07:08:08 - urllib3.connectionpool - DEBUG - http://metadata.google.internal:80 "GET /computeMetadata/v1/instance/service-accounts/default/?recursive=true HTTP/10" 200 None
2024-08-29 07:08:08 - __main__ - ERROR - Failed to upload file to GCS
2024-08-29 07:08:08 - werkzeug - INFO - 127.0.0.1 - - [29/Aug/2024 07:08:08] "[35m[1mPOST /get_feedback_page HTTP/1.1[0m" 500 -
2024-08-29 07:08:08 - urllib3.connectionpool - DEBUG - http://metadata.google.internal:80 "GET /computeMetadata/v1/instance/service-accounts/default/?recursive=true HTTP/10" 200 None
2024-08-29 07:08:08 - __main__ - ERROR - Failed to upload file to GCS
2024-08-29 07:08:08 - werkzeug - INFO - 127.0.0.1 - - [29/Aug/2024 07:08:08] "[35m[1mPOST /get_feedback_page HTTP/1.1[0m" 500 -
2024-08-29 07:08:08 - __main__ - DEBUG - Directory already exists at temp_uploads
2024-08-29 07:08:08 - __main__ - INFO - File saved locally at temp_uploads/Olusegun_Tewogbade.pdf
2024-08-29 07:08:08 - google.auth._default - DEBUG - Checking None for explicit credentials as part of auth process...
2024-08-29 07:08:08 - google.auth._default - DEBUG - Checking Cloud SDK credentials as part of auth process...
2024-08-29 07:08:08 - google.auth._default - DEBUG - Cloud SDK credentials not found on disk; not using them
2024-08-29 07:08:08 - google.auth.transport._http_client - DEBUG - Making request: GET http://169.254.169.254
2024-08-29 07:08:08 - google.auth.transport._http_client - DEBUG - Making request: GET http://metadata.google.internal/computeMetadata/v1/project/project-id
2024-08-29 07:08:08 - google.auth._default - WARNING - No project ID could be determined. Consider running `gcloud config set project` or setting the GOOGLE_CLOUD_PROJECT environment variable
2024-08-29 07:08:08 - google.auth._default - DEBUG - Checking None for explicit credentials as part of auth process...
2024-08-29 07:08:08 - google.auth._default - DEBUG - Checking Cloud SDK credentials as part of auth process...
2024-08-29 07:08:08 - google.auth._default - DEBUG - Cloud SDK credentials not found on disk; not using them
2024-08-29 07:08:08 - google.auth.transport._http_client - DEBUG - Making request: GET http://169.254.169.254
2024-08-29 07:08:08 - google.auth.transport._http_client - DEBUG - Making request: GET http://metadata.google.internal/computeMetadata/v1/project/project-id
2024-08-29 07:08:08 - google.auth._default - WARNING - No project ID could be determined. Consider running `gcloud config set project` or setting the GOOGLE_CLOUD_PROJECT environment variable
2024-08-29 07:08:08 - google.auth.transport.requests - DEBUG - Making request: GET http://metadata.google.internal/computeMetadata/v1/universe/universe_domain
2024-08-29 07:08:08 - urllib3.connectionpool - DEBUG - Starting new HTTP connection (1): metadata.google.internal:80
2024-08-29 07:08:08 - urllib3.connectionpool - DEBUG - http://metadata.google.internal:80 "GET /computeMetadata/v1/universe/universe_domain HTTP/10" 404 None
2024-08-29 07:08:08 - urllib3.util.retry - DEBUG - Converted retries value: 3 -> Retry(total=3, connect=None, read=None, redirect=None, status=None)
2024-08-29 07:08:08 - google.auth.transport.requests - DEBUG - Making request: GET http://metadata.google.internal/computeMetadata/v1/instance/service-accounts/default/?recursive=true
2024-08-29 07:08:08 - urllib3.connectionpool - DEBUG - Starting new HTTP connection (1): metadata.google.internal:80
2024-08-29 07:08:08 - urllib3.connectionpool - DEBUG - http://metadata.google.internal:80 "GET /computeMetadata/v1/instance/service-accounts/default/?recursive=true HTTP/10" 200 None
2024-08-29 07:08:08 - __main__ - ERROR - Failed to upload file to GCS
2024-08-29 07:08:08 - __main__ - INFO - Local file temp_uploads/Olusegun_Tewogbade.pdf removed after processing.
2024-08-29 07:08:08 - werkzeug - INFO - 127.0.0.1 - - [29/Aug/2024 07:08:08] "[35m[1mPOST /get_feedback_page HTTP/1.1[0m" 500 -
2024-08-29 07:08:09 - __main__ - DEBUG - Directory already exists at temp_uploads
2024-08-29 07:08:09 - __main__ - INFO - File saved locally at temp_uploads/Olusegun_Tewogbade.pdf
2024-08-29 07:08:09 - google.auth._default - DEBUG - Checking None for explicit credentials as part of auth process...
2024-08-29 07:08:09 - google.auth._default - DEBUG - Checking Cloud SDK credentials as part of auth process...
2024-08-29 07:08:09 - google.auth._default - DEBUG - Cloud SDK credentials not found on disk; not using them
2024-08-29 07:08:09 - google.auth.transport._http_client - DEBUG - Making request: GET http://169.254.169.254
2024-08-29 07:08:09 - google.auth.transport._http_client - DEBUG - Making request: GET http://metadata.google.internal/computeMetadata/v1/project/project-id
2024-08-29 07:08:09 - google.auth._default - WARNING - No project ID could be determined. Consider running `gcloud config set project` or setting the GOOGLE_CLOUD_PROJECT environment variable
2024-08-29 07:08:09 - google.auth._default - DEBUG - Checking None for explicit credentials as part of auth process...
2024-08-29 07:08:09 - google.auth._default - DEBUG - Checking Cloud SDK credentials as part of auth process...
2024-08-29 07:08:09 - google.auth._default - DEBUG - Cloud SDK credentials not found on disk; not using them
2024-08-29 07:08:09 - google.auth.transport._http_client - DEBUG - Making request: GET http://169.254.169.254
2024-08-29 07:08:09 - google.auth.transport._http_client - DEBUG - Making request: GET http://metadata.google.internal/computeMetadata/v1/project/project-id
2024-08-29 07:08:09 - google.auth._default - WARNING - No project ID could be determined. Consider running `gcloud config set project` or setting the GOOGLE_CLOUD_PROJECT environment variable
2024-08-29 07:08:09 - google.auth.transport.requests - DEBUG - Making request: GET http://metadata.google.internal/computeMetadata/v1/universe/universe_domain
2024-08-29 07:08:09 - urllib3.connectionpool - DEBUG - Starting new HTTP connection (1): metadata.google.internal:80
2024-08-29 07:08:09 - urllib3.connectionpool - DEBUG - http://metadata.google.internal:80 "GET /computeMetadata/v1/universe/universe_domain HTTP/10" 404 None
2024-08-29 07:08:09 - urllib3.util.retry - DEBUG - Converted retries value: 3 -> Retry(total=3, connect=None, read=None, redirect=None, status=None)
2024-08-29 07:08:09 - google.auth.transport.requests - DEBUG - Making request: GET http://metadata.google.internal/computeMetadata/v1/instance/service-accounts/default/?recursive=true
2024-08-29 07:08:09 - urllib3.connectionpool - DEBUG - Starting new HTTP connection (1): metadata.google.internal:80
2024-08-29 07:08:09 - urllib3.connectionpool - DEBUG - http://metadata.google.internal:80 "GET /computeMetadata/v1/instance/service-accounts/default/?recursive=true HTTP/10" 200 None
2024-08-29 07:08:09 - __main__ - ERROR - Failed to upload file to GCS
2024-08-29 07:08:09 - __main__ - INFO - Local file temp_uploads/Olusegun_Tewogbade.pdf removed after processing.
2024-08-29 07:08:09 - werkzeug - INFO - 127.0.0.1 - - [29/Aug/2024 07:08:09] "[35m[1mPOST /get_feedback_page HTTP/1.1[0m" 500 -
2024-08-29 07:08:09 - __main__ - DEBUG - Directory already exists at temp_uploads
2024-08-29 07:08:09 - __main__ - INFO - File saved locally at temp_uploads/Olusegun_Tewogbade.pdf
2024-08-29 07:08:09 - google.auth._default - DEBUG - Checking None for explicit credentials as part of auth process...
2024-08-29 07:08:09 - google.auth._default - DEBUG - Checking Cloud SDK credentials as part of auth process...
2024-08-29 07:08:09 - google.auth._default - DEBUG - Cloud SDK credentials not found on disk; not using them
2024-08-29 07:08:09 - google.auth.transport._http_client - DEBUG - Making request: GET http://169.254.169.254
2024-08-29 07:08:09 - google.auth.transport._http_client - DEBUG - Making request: GET http://metadata.google.internal/computeMetadata/v1/project/project-id
2024-08-29 07:08:09 - google.auth._default - WARNING - No project ID could be determined. Consider running `gcloud config set project` or setting the GOOGLE_CLOUD_PROJECT environment variable
2024-08-29 07:08:09 - google.auth._default - DEBUG - Checking None for explicit credentials as part of auth process...
2024-08-29 07:08:09 - google.auth._default - DEBUG - Checking Cloud SDK credentials as part of auth process...
2024-08-29 07:08:09 - google.auth._default - DEBUG - Cloud SDK credentials not found on disk; not using them
2024-08-29 07:08:09 - google.auth.transport._http_client - DEBUG - Making request: GET http://169.254.169.254
2024-08-29 07:08:09 - google.auth.transport._http_client - DEBUG - Making request: GET http://metadata.google.internal/computeMetadata/v1/project/project-id
2024-08-29 07:08:09 - google.auth._default - WARNING - No project ID could be determined. Consider running `gcloud config set project` or setting the GOOGLE_CLOUD_PROJECT environment variable
2024-08-29 07:08:09 - google.auth.transport.requests - DEBUG - Making request: GET http://metadata.google.internal/computeMetadata/v1/universe/universe_domain
2024-08-29 07:08:09 - urllib3.connectionpool - DEBUG - Starting new HTTP connection (1): metadata.google.internal:80
2024-08-29 07:08:09 - urllib3.connectionpool - DEBUG - http://metadata.google.internal:80 "GET /computeMetadata/v1/universe/universe_domain HTTP/10" 404 None
2024-08-29 07:08:09 - urllib3.util.retry - DEBUG - Converted retries value: 3 -> Retry(total=3, connect=None, read=None, redirect=None, status=None)
2024-08-29 07:08:09 - google.auth.transport.requests - DEBUG - Making request: GET http://metadata.google.internal/computeMetadata/v1/instance/service-accounts/default/?recursive=true
2024-08-29 07:08:09 - urllib3.connectionpool - DEBUG - Starting new HTTP connection (1): metadata.google.internal:80
2024-08-29 07:08:09 - urllib3.connectionpool - DEBUG - http://metadata.google.internal:80 "GET /computeMetadata/v1/instance/service-accounts/default/?recursive=true HTTP/10" 200 None
2024-08-29 07:08:09 - __main__ - ERROR - Failed to upload file to GCS
2024-08-29 07:08:09 - __main__ - INFO - Local file temp_uploads/Olusegun_Tewogbade.pdf removed after processing.
2024-08-29 07:08:09 - werkzeug - INFO - 127.0.0.1 - - [29/Aug/2024 07:08:09] "[35m[1mPOST /get_feedback_page HTTP/1.1[0m" 500 -
2024-08-29 07:08:10 - __main__ - DEBUG - Directory already exists at temp_uploads
2024-08-29 07:08:10 - __main__ - INFO - File saved locally at temp_uploads/Olusegun_Tewogbade.pdf
2024-08-29 07:08:10 - google.auth._default - DEBUG - Checking None for explicit credentials as part of auth process...
2024-08-29 07:08:10 - google.auth._default - DEBUG - Checking Cloud SDK credentials as part of auth process...
2024-08-29 07:08:10 - google.auth._default - DEBUG - Cloud SDK credentials not found on disk; not using them
2024-08-29 07:08:10 - google.auth.transport._http_client - DEBUG - Making request: GET http://169.254.169.254
2024-08-29 07:08:10 - google.auth.transport._http_client - DEBUG - Making request: GET http://metadata.google.internal/computeMetadata/v1/project/project-id
2024-08-29 07:08:10 - google.auth._default - WARNING - No project ID could be determined. Consider running `gcloud config set project` or setting the GOOGLE_CLOUD_PROJECT environment variable
2024-08-29 07:08:10 - google.auth._default - DEBUG - Checking None for explicit credentials as part of auth process...
2024-08-29 07:08:10 - google.auth._default - DEBUG - Checking Cloud SDK credentials as part of auth process...
2024-08-29 07:08:10 - google.auth._default - DEBUG - Cloud SDK credentials not found on disk; not using them
2024-08-29 07:08:10 - google.auth.transport._http_client - DEBUG - Making request: GET http://169.254.169.254
2024-08-29 07:08:10 - google.auth.transport._http_client - DEBUG - Making request: GET http://metadata.google.internal/computeMetadata/v1/project/project-id
2024-08-29 07:08:10 - google.auth._default - WARNING - No project ID could be determined. Consider running `gcloud config set project` or setting the GOOGLE_CLOUD_PROJECT environment variable
2024-08-29 07:08:10 - google.auth.transport.requests - DEBUG - Making request: GET http://metadata.google.internal/computeMetadata/v1/universe/universe_domain
2024-08-29 07:08:10 - urllib3.connectionpool - DEBUG - Starting new HTTP connection (1): metadata.google.internal:80
2024-08-29 07:08:10 - urllib3.connectionpool - DEBUG - http://metadata.google.internal:80 "GET /computeMetadata/v1/universe/universe_domain HTTP/10" 404 None
2024-08-29 07:08:10 - urllib3.util.retry - DEBUG - Converted retries value: 3 -> Retry(total=3, connect=None, read=None, redirect=None, status=None)
2024-08-29 07:08:10 - google.auth.transport.requests - DEBUG - Making request: GET http://metadata.google.internal/computeMetadata/v1/instance/service-accounts/default/?recursive=true
2024-08-29 07:08:10 - urllib3.connectionpool - DEBUG - Starting new HTTP connection (1): metadata.google.internal:80
2024-08-29 07:08:10 - urllib3.connectionpool - DEBUG - http://metadata.google.internal:80 "GET /computeMetadata/v1/instance/service-accounts/default/?recursive=true HTTP/10" 200 None
2024-08-29 07:08:10 - __main__ - ERROR - Failed to upload file to GCS
2024-08-29 07:08:10 - __main__ - INFO - Local file temp_uploads/Olusegun_Tewogbade.pdf removed after processing.
2024-08-29 07:08:10 - werkzeug - INFO - 127.0.0.1 - - [29/Aug/2024 07:08:10] "[35m[1mPOST /get_feedback_page HTTP/1.1[0m" 500 -
2024-08-29 07:08:10 - __main__ - DEBUG - Directory already exists at temp_uploads
2024-08-29 07:08:10 - __main__ - INFO - File saved locally at temp_uploads/Olusegun_Tewogbade.pdf
2024-08-29 07:08:10 - google.auth._default - DEBUG - Checking None for explicit credentials as part of auth process...
2024-08-29 07:08:10 - google.auth._default - DEBUG - Checking Cloud SDK credentials as part of auth process...
2024-08-29 07:08:10 - google.auth._default - DEBUG - Cloud SDK credentials not found on disk; not using them
2024-08-29 07:08:10 - google.auth.transport._http_client - DEBUG - Making request: GET http://169.254.169.254
2024-08-29 07:08:10 - google.auth.transport._http_client - DEBUG - Making request: GET http://metadata.google.internal/computeMetadata/v1/project/project-id
2024-08-29 07:08:10 - google.auth._default - WARNING - No project ID could be determined. Consider running `gcloud config set project` or setting the GOOGLE_CLOUD_PROJECT environment variable
2024-08-29 07:08:10 - google.auth._default - DEBUG - Checking None for explicit credentials as part of auth process...
2024-08-29 07:08:10 - google.auth._default - DEBUG - Checking Cloud SDK credentials as part of auth process...
2024-08-29 07:08:10 - google.auth._default - DEBUG - Cloud SDK credentials not found on disk; not using them
2024-08-29 07:08:10 - google.auth.transport._http_client - DEBUG - Making request: GET http://169.254.169.254
2024-08-29 07:08:10 - google.auth.transport._http_client - DEBUG - Making request: GET http://metadata.google.internal/computeMetadata/v1/project/project-id
2024-08-29 07:08:10 - google.auth._default - WARNING - No project ID could be determined. Consider running `gcloud config set project` or setting the GOOGLE_CLOUD_PROJECT environment variable
2024-08-29 07:08:10 - google.auth.transport.requests - DEBUG - Making request: GET http://metadata.google.internal/computeMetadata/v1/universe/universe_domain
2024-08-29 07:08:10 - urllib3.connectionpool - DEBUG - Starting new HTTP connection (1): metadata.google.internal:80
2024-08-29 07:08:10 - urllib3.connectionpool - DEBUG - http://metadata.google.internal:80 "GET /computeMetadata/v1/universe/universe_domain HTTP/10" 404 None
2024-08-29 07:08:10 - urllib3.util.retry - DEBUG - Converted retries value: 3 -> Retry(total=3, connect=None, read=None, redirect=None, status=None)
2024-08-29 07:08:10 - google.auth.transport.requests - DEBUG - Making request: GET http://metadata.google.internal/computeMetadata/v1/instance/service-accounts/default/?recursive=true
2024-08-29 07:08:10 - urllib3.connectionpool - DEBUG - Starting new HTTP connection (1): metadata.google.internal:80
2024-08-29 07:08:10 - urllib3.connectionpool - DEBUG - http://metadata.google.internal:80 "GET /computeMetadata/v1/instance/service-accounts/default/?recursive=true HTTP/10" 200 None
2024-08-29 07:08:10 - __main__ - ERROR - Failed to upload file to GCS
2024-08-29 07:08:10 - __main__ - INFO - Local file temp_uploads/Olusegun_Tewogbade.pdf removed after processing.
2024-08-29 07:08:10 - werkzeug - INFO - 127.0.0.1 - - [29/Aug/2024 07:08:10] "[35m[1mPOST /get_feedback_page HTTP/1.1[0m" 500 -
2024-08-29 07:08:10 - __main__ - DEBUG - Directory already exists at temp_uploads
2024-08-29 07:08:10 - __main__ - INFO - File saved locally at temp_uploads/Olusegun_Tewogbade.pdf
2024-08-29 07:08:10 - google.auth._default - DEBUG - Checking None for explicit credentials as part of auth process...
2024-08-29 07:08:10 - google.auth._default - DEBUG - Checking Cloud SDK credentials as part of auth process...
2024-08-29 07:08:10 - google.auth._default - DEBUG - Cloud SDK credentials not found on disk; not using them
2024-08-29 07:08:10 - google.auth.transport._http_client - DEBUG - Making request: GET http://169.254.169.254
2024-08-29 07:08:10 - google.auth.transport._http_client - DEBUG - Making request: GET http://metadata.google.internal/computeMetadata/v1/project/project-id
2024-08-29 07:08:10 - google.auth._default - WARNING - No project ID could be determined. Consider running `gcloud config set project` or setting the GOOGLE_CLOUD_PROJECT environment variable
2024-08-29 07:08:10 - google.auth._default - DEBUG - Checking None for explicit credentials as part of auth process...
2024-08-29 07:08:10 - google.auth._default - DEBUG - Checking Cloud SDK credentials as part of auth process...
2024-08-29 07:08:10 - google.auth._default - DEBUG - Cloud SDK credentials not found on disk; not using them
2024-08-29 07:08:10 - google.auth.transport._http_client - DEBUG - Making request: GET http://169.254.169.254
2024-08-29 07:08:10 - google.auth.transport._http_client - DEBUG - Making request: GET http://metadata.google.internal/computeMetadata/v1/project/project-id
2024-08-29 07:08:10 - google.auth._default - WARNING - No project ID could be determined. Consider running `gcloud config set project` or setting the GOOGLE_CLOUD_PROJECT environment variable
2024-08-29 07:08:10 - google.auth.transport.requests - DEBUG - Making request: GET http://metadata.google.internal/computeMetadata/v1/universe/universe_domain
2024-08-29 07:08:10 - urllib3.connectionpool - DEBUG - Starting new HTTP connection (1): metadata.google.internal:80
2024-08-29 07:08:10 - urllib3.connectionpool - DEBUG - http://metadata.google.internal:80 "GET /computeMetadata/v1/universe/universe_domain HTTP/10" 404 None
2024-08-29 07:08:10 - urllib3.util.retry - DEBUG - Converted retries value: 3 -> Retry(total=3, connect=None, read=None, redirect=None, status=None)
2024-08-29 07:08:10 - google.auth.transport.requests - DEBUG - Making request: GET http://metadata.google.internal/computeMetadata/v1/instance/service-accounts/default/?recursive=true
2024-08-29 07:08:10 - urllib3.connectionpool - DEBUG - Starting new HTTP connection (1): metadata.google.internal:80
2024-08-29 07:08:10 - urllib3.connectionpool - DEBUG - http://metadata.google.internal:80 "GET /computeMetadata/v1/instance/service-accounts/default/?recursive=true HTTP/10" 200 None
2024-08-29 07:08:10 - __main__ - ERROR - Failed to upload file to GCS
2024-08-29 07:08:10 - __main__ - INFO - Local file temp_uploads/Olusegun_Tewogbade.pdf removed after processing.
2024-08-29 07:08:10 - werkzeug - INFO - 127.0.0.1 - - [29/Aug/2024 07:08:10] "[35m[1mPOST /get_feedback_page HTTP/1.1[0m" 500 -
2024-08-29 07:08:10 - __main__ - DEBUG - Directory already exists at temp_uploads
2024-08-29 07:08:10 - __main__ - INFO - File saved locally at temp_uploads/Olusegun_Tewogbade.pdf
2024-08-29 07:08:10 - google.auth._default - DEBUG - Checking None for explicit credentials as part of auth process...
2024-08-29 07:08:10 - google.auth._default - DEBUG - Checking Cloud SDK credentials as part of auth process...
2024-08-29 07:08:10 - google.auth._default - DEBUG - Cloud SDK credentials not found on disk; not using them
2024-08-29 07:08:10 - google.auth.transport._http_client - DEBUG - Making request: GET http://169.254.169.254
2024-08-29 07:08:10 - google.auth.transport._http_client - DEBUG - Making request: GET http://metadata.google.internal/computeMetadata/v1/project/project-id
2024-08-29 07:08:10 - google.auth._default - WARNING - No project ID could be determined. Consider running `gcloud config set project` or setting the GOOGLE_CLOUD_PROJECT environment variable
2024-08-29 07:08:10 - google.auth._default - DEBUG - Checking None for explicit credentials as part of auth process...
2024-08-29 07:08:10 - google.auth._default - DEBUG - Checking Cloud SDK credentials as part of auth process...
2024-08-29 07:08:10 - google.auth._default - DEBUG - Cloud SDK credentials not found on disk; not using them
2024-08-29 07:08:10 - google.auth.transport._http_client - DEBUG - Making request: GET http://169.254.169.254
2024-08-29 07:08:10 - google.auth.transport._http_client - DEBUG - Making request: GET http://metadata.google.internal/computeMetadata/v1/project/project-id
2024-08-29 07:08:10 - google.auth._default - WARNING - No project ID could be determined. Consider running `gcloud config set project` or setting the GOOGLE_CLOUD_PROJECT environment variable
2024-08-29 07:08:10 - google.auth.transport.requests - DEBUG - Making request: GET http://metadata.google.internal/computeMetadata/v1/universe/universe_domain
2024-08-29 07:08:10 - urllib3.connectionpool - DEBUG - Starting new HTTP connection (1): metadata.google.internal:80
2024-08-29 07:08:10 - urllib3.connectionpool - DEBUG - http://metadata.google.internal:80 "GET /computeMetadata/v1/universe/universe_domain HTTP/10" 404 None
2024-08-29 07:08:10 - urllib3.util.retry - DEBUG - Converted retries value: 3 -> Retry(total=3, connect=None, read=None, redirect=None, status=None)
2024-08-29 07:08:10 - google.auth.transport.requests - DEBUG - Making request: GET http://metadata.google.internal/computeMetadata/v1/instance/service-accounts/default/?recursive=true
2024-08-29 07:08:10 - urllib3.connectionpool - DEBUG - Starting new HTTP connection (1): metadata.google.internal:80
2024-08-29 07:08:10 - urllib3.connectionpool - DEBUG - http://metadata.google.internal:80 "GET /computeMetadata/v1/instance/service-accounts/default/?recursive=true HTTP/10" 200 None
2024-08-29 07:08:10 - __main__ - ERROR - Failed to upload file to GCS
2024-08-29 07:08:10 - __main__ - INFO - Local file temp_uploads/Olusegun_Tewogbade.pdf removed after processing.
2024-08-29 07:08:10 - werkzeug - INFO - 127.0.0.1 - - [29/Aug/2024 07:08:10] "[35m[1mPOST /get_feedback_page HTTP/1.1[0m" 500 -
2024-08-29 07:08:13 - __main__ - DEBUG - Directory already exists at temp_uploads
2024-08-29 07:08:13 - __main__ - INFO - File saved locally at temp_uploads/Olusegun_Tewogbade.pdf
2024-08-29 07:08:13 - google.auth._default - DEBUG - Checking None for explicit credentials as part of auth process...
2024-08-29 07:08:13 - google.auth._default - DEBUG - Checking Cloud SDK credentials as part of auth process...
2024-08-29 07:08:13 - google.auth._default - DEBUG - Cloud SDK credentials not found on disk; not using them
2024-08-29 07:08:13 - google.auth.transport._http_client - DEBUG - Making request: GET http://169.254.169.254
2024-08-29 07:08:13 - google.auth.transport._http_client - DEBUG - Making request: GET http://metadata.google.internal/computeMetadata/v1/project/project-id
2024-08-29 07:08:13 - google.auth._default - WARNING - No project ID could be determined. Consider running `gcloud config set project` or setting the GOOGLE_CLOUD_PROJECT environment variable
2024-08-29 07:08:13 - google.auth._default - DEBUG - Checking None for explicit credentials as part of auth process...
2024-08-29 07:08:13 - google.auth._default - DEBUG - Checking Cloud SDK credentials as part of auth process...
2024-08-29 07:08:13 - google.auth._default - DEBUG - Cloud SDK credentials not found on disk; not using them
2024-08-29 07:08:13 - google.auth.transport._http_client - DEBUG - Making request: GET http://169.254.169.254
2024-08-29 07:08:13 - google.auth.transport._http_client - DEBUG - Making request: GET http://metadata.google.internal/computeMetadata/v1/project/project-id
2024-08-29 07:08:13 - google.auth._default - WARNING - No project ID could be determined. Consider running `gcloud config set project` or setting the GOOGLE_CLOUD_PROJECT environment variable
2024-08-29 07:08:13 - google.auth.transport.requests - DEBUG - Making request: GET http://metadata.google.internal/computeMetadata/v1/universe/universe_domain
2024-08-29 07:08:13 - urllib3.connectionpool - DEBUG - Starting new HTTP connection (1): metadata.google.internal:80
2024-08-29 07:08:13 - urllib3.connectionpool - DEBUG - http://metadata.google.internal:80 "GET /computeMetadata/v1/universe/universe_domain HTTP/10" 404 None
2024-08-29 07:08:13 - urllib3.util.retry - DEBUG - Converted retries value: 3 -> Retry(total=3, connect=None, read=None, redirect=None, status=None)
2024-08-29 07:08:13 - google.auth.transport.requests - DEBUG - Making request: GET http://metadata.google.internal/computeMetadata/v1/instance/service-accounts/default/?recursive=true
2024-08-29 07:08:13 - urllib3.connectionpool - DEBUG - Starting new HTTP connection (1): metadata.google.internal:80
2024-08-29 07:08:13 - urllib3.connectionpool - DEBUG - http://metadata.google.internal:80 "GET /computeMetadata/v1/instance/service-accounts/default/?recursive=true HTTP/10" 200 None
2024-08-29 07:08:13 - __main__ - ERROR - Failed to upload file to GCS
2024-08-29 07:08:13 - __main__ - INFO - Local file temp_uploads/Olusegun_Tewogbade.pdf removed after processing.
2024-08-29 07:08:13 - werkzeug - INFO - 127.0.0.1 - - [29/Aug/2024 07:08:13] "[35m[1mPOST /get_feedback_page HTTP/1.1[0m" 500 -
2024-08-29 07:08:57 - werkzeug - INFO - 127.0.0.1 - - [29/Aug/2024 07:08:57] "GET /upload_resume_page HTTP/1.1" 200 -
2024-08-29 07:09:08 - __main__ - DEBUG - Directory already exists at temp_uploads
2024-08-29 07:09:08 - __main__ - INFO - File saved locally at temp_uploads/Olusegun_Tewogbade.pdf
2024-08-29 07:09:08 - google.auth._default - DEBUG - Checking None for explicit credentials as part of auth process...
2024-08-29 07:09:08 - google.auth._default - DEBUG - Checking Cloud SDK credentials as part of auth process...
2024-08-29 07:09:08 - google.auth._default - DEBUG - Cloud SDK credentials not found on disk; not using them
2024-08-29 07:09:08 - google.auth.transport._http_client - DEBUG - Making request: GET http://169.254.169.254
2024-08-29 07:09:08 - google.auth.transport._http_client - DEBUG - Making request: GET http://metadata.google.internal/computeMetadata/v1/project/project-id
2024-08-29 07:09:08 - google.auth._default - WARNING - No project ID could be determined. Consider running `gcloud config set project` or setting the GOOGLE_CLOUD_PROJECT environment variable
2024-08-29 07:09:08 - google.auth._default - DEBUG - Checking None for explicit credentials as part of auth process...
2024-08-29 07:09:08 - google.auth._default - DEBUG - Checking Cloud SDK credentials as part of auth process...
2024-08-29 07:09:08 - google.auth._default - DEBUG - Cloud SDK credentials not found on disk; not using them
2024-08-29 07:09:08 - google.auth.transport._http_client - DEBUG - Making request: GET http://169.254.169.254
2024-08-29 07:09:08 - google.auth.transport._http_client - DEBUG - Making request: GET http://metadata.google.internal/computeMetadata/v1/project/project-id
2024-08-29 07:09:08 - google.auth._default - WARNING - No project ID could be determined. Consider running `gcloud config set project` or setting the GOOGLE_CLOUD_PROJECT environment variable
2024-08-29 07:09:08 - google.auth.transport.requests - DEBUG - Making request: GET http://metadata.google.internal/computeMetadata/v1/universe/universe_domain
2024-08-29 07:09:08 - urllib3.connectionpool - DEBUG - Starting new HTTP connection (1): metadata.google.internal:80
2024-08-29 07:09:08 - urllib3.connectionpool - DEBUG - http://metadata.google.internal:80 "GET /computeMetadata/v1/universe/universe_domain HTTP/10" 404 None
2024-08-29 07:09:08 - urllib3.util.retry - DEBUG - Converted retries value: 3 -> Retry(total=3, connect=None, read=None, redirect=None, status=None)
2024-08-29 07:09:08 - google.auth.transport.requests - DEBUG - Making request: GET http://metadata.google.internal/computeMetadata/v1/instance/service-accounts/default/?recursive=true
2024-08-29 07:09:08 - urllib3.connectionpool - DEBUG - Starting new HTTP connection (1): metadata.google.internal:80
2024-08-29 07:09:08 - urllib3.connectionpool - DEBUG - http://metadata.google.internal:80 "GET /computeMetadata/v1/instance/service-accounts/default/?recursive=true HTTP/10" 200 None
2024-08-29 07:09:08 - google.auth.transport.requests - DEBUG - Making request: GET http://metadata.google.internal/computeMetadata/v1/instance/service-accounts/bamidele.tewogbade1@gmail.com/token?scopes=https%3A%2F%2Fwww.googleapis.com%2Fauth%2Fdevstorage.full_control%2Chttps%3A%2F%2Fwww.googleapis.com%2Fauth%2Fdevstorage.read_only%2Chttps%3A%2F%2Fwww.googleapis.com%2Fauth%2Fdevstorage.read_write
2024-08-29 07:09:08 - urllib3.connectionpool - DEBUG - Resetting dropped connection: metadata.google.internal
2024-08-29 07:09:08 - urllib3.connectionpool - DEBUG - http://metadata.google.internal:80 "GET /computeMetadata/v1/instance/service-accounts/bamidele.tewogbade1@gmail.com/token?scopes=https%3A%2F%2Fwww.googleapis.com%2Fauth%2Fdevstorage.full_control%2Chttps%3A%2F%2Fwww.googleapis.com%2Fauth%2Fdevstorage.read_only%2Chttps%3A%2F%2Fwww.googleapis.com%2Fauth%2Fdevstorage.read_write HTTP/10" 200 None
2024-08-29 07:09:08 - urllib3.connectionpool - DEBUG - Starting new HTTPS connection (1): storage.googleapis.com:443
2024-08-29 07:09:09 - urllib3.connectionpool - DEBUG - https://storage.googleapis.com:443 "POST /upload/storage/v1/b/genaiq_storage/o?uploadType=multipart HTTP/11" 200 830
2024-08-29 07:09:09 - __main__ - INFO - File uploaded to GCS at gs://genaiq_storage/uploads/Olusegun_Tewogbade.pdf
2024-08-29 07:09:09 - google.auth._default - DEBUG - Checking None for explicit credentials as part of auth process...
2024-08-29 07:09:09 - google.auth._default - DEBUG - Checking Cloud SDK credentials as part of auth process...
2024-08-29 07:09:09 - google.auth._default - DEBUG - Cloud SDK credentials not found on disk; not using them
2024-08-29 07:09:09 - google.auth.transport._http_client - DEBUG - Making request: GET http://169.254.169.254
2024-08-29 07:09:09 - google.auth.transport._http_client - DEBUG - Making request: GET http://metadata.google.internal/computeMetadata/v1/project/project-id
2024-08-29 07:09:09 - google.auth._default - WARNING - No project ID could be determined. Consider running `gcloud config set project` or setting the GOOGLE_CLOUD_PROJECT environment variable
2024-08-29 07:09:09 - google.auth._default - DEBUG - Checking None for explicit credentials as part of auth process...
2024-08-29 07:09:09 - google.auth._default - DEBUG - Checking Cloud SDK credentials as part of auth process...
2024-08-29 07:09:09 - google.auth._default - DEBUG - Cloud SDK credentials not found on disk; not using them
2024-08-29 07:09:09 - google.auth.transport._http_client - DEBUG - Making request: GET http://169.254.169.254
2024-08-29 07:09:09 - google.auth.transport._http_client - DEBUG - Making request: GET http://metadata.google.internal/computeMetadata/v1/project/project-id
2024-08-29 07:09:09 - google.auth._default - WARNING - No project ID could be determined. Consider running `gcloud config set project` or setting the GOOGLE_CLOUD_PROJECT environment variable
2024-08-29 07:09:09 - google.auth.transport.requests - DEBUG - Making request: GET http://metadata.google.internal/computeMetadata/v1/universe/universe_domain
2024-08-29 07:09:09 - urllib3.connectionpool - DEBUG - Starting new HTTP connection (1): metadata.google.internal:80
2024-08-29 07:09:09 - urllib3.connectionpool - DEBUG - http://metadata.google.internal:80 "GET /computeMetadata/v1/universe/universe_domain HTTP/10" 404 None
2024-08-29 07:09:09 - urllib3.util.retry - DEBUG - Converted retries value: 3 -> Retry(total=3, connect=None, read=None, redirect=None, status=None)
2024-08-29 07:09:09 - google.auth.transport.requests - DEBUG - Making request: GET http://metadata.google.internal/computeMetadata/v1/instance/service-accounts/default/?recursive=true
2024-08-29 07:09:09 - urllib3.connectionpool - DEBUG - Starting new HTTP connection (1): metadata.google.internal:80
2024-08-29 07:09:09 - urllib3.connectionpool - DEBUG - http://metadata.google.internal:80 "GET /computeMetadata/v1/instance/service-accounts/default/?recursive=true HTTP/10" 200 None
2024-08-29 07:09:09 - google.auth.transport.requests - DEBUG - Making request: GET http://metadata.google.internal/computeMetadata/v1/instance/service-accounts/bamidele.tewogbade1@gmail.com/token?scopes=https%3A%2F%2Fwww.googleapis.com%2Fauth%2Fdevstorage.full_control%2Chttps%3A%2F%2Fwww.googleapis.com%2Fauth%2Fdevstorage.read_only%2Chttps%3A%2F%2Fwww.googleapis.com%2Fauth%2Fdevstorage.read_write
2024-08-29 07:09:09 - urllib3.connectionpool - DEBUG - Resetting dropped connection: metadata.google.internal
2024-08-29 07:09:09 - urllib3.connectionpool - DEBUG - http://metadata.google.internal:80 "GET /computeMetadata/v1/instance/service-accounts/bamidele.tewogbade1@gmail.com/token?scopes=https%3A%2F%2Fwww.googleapis.com%2Fauth%2Fdevstorage.full_control%2Chttps%3A%2F%2Fwww.googleapis.com%2Fauth%2Fdevstorage.read_only%2Chttps%3A%2F%2Fwww.googleapis.com%2Fauth%2Fdevstorage.read_write HTTP/10" 200 None
2024-08-29 07:09:09 - urllib3.connectionpool - DEBUG - Starting new HTTPS connection (1): storage.googleapis.com:443
2024-08-29 07:09:10 - urllib3.connectionpool - DEBUG - https://storage.googleapis.com:443 "GET /download/storage/v1/b/genaiq_storage/o/uploads%2FOlusegun_Tewogbade.pdf?alt=media HTTP/11" 200 140304
2024-08-29 07:09:10 - __main__ - ERROR - Exception during feedback page generation: name 'os' is not defined
2024-08-29 07:09:10 - __main__ - INFO - Local file temp_uploads/Olusegun_Tewogbade.pdf removed after processing.
2024-08-29 07:09:10 - werkzeug - INFO - 127.0.0.1 - - [29/Aug/2024 07:09:10] "[35m[1mPOST /get_feedback_page HTTP/1.1[0m" 500 -
2024-08-29 07:09:11 - __main__ - DEBUG - Directory already exists at temp_uploads
2024-08-29 07:09:11 - __main__ - INFO - File saved locally at temp_uploads/Olusegun_Tewogbade.pdf
2024-08-29 07:09:11 - google.auth._default - DEBUG - Checking None for explicit credentials as part of auth process...
2024-08-29 07:09:11 - google.auth._default - DEBUG - Checking Cloud SDK credentials as part of auth process...
2024-08-29 07:09:11 - google.auth._default - DEBUG - Cloud SDK credentials not found on disk; not using them
2024-08-29 07:09:11 - google.auth.transport._http_client - DEBUG - Making request: GET http://169.254.169.254
2024-08-29 07:09:11 - google.auth.transport._http_client - DEBUG - Making request: GET http://metadata.google.internal/computeMetadata/v1/project/project-id
2024-08-29 07:09:11 - google.auth._default - WARNING - No project ID could be determined. Consider running `gcloud config set project` or setting the GOOGLE_CLOUD_PROJECT environment variable
2024-08-29 07:09:11 - google.auth._default - DEBUG - Checking None for explicit credentials as part of auth process...
2024-08-29 07:09:11 - google.auth._default - DEBUG - Checking Cloud SDK credentials as part of auth process...
2024-08-29 07:09:11 - google.auth._default - DEBUG - Cloud SDK credentials not found on disk; not using them
2024-08-29 07:09:11 - google.auth.transport._http_client - DEBUG - Making request: GET http://169.254.169.254
2024-08-29 07:09:11 - google.auth.transport._http_client - DEBUG - Making request: GET http://metadata.google.internal/computeMetadata/v1/project/project-id
2024-08-29 07:09:11 - google.auth._default - WARNING - No project ID could be determined. Consider running `gcloud config set project` or setting the GOOGLE_CLOUD_PROJECT environment variable
2024-08-29 07:09:11 - google.auth.transport.requests - DEBUG - Making request: GET http://metadata.google.internal/computeMetadata/v1/universe/universe_domain
2024-08-29 07:09:11 - urllib3.connectionpool - DEBUG - Starting new HTTP connection (1): metadata.google.internal:80
2024-08-29 07:09:11 - urllib3.connectionpool - DEBUG - http://metadata.google.internal:80 "GET /computeMetadata/v1/universe/universe_domain HTTP/10" 404 None
2024-08-29 07:09:11 - urllib3.util.retry - DEBUG - Converted retries value: 3 -> Retry(total=3, connect=None, read=None, redirect=None, status=None)
2024-08-29 07:09:11 - google.auth.transport.requests - DEBUG - Making request: GET http://metadata.google.internal/computeMetadata/v1/instance/service-accounts/default/?recursive=true
2024-08-29 07:09:11 - urllib3.connectionpool - DEBUG - Starting new HTTP connection (1): metadata.google.internal:80
2024-08-29 07:09:11 - urllib3.connectionpool - DEBUG - http://metadata.google.internal:80 "GET /computeMetadata/v1/instance/service-accounts/default/?recursive=true HTTP/10" 200 None
2024-08-29 07:09:11 - google.auth.transport.requests - DEBUG - Making request: GET http://metadata.google.internal/computeMetadata/v1/instance/service-accounts/bamidele.tewogbade1@gmail.com/token?scopes=https%3A%2F%2Fwww.googleapis.com%2Fauth%2Fdevstorage.full_control%2Chttps%3A%2F%2Fwww.googleapis.com%2Fauth%2Fdevstorage.read_only%2Chttps%3A%2F%2Fwww.googleapis.com%2Fauth%2Fdevstorage.read_write
2024-08-29 07:09:11 - urllib3.connectionpool - DEBUG - Resetting dropped connection: metadata.google.internal
2024-08-29 07:09:11 - urllib3.connectionpool - DEBUG - http://metadata.google.internal:80 "GET /computeMetadata/v1/instance/service-accounts/bamidele.tewogbade1@gmail.com/token?scopes=https%3A%2F%2Fwww.googleapis.com%2Fauth%2Fdevstorage.full_control%2Chttps%3A%2F%2Fwww.googleapis.com%2Fauth%2Fdevstorage.read_only%2Chttps%3A%2F%2Fwww.googleapis.com%2Fauth%2Fdevstorage.read_write HTTP/10" 200 None
2024-08-29 07:09:11 - urllib3.connectionpool - DEBUG - Starting new HTTPS connection (1): storage.googleapis.com:443
2024-08-29 07:09:11 - __main__ - DEBUG - Directory already exists at temp_uploads
2024-08-29 07:09:11 - __main__ - INFO - File saved locally at temp_uploads/Olusegun_Tewogbade.pdf
2024-08-29 07:09:11 - google.auth._default - DEBUG - Checking None for explicit credentials as part of auth process...
2024-08-29 07:09:11 - google.auth._default - DEBUG - Checking Cloud SDK credentials as part of auth process...
2024-08-29 07:09:11 - google.auth._default - DEBUG - Cloud SDK credentials not found on disk; not using them
2024-08-29 07:09:11 - google.auth.transport._http_client - DEBUG - Making request: GET http://169.254.169.254
2024-08-29 07:09:11 - google.auth.transport._http_client - DEBUG - Making request: GET http://metadata.google.internal/computeMetadata/v1/project/project-id
2024-08-29 07:09:11 - google.auth._default - WARNING - No project ID could be determined. Consider running `gcloud config set project` or setting the GOOGLE_CLOUD_PROJECT environment variable
2024-08-29 07:09:11 - google.auth._default - DEBUG - Checking None for explicit credentials as part of auth process...
2024-08-29 07:09:11 - google.auth._default - DEBUG - Checking Cloud SDK credentials as part of auth process...
2024-08-29 07:09:11 - google.auth._default - DEBUG - Cloud SDK credentials not found on disk; not using them
2024-08-29 07:09:11 - google.auth.transport._http_client - DEBUG - Making request: GET http://169.254.169.254
2024-08-29 07:09:11 - google.auth.transport._http_client - DEBUG - Making request: GET http://metadata.google.internal/computeMetadata/v1/project/project-id
2024-08-29 07:09:11 - google.auth._default - WARNING - No project ID could be determined. Consider running `gcloud config set project` or setting the GOOGLE_CLOUD_PROJECT environment variable
2024-08-29 07:09:11 - google.auth.transport.requests - DEBUG - Making request: GET http://metadata.google.internal/computeMetadata/v1/universe/universe_domain
2024-08-29 07:09:11 - urllib3.connectionpool - DEBUG - Starting new HTTP connection (1): metadata.google.internal:80
2024-08-29 07:09:11 - urllib3.connectionpool - DEBUG - http://metadata.google.internal:80 "GET /computeMetadata/v1/universe/universe_domain HTTP/10" 404 None
2024-08-29 07:09:11 - urllib3.util.retry - DEBUG - Converted retries value: 3 -> Retry(total=3, connect=None, read=None, redirect=None, status=None)
2024-08-29 07:09:11 - google.auth.transport.requests - DEBUG - Making request: GET http://metadata.google.internal/computeMetadata/v1/instance/service-accounts/default/?recursive=true
2024-08-29 07:09:11 - urllib3.connectionpool - DEBUG - Starting new HTTP connection (1): metadata.google.internal:80
2024-08-29 07:09:11 - urllib3.connectionpool - DEBUG - http://metadata.google.internal:80 "GET /computeMetadata/v1/instance/service-accounts/default/?recursive=true HTTP/10" 200 None
2024-08-29 07:09:11 - google.auth.transport.requests - DEBUG - Making request: GET http://metadata.google.internal/computeMetadata/v1/instance/service-accounts/bamidele.tewogbade1@gmail.com/token?scopes=https%3A%2F%2Fwww.googleapis.com%2Fauth%2Fdevstorage.full_control%2Chttps%3A%2F%2Fwww.googleapis.com%2Fauth%2Fdevstorage.read_only%2Chttps%3A%2F%2Fwww.googleapis.com%2Fauth%2Fdevstorage.read_write
2024-08-29 07:09:11 - urllib3.connectionpool - DEBUG - Resetting dropped connection: metadata.google.internal
2024-08-29 07:09:11 - urllib3.connectionpool - DEBUG - http://metadata.google.internal:80 "GET /computeMetadata/v1/instance/service-accounts/bamidele.tewogbade1@gmail.com/token?scopes=https%3A%2F%2Fwww.googleapis.com%2Fauth%2Fdevstorage.full_control%2Chttps%3A%2F%2Fwww.googleapis.com%2Fauth%2Fdevstorage.read_only%2Chttps%3A%2F%2Fwww.googleapis.com%2Fauth%2Fdevstorage.read_write HTTP/10" 200 None
2024-08-29 07:09:11 - urllib3.connectionpool - DEBUG - Starting new HTTPS connection (1): storage.googleapis.com:443
2024-08-29 07:09:11 - __main__ - DEBUG - Directory already exists at temp_uploads
2024-08-29 07:09:11 - __main__ - INFO - File saved locally at temp_uploads/Olusegun_Tewogbade.pdf
2024-08-29 07:09:11 - google.auth._default - DEBUG - Checking None for explicit credentials as part of auth process...
2024-08-29 07:09:11 - google.auth._default - DEBUG - Checking Cloud SDK credentials as part of auth process...
2024-08-29 07:09:11 - google.auth._default - DEBUG - Cloud SDK credentials not found on disk; not using them
2024-08-29 07:09:11 - google.auth.transport._http_client - DEBUG - Making request: GET http://169.254.169.254
2024-08-29 07:09:11 - google.auth.transport._http_client - DEBUG - Making request: GET http://metadata.google.internal/computeMetadata/v1/project/project-id
2024-08-29 07:09:11 - google.auth._default - WARNING - No project ID could be determined. Consider running `gcloud config set project` or setting the GOOGLE_CLOUD_PROJECT environment variable
2024-08-29 07:09:11 - google.auth._default - DEBUG - Checking None for explicit credentials as part of auth process...
2024-08-29 07:09:11 - google.auth._default - DEBUG - Checking Cloud SDK credentials as part of auth process...
2024-08-29 07:09:11 - google.auth._default - DEBUG - Cloud SDK credentials not found on disk; not using them
2024-08-29 07:09:11 - google.auth.transport._http_client - DEBUG - Making request: GET http://169.254.169.254
2024-08-29 07:09:11 - google.auth.transport._http_client - DEBUG - Making request: GET http://metadata.google.internal/computeMetadata/v1/project/project-id
2024-08-29 07:09:11 - google.auth._default - WARNING - No project ID could be determined. Consider running `gcloud config set project` or setting the GOOGLE_CLOUD_PROJECT environment variable
2024-08-29 07:09:11 - google.auth.transport.requests - DEBUG - Making request: GET http://metadata.google.internal/computeMetadata/v1/universe/universe_domain
2024-08-29 07:09:11 - urllib3.connectionpool - DEBUG - Starting new HTTP connection (1): metadata.google.internal:80
2024-08-29 07:09:11 - urllib3.connectionpool - DEBUG - http://metadata.google.internal:80 "GET /computeMetadata/v1/universe/universe_domain HTTP/10" 404 None
2024-08-29 07:09:11 - urllib3.util.retry - DEBUG - Converted retries value: 3 -> Retry(total=3, connect=None, read=None, redirect=None, status=None)
2024-08-29 07:09:11 - google.auth.transport.requests - DEBUG - Making request: GET http://metadata.google.internal/computeMetadata/v1/instance/service-accounts/default/?recursive=true
2024-08-29 07:09:11 - urllib3.connectionpool - DEBUG - Starting new HTTP connection (1): metadata.google.internal:80
2024-08-29 07:09:11 - urllib3.connectionpool - DEBUG - http://metadata.google.internal:80 "GET /computeMetadata/v1/instance/service-accounts/default/?recursive=true HTTP/10" 200 None
2024-08-29 07:09:11 - google.auth.transport.requests - DEBUG - Making request: GET http://metadata.google.internal/computeMetadata/v1/instance/service-accounts/bamidele.tewogbade1@gmail.com/token?scopes=https%3A%2F%2Fwww.googleapis.com%2Fauth%2Fdevstorage.full_control%2Chttps%3A%2F%2Fwww.googleapis.com%2Fauth%2Fdevstorage.read_only%2Chttps%3A%2F%2Fwww.googleapis.com%2Fauth%2Fdevstorage.read_write
2024-08-29 07:09:11 - urllib3.connectionpool - DEBUG - Resetting dropped connection: metadata.google.internal
2024-08-29 07:09:11 - urllib3.connectionpool - DEBUG - http://metadata.google.internal:80 "GET /computeMetadata/v1/instance/service-accounts/bamidele.tewogbade1@gmail.com/token?scopes=https%3A%2F%2Fwww.googleapis.com%2Fauth%2Fdevstorage.full_control%2Chttps%3A%2F%2Fwww.googleapis.com%2Fauth%2Fdevstorage.read_only%2Chttps%3A%2F%2Fwww.googleapis.com%2Fauth%2Fdevstorage.read_write HTTP/10" 200 None
2024-08-29 07:09:11 - urllib3.connectionpool - DEBUG - Starting new HTTPS connection (1): storage.googleapis.com:443
2024-08-29 07:09:11 - __main__ - DEBUG - Directory already exists at temp_uploads
2024-08-29 07:09:11 - __main__ - INFO - File saved locally at temp_uploads/Olusegun_Tewogbade.pdf
2024-08-29 07:09:11 - google.auth._default - DEBUG - Checking None for explicit credentials as part of auth process...
2024-08-29 07:09:11 - google.auth._default - DEBUG - Checking Cloud SDK credentials as part of auth process...
2024-08-29 07:09:11 - google.auth._default - DEBUG - Cloud SDK credentials not found on disk; not using them
2024-08-29 07:09:11 - google.auth.transport._http_client - DEBUG - Making request: GET http://169.254.169.254
2024-08-29 07:09:11 - google.auth.transport._http_client - DEBUG - Making request: GET http://metadata.google.internal/computeMetadata/v1/project/project-id
2024-08-29 07:09:11 - google.auth._default - WARNING - No project ID could be determined. Consider running `gcloud config set project` or setting the GOOGLE_CLOUD_PROJECT environment variable
2024-08-29 07:09:11 - google.auth._default - DEBUG - Checking None for explicit credentials as part of auth process...
2024-08-29 07:09:11 - google.auth._default - DEBUG - Checking Cloud SDK credentials as part of auth process...
2024-08-29 07:09:11 - google.auth._default - DEBUG - Cloud SDK credentials not found on disk; not using them
2024-08-29 07:09:11 - google.auth.transport._http_client - DEBUG - Making request: GET http://169.254.169.254
2024-08-29 07:09:11 - google.auth.transport._http_client - DEBUG - Making request: GET http://metadata.google.internal/computeMetadata/v1/project/project-id
2024-08-29 07:09:11 - google.auth._default - WARNING - No project ID could be determined. Consider running `gcloud config set project` or setting the GOOGLE_CLOUD_PROJECT environment variable
2024-08-29 07:09:11 - google.auth.transport.requests - DEBUG - Making request: GET http://metadata.google.internal/computeMetadata/v1/universe/universe_domain
2024-08-29 07:09:11 - urllib3.connectionpool - DEBUG - Starting new HTTP connection (1): metadata.google.internal:80
2024-08-29 07:09:11 - urllib3.connectionpool - DEBUG - http://metadata.google.internal:80 "GET /computeMetadata/v1/universe/universe_domain HTTP/10" 404 None
2024-08-29 07:09:11 - urllib3.util.retry - DEBUG - Converted retries value: 3 -> Retry(total=3, connect=None, read=None, redirect=None, status=None)
2024-08-29 07:09:11 - google.auth.transport.requests - DEBUG - Making request: GET http://metadata.google.internal/computeMetadata/v1/instance/service-accounts/default/?recursive=true
2024-08-29 07:09:11 - urllib3.connectionpool - DEBUG - Starting new HTTP connection (1): metadata.google.internal:80
2024-08-29 07:09:11 - urllib3.connectionpool - DEBUG - http://metadata.google.internal:80 "GET /computeMetadata/v1/instance/service-accounts/default/?recursive=true HTTP/10" 200 None
2024-08-29 07:09:11 - google.auth.transport.requests - DEBUG - Making request: GET http://metadata.google.internal/computeMetadata/v1/instance/service-accounts/bamidele.tewogbade1@gmail.com/token?scopes=https%3A%2F%2Fwww.googleapis.com%2Fauth%2Fdevstorage.full_control%2Chttps%3A%2F%2Fwww.googleapis.com%2Fauth%2Fdevstorage.read_only%2Chttps%3A%2F%2Fwww.googleapis.com%2Fauth%2Fdevstorage.read_write
2024-08-29 07:09:11 - urllib3.connectionpool - DEBUG - Resetting dropped connection: metadata.google.internal
2024-08-29 07:09:11 - urllib3.connectionpool - DEBUG - http://metadata.google.internal:80 "GET /computeMetadata/v1/instance/service-accounts/bamidele.tewogbade1@gmail.com/token?scopes=https%3A%2F%2Fwww.googleapis.com%2Fauth%2Fdevstorage.full_control%2Chttps%3A%2F%2Fwww.googleapis.com%2Fauth%2Fdevstorage.read_only%2Chttps%3A%2F%2Fwww.googleapis.com%2Fauth%2Fdevstorage.read_write HTTP/10" 200 None
2024-08-29 07:09:11 - urllib3.connectionpool - DEBUG - Starting new HTTPS connection (1): storage.googleapis.com:443
2024-08-29 07:09:12 - urllib3.connectionpool - DEBUG - https://storage.googleapis.com:443 "POST /upload/storage/v1/b/genaiq_storage/o?uploadType=multipart HTTP/11" 200 830
2024-08-29 07:09:12 - __main__ - INFO - File uploaded to GCS at gs://genaiq_storage/uploads/Olusegun_Tewogbade.pdf
2024-08-29 07:09:12 - google.auth._default - DEBUG - Checking None for explicit credentials as part of auth process...
2024-08-29 07:09:12 - google.auth._default - DEBUG - Checking Cloud SDK credentials as part of auth process...
2024-08-29 07:09:12 - google.auth._default - DEBUG - Cloud SDK credentials not found on disk; not using them
2024-08-29 07:09:12 - google.auth.transport._http_client - DEBUG - Making request: GET http://169.254.169.254
2024-08-29 07:09:12 - google.auth.transport._http_client - DEBUG - Making request: GET http://metadata.google.internal/computeMetadata/v1/project/project-id
2024-08-29 07:09:12 - google.auth._default - WARNING - No project ID could be determined. Consider running `gcloud config set project` or setting the GOOGLE_CLOUD_PROJECT environment variable
2024-08-29 07:09:12 - google.auth._default - DEBUG - Checking None for explicit credentials as part of auth process...
2024-08-29 07:09:12 - google.auth._default - DEBUG - Checking Cloud SDK credentials as part of auth process...
2024-08-29 07:09:12 - google.auth._default - DEBUG - Cloud SDK credentials not found on disk; not using them
2024-08-29 07:09:12 - google.auth.transport._http_client - DEBUG - Making request: GET http://169.254.169.254
2024-08-29 07:09:12 - google.auth.transport._http_client - DEBUG - Making request: GET http://metadata.google.internal/computeMetadata/v1/project/project-id
2024-08-29 07:09:12 - google.auth._default - WARNING - No project ID could be determined. Consider running `gcloud config set project` or setting the GOOGLE_CLOUD_PROJECT environment variable
2024-08-29 07:09:12 - google.auth.transport.requests - DEBUG - Making request: GET http://metadata.google.internal/computeMetadata/v1/universe/universe_domain
2024-08-29 07:09:12 - urllib3.connectionpool - DEBUG - Starting new HTTP connection (1): metadata.google.internal:80
2024-08-29 07:09:12 - urllib3.connectionpool - DEBUG - http://metadata.google.internal:80 "GET /computeMetadata/v1/universe/universe_domain HTTP/10" 404 None
2024-08-29 07:09:12 - urllib3.util.retry - DEBUG - Converted retries value: 3 -> Retry(total=3, connect=None, read=None, redirect=None, status=None)
2024-08-29 07:09:12 - google.auth.transport.requests - DEBUG - Making request: GET http://metadata.google.internal/computeMetadata/v1/instance/service-accounts/default/?recursive=true
2024-08-29 07:09:12 - urllib3.connectionpool - DEBUG - Starting new HTTP connection (1): metadata.google.internal:80
2024-08-29 07:09:12 - urllib3.connectionpool - DEBUG - http://metadata.google.internal:80 "GET /computeMetadata/v1/instance/service-accounts/default/?recursive=true HTTP/10" 200 None
2024-08-29 07:09:12 - google.auth.transport.requests - DEBUG - Making request: GET http://metadata.google.internal/computeMetadata/v1/instance/service-accounts/bamidele.tewogbade1@gmail.com/token?scopes=https%3A%2F%2Fwww.googleapis.com%2Fauth%2Fdevstorage.full_control%2Chttps%3A%2F%2Fwww.googleapis.com%2Fauth%2Fdevstorage.read_only%2Chttps%3A%2F%2Fwww.googleapis.com%2Fauth%2Fdevstorage.read_write
2024-08-29 07:09:12 - urllib3.connectionpool - DEBUG - Resetting dropped connection: metadata.google.internal
2024-08-29 07:09:12 - urllib3.connectionpool - DEBUG - http://metadata.google.internal:80 "GET /computeMetadata/v1/instance/service-accounts/bamidele.tewogbade1@gmail.com/token?scopes=https%3A%2F%2Fwww.googleapis.com%2Fauth%2Fdevstorage.full_control%2Chttps%3A%2F%2Fwww.googleapis.com%2Fauth%2Fdevstorage.read_only%2Chttps%3A%2F%2Fwww.googleapis.com%2Fauth%2Fdevstorage.read_write HTTP/10" 200 None
2024-08-29 07:09:12 - urllib3.connectionpool - DEBUG - Starting new HTTPS connection (1): storage.googleapis.com:443
2024-08-29 07:09:12 - urllib3.connectionpool - DEBUG - https://storage.googleapis.com:443 "POST /upload/storage/v1/b/genaiq_storage/o?uploadType=multipart HTTP/11" 200 830
2024-08-29 07:09:12 - __main__ - INFO - File uploaded to GCS at gs://genaiq_storage/uploads/Olusegun_Tewogbade.pdf
2024-08-29 07:09:12 - google.auth._default - DEBUG - Checking None for explicit credentials as part of auth process...
2024-08-29 07:09:12 - google.auth._default - DEBUG - Checking Cloud SDK credentials as part of auth process...
2024-08-29 07:09:12 - google.auth._default - DEBUG - Cloud SDK credentials not found on disk; not using them
2024-08-29 07:09:12 - google.auth.transport._http_client - DEBUG - Making request: GET http://169.254.169.254
2024-08-29 07:09:12 - google.auth.transport._http_client - DEBUG - Making request: GET http://metadata.google.internal/computeMetadata/v1/project/project-id
2024-08-29 07:09:12 - google.auth._default - WARNING - No project ID could be determined. Consider running `gcloud config set project` or setting the GOOGLE_CLOUD_PROJECT environment variable
2024-08-29 07:09:12 - google.auth._default - DEBUG - Checking None for explicit credentials as part of auth process...
2024-08-29 07:09:12 - google.auth._default - DEBUG - Checking Cloud SDK credentials as part of auth process...
2024-08-29 07:09:12 - google.auth._default - DEBUG - Cloud SDK credentials not found on disk; not using them
2024-08-29 07:09:12 - google.auth.transport._http_client - DEBUG - Making request: GET http://169.254.169.254
2024-08-29 07:09:12 - google.auth.transport._http_client - DEBUG - Making request: GET http://metadata.google.internal/computeMetadata/v1/project/project-id
2024-08-29 07:09:12 - google.auth._default - WARNING - No project ID could be determined. Consider running `gcloud config set project` or setting the GOOGLE_CLOUD_PROJECT environment variable
2024-08-29 07:09:12 - google.auth.transport.requests - DEBUG - Making request: GET http://metadata.google.internal/computeMetadata/v1/universe/universe_domain
2024-08-29 07:09:12 - urllib3.connectionpool - DEBUG - Starting new HTTP connection (1): metadata.google.internal:80
2024-08-29 07:09:12 - urllib3.connectionpool - DEBUG - http://metadata.google.internal:80 "GET /computeMetadata/v1/universe/universe_domain HTTP/10" 404 None
2024-08-29 07:09:12 - urllib3.util.retry - DEBUG - Converted retries value: 3 -> Retry(total=3, connect=None, read=None, redirect=None, status=None)
2024-08-29 07:09:12 - google.auth.transport.requests - DEBUG - Making request: GET http://metadata.google.internal/computeMetadata/v1/instance/service-accounts/default/?recursive=true
2024-08-29 07:09:12 - urllib3.connectionpool - DEBUG - Starting new HTTP connection (1): metadata.google.internal:80
2024-08-29 07:09:12 - urllib3.connectionpool - DEBUG - http://metadata.google.internal:80 "GET /computeMetadata/v1/instance/service-accounts/default/?recursive=true HTTP/10" 200 None
2024-08-29 07:09:12 - google.auth.transport.requests - DEBUG - Making request: GET http://metadata.google.internal/computeMetadata/v1/instance/service-accounts/bamidele.tewogbade1@gmail.com/token?scopes=https%3A%2F%2Fwww.googleapis.com%2Fauth%2Fdevstorage.full_control%2Chttps%3A%2F%2Fwww.googleapis.com%2Fauth%2Fdevstorage.read_only%2Chttps%3A%2F%2Fwww.googleapis.com%2Fauth%2Fdevstorage.read_write
2024-08-29 07:09:12 - urllib3.connectionpool - DEBUG - Resetting dropped connection: metadata.google.internal
2024-08-29 07:09:12 - urllib3.connectionpool - DEBUG - http://metadata.google.internal:80 "GET /computeMetadata/v1/instance/service-accounts/bamidele.tewogbade1@gmail.com/token?scopes=https%3A%2F%2Fwww.googleapis.com%2Fauth%2Fdevstorage.full_control%2Chttps%3A%2F%2Fwww.googleapis.com%2Fauth%2Fdevstorage.read_only%2Chttps%3A%2F%2Fwww.googleapis.com%2Fauth%2Fdevstorage.read_write HTTP/10" 200 None
2024-08-29 07:09:12 - urllib3.connectionpool - DEBUG - Starting new HTTPS connection (1): storage.googleapis.com:443
2024-08-29 07:09:12 - urllib3.connectionpool - DEBUG - https://storage.googleapis.com:443 "POST /upload/storage/v1/b/genaiq_storage/o?uploadType=multipart HTTP/11" 200 830
2024-08-29 07:09:12 - __main__ - INFO - File uploaded to GCS at gs://genaiq_storage/uploads/Olusegun_Tewogbade.pdf
2024-08-29 07:09:12 - google.auth._default - DEBUG - Checking None for explicit credentials as part of auth process...
2024-08-29 07:09:12 - google.auth._default - DEBUG - Checking Cloud SDK credentials as part of auth process...
2024-08-29 07:09:12 - google.auth._default - DEBUG - Cloud SDK credentials not found on disk; not using them
2024-08-29 07:09:12 - google.auth.transport._http_client - DEBUG - Making request: GET http://169.254.169.254
2024-08-29 07:09:12 - google.auth.transport._http_client - DEBUG - Making request: GET http://metadata.google.internal/computeMetadata/v1/project/project-id
2024-08-29 07:09:12 - google.auth._default - WARNING - No project ID could be determined. Consider running `gcloud config set project` or setting the GOOGLE_CLOUD_PROJECT environment variable
2024-08-29 07:09:12 - google.auth._default - DEBUG - Checking None for explicit credentials as part of auth process...
2024-08-29 07:09:12 - google.auth._default - DEBUG - Checking Cloud SDK credentials as part of auth process...
2024-08-29 07:09:12 - google.auth._default - DEBUG - Cloud SDK credentials not found on disk; not using them
2024-08-29 07:09:12 - google.auth.transport._http_client - DEBUG - Making request: GET http://169.254.169.254
2024-08-29 07:09:12 - google.auth.transport._http_client - DEBUG - Making request: GET http://metadata.google.internal/computeMetadata/v1/project/project-id
2024-08-29 07:09:12 - google.auth._default - WARNING - No project ID could be determined. Consider running `gcloud config set project` or setting the GOOGLE_CLOUD_PROJECT environment variable
2024-08-29 07:09:12 - google.auth.transport.requests - DEBUG - Making request: GET http://metadata.google.internal/computeMetadata/v1/universe/universe_domain
2024-08-29 07:09:12 - urllib3.connectionpool - DEBUG - Starting new HTTP connection (1): metadata.google.internal:80
2024-08-29 07:09:12 - urllib3.connectionpool - DEBUG - http://metadata.google.internal:80 "GET /computeMetadata/v1/universe/universe_domain HTTP/10" 404 None
2024-08-29 07:09:12 - urllib3.util.retry - DEBUG - Converted retries value: 3 -> Retry(total=3, connect=None, read=None, redirect=None, status=None)
2024-08-29 07:09:12 - google.auth.transport.requests - DEBUG - Making request: GET http://metadata.google.internal/computeMetadata/v1/instance/service-accounts/default/?recursive=true
2024-08-29 07:09:12 - urllib3.connectionpool - DEBUG - Starting new HTTP connection (1): metadata.google.internal:80
2024-08-29 07:09:12 - urllib3.connectionpool - DEBUG - http://metadata.google.internal:80 "GET /computeMetadata/v1/instance/service-accounts/default/?recursive=true HTTP/10" 200 None
2024-08-29 07:09:12 - google.auth.transport.requests - DEBUG - Making request: GET http://metadata.google.internal/computeMetadata/v1/instance/service-accounts/bamidele.tewogbade1@gmail.com/token?scopes=https%3A%2F%2Fwww.googleapis.com%2Fauth%2Fdevstorage.full_control%2Chttps%3A%2F%2Fwww.googleapis.com%2Fauth%2Fdevstorage.read_only%2Chttps%3A%2F%2Fwww.googleapis.com%2Fauth%2Fdevstorage.read_write
2024-08-29 07:09:12 - urllib3.connectionpool - DEBUG - Resetting dropped connection: metadata.google.internal
2024-08-29 07:09:12 - urllib3.connectionpool - DEBUG - http://metadata.google.internal:80 "GET /computeMetadata/v1/instance/service-accounts/bamidele.tewogbade1@gmail.com/token?scopes=https%3A%2F%2Fwww.googleapis.com%2Fauth%2Fdevstorage.full_control%2Chttps%3A%2F%2Fwww.googleapis.com%2Fauth%2Fdevstorage.read_only%2Chttps%3A%2F%2Fwww.googleapis.com%2Fauth%2Fdevstorage.read_write HTTP/10" 200 None
2024-08-29 07:09:12 - urllib3.connectionpool - DEBUG - Starting new HTTPS connection (1): storage.googleapis.com:443
2024-08-29 07:09:12 - __main__ - DEBUG - Directory already exists at temp_uploads
2024-08-29 07:09:12 - __main__ - INFO - File saved locally at temp_uploads/Olusegun_Tewogbade.pdf
2024-08-29 07:09:12 - google.auth._default - DEBUG - Checking None for explicit credentials as part of auth process...
2024-08-29 07:09:12 - google.auth._default - DEBUG - Checking Cloud SDK credentials as part of auth process...
2024-08-29 07:09:12 - google.auth._default - DEBUG - Cloud SDK credentials not found on disk; not using them
2024-08-29 07:09:12 - google.auth.transport._http_client - DEBUG - Making request: GET http://169.254.169.254
2024-08-29 07:09:12 - google.auth.transport._http_client - DEBUG - Making request: GET http://metadata.google.internal/computeMetadata/v1/project/project-id
2024-08-29 07:09:12 - google.auth._default - WARNING - No project ID could be determined. Consider running `gcloud config set project` or setting the GOOGLE_CLOUD_PROJECT environment variable
2024-08-29 07:09:12 - google.auth._default - DEBUG - Checking None for explicit credentials as part of auth process...
2024-08-29 07:09:12 - google.auth._default - DEBUG - Checking Cloud SDK credentials as part of auth process...
2024-08-29 07:09:12 - google.auth._default - DEBUG - Cloud SDK credentials not found on disk; not using them
2024-08-29 07:09:12 - google.auth.transport._http_client - DEBUG - Making request: GET http://169.254.169.254
2024-08-29 07:09:12 - google.auth.transport._http_client - DEBUG - Making request: GET http://metadata.google.internal/computeMetadata/v1/project/project-id
2024-08-29 07:09:12 - google.auth._default - WARNING - No project ID could be determined. Consider running `gcloud config set project` or setting the GOOGLE_CLOUD_PROJECT environment variable
2024-08-29 07:09:12 - google.auth.transport.requests - DEBUG - Making request: GET http://metadata.google.internal/computeMetadata/v1/universe/universe_domain
2024-08-29 07:09:12 - urllib3.connectionpool - DEBUG - Starting new HTTP connection (1): metadata.google.internal:80
2024-08-29 07:09:12 - urllib3.connectionpool - DEBUG - http://metadata.google.internal:80 "GET /computeMetadata/v1/universe/universe_domain HTTP/10" 404 None
2024-08-29 07:09:12 - urllib3.util.retry - DEBUG - Converted retries value: 3 -> Retry(total=3, connect=None, read=None, redirect=None, status=None)
2024-08-29 07:09:12 - google.auth.transport.requests - DEBUG - Making request: GET http://metadata.google.internal/computeMetadata/v1/instance/service-accounts/default/?recursive=true
2024-08-29 07:09:12 - urllib3.connectionpool - DEBUG - Starting new HTTP connection (1): metadata.google.internal:80
2024-08-29 07:09:12 - urllib3.connectionpool - DEBUG - http://metadata.google.internal:80 "GET /computeMetadata/v1/instance/service-accounts/default/?recursive=true HTTP/10" 200 None
2024-08-29 07:09:12 - google.auth.transport.requests - DEBUG - Making request: GET http://metadata.google.internal/computeMetadata/v1/instance/service-accounts/bamidele.tewogbade1@gmail.com/token?scopes=https%3A%2F%2Fwww.googleapis.com%2Fauth%2Fdevstorage.full_control%2Chttps%3A%2F%2Fwww.googleapis.com%2Fauth%2Fdevstorage.read_only%2Chttps%3A%2F%2Fwww.googleapis.com%2Fauth%2Fdevstorage.read_write
2024-08-29 07:09:12 - urllib3.connectionpool - DEBUG - Resetting dropped connection: metadata.google.internal
2024-08-29 07:09:12 - urllib3.connectionpool - DEBUG - http://metadata.google.internal:80 "GET /computeMetadata/v1/instance/service-accounts/bamidele.tewogbade1@gmail.com/token?scopes=https%3A%2F%2Fwww.googleapis.com%2Fauth%2Fdevstorage.full_control%2Chttps%3A%2F%2Fwww.googleapis.com%2Fauth%2Fdevstorage.read_only%2Chttps%3A%2F%2Fwww.googleapis.com%2Fauth%2Fdevstorage.read_write HTTP/10" 200 None
2024-08-29 07:09:12 - urllib3.connectionpool - DEBUG - Starting new HTTPS connection (1): storage.googleapis.com:443
2024-08-29 07:09:12 - urllib3.connectionpool - DEBUG - https://storage.googleapis.com:443 "POST /upload/storage/v1/b/genaiq_storage/o?uploadType=multipart HTTP/11" 200 830
2024-08-29 07:09:12 - __main__ - INFO - File uploaded to GCS at gs://genaiq_storage/uploads/Olusegun_Tewogbade.pdf
2024-08-29 07:09:12 - google.auth._default - DEBUG - Checking None for explicit credentials as part of auth process...
2024-08-29 07:09:12 - google.auth._default - DEBUG - Checking Cloud SDK credentials as part of auth process...
2024-08-29 07:09:12 - google.auth._default - DEBUG - Cloud SDK credentials not found on disk; not using them
2024-08-29 07:09:12 - google.auth.transport._http_client - DEBUG - Making request: GET http://169.254.169.254
2024-08-29 07:09:12 - google.auth.transport._http_client - DEBUG - Making request: GET http://metadata.google.internal/computeMetadata/v1/project/project-id
2024-08-29 07:09:12 - google.auth._default - WARNING - No project ID could be determined. Consider running `gcloud config set project` or setting the GOOGLE_CLOUD_PROJECT environment variable
2024-08-29 07:09:12 - google.auth._default - DEBUG - Checking None for explicit credentials as part of auth process...
2024-08-29 07:09:12 - google.auth._default - DEBUG - Checking Cloud SDK credentials as part of auth process...
2024-08-29 07:09:12 - google.auth._default - DEBUG - Cloud SDK credentials not found on disk; not using them
2024-08-29 07:09:12 - google.auth.transport._http_client - DEBUG - Making request: GET http://169.254.169.254
2024-08-29 07:09:12 - google.auth.transport._http_client - DEBUG - Making request: GET http://metadata.google.internal/computeMetadata/v1/project/project-id
2024-08-29 07:09:12 - google.auth._default - WARNING - No project ID could be determined. Consider running `gcloud config set project` or setting the GOOGLE_CLOUD_PROJECT environment variable
2024-08-29 07:09:12 - google.auth.transport.requests - DEBUG - Making request: GET http://metadata.google.internal/computeMetadata/v1/universe/universe_domain
2024-08-29 07:09:12 - urllib3.connectionpool - DEBUG - Starting new HTTP connection (1): metadata.google.internal:80
2024-08-29 07:09:12 - urllib3.connectionpool - DEBUG - http://metadata.google.internal:80 "GET /computeMetadata/v1/universe/universe_domain HTTP/10" 404 None
2024-08-29 07:09:12 - urllib3.util.retry - DEBUG - Converted retries value: 3 -> Retry(total=3, connect=None, read=None, redirect=None, status=None)
2024-08-29 07:09:12 - google.auth.transport.requests - DEBUG - Making request: GET http://metadata.google.internal/computeMetadata/v1/instance/service-accounts/default/?recursive=true
2024-08-29 07:09:12 - urllib3.connectionpool - DEBUG - Starting new HTTP connection (1): metadata.google.internal:80
2024-08-29 07:09:12 - urllib3.connectionpool - DEBUG - http://metadata.google.internal:80 "GET /computeMetadata/v1/instance/service-accounts/default/?recursive=true HTTP/10" 200 None
2024-08-29 07:09:12 - google.auth.transport.requests - DEBUG - Making request: GET http://metadata.google.internal/computeMetadata/v1/instance/service-accounts/bamidele.tewogbade1@gmail.com/token?scopes=https%3A%2F%2Fwww.googleapis.com%2Fauth%2Fdevstorage.full_control%2Chttps%3A%2F%2Fwww.googleapis.com%2Fauth%2Fdevstorage.read_only%2Chttps%3A%2F%2Fwww.googleapis.com%2Fauth%2Fdevstorage.read_write
2024-08-29 07:09:12 - urllib3.connectionpool - DEBUG - Resetting dropped connection: metadata.google.internal
2024-08-29 07:09:12 - urllib3.connectionpool - DEBUG - http://metadata.google.internal:80 "GET /computeMetadata/v1/instance/service-accounts/bamidele.tewogbade1@gmail.com/token?scopes=https%3A%2F%2Fwww.googleapis.com%2Fauth%2Fdevstorage.full_control%2Chttps%3A%2F%2Fwww.googleapis.com%2Fauth%2Fdevstorage.read_only%2Chttps%3A%2F%2Fwww.googleapis.com%2Fauth%2Fdevstorage.read_write HTTP/10" 200 None
2024-08-29 07:09:12 - urllib3.connectionpool - DEBUG - Starting new HTTPS connection (1): storage.googleapis.com:443
2024-08-29 07:09:13 - urllib3.connectionpool - DEBUG - https://storage.googleapis.com:443 "GET /download/storage/v1/b/genaiq_storage/o/uploads%2FOlusegun_Tewogbade.pdf?alt=media HTTP/11" 200 140304
2024-08-29 07:09:13 - urllib3.connectionpool - DEBUG - https://storage.googleapis.com:443 "GET /download/storage/v1/b/genaiq_storage/o/uploads%2FOlusegun_Tewogbade.pdf?alt=media HTTP/11" 200 140304
2024-08-29 07:09:13 - __main__ - ERROR - Exception during feedback page generation: name 'os' is not defined
2024-08-29 07:09:13 - __main__ - INFO - Local file temp_uploads/Olusegun_Tewogbade.pdf removed after processing.
2024-08-29 07:09:13 - werkzeug - INFO - 127.0.0.1 - - [29/Aug/2024 07:09:13] "[35m[1mPOST /get_feedback_page HTTP/1.1[0m" 500 -
2024-08-29 07:09:13 - urllib3.connectionpool - DEBUG - https://storage.googleapis.com:443 "GET /download/storage/v1/b/genaiq_storage/o/uploads%2FOlusegun_Tewogbade.pdf?alt=media HTTP/11" 200 140304
2024-08-29 07:09:13 - __main__ - ERROR - Exception during feedback page generation: name 'os' is not defined
2024-08-29 07:09:13 - werkzeug - INFO - 127.0.0.1 - - [29/Aug/2024 07:09:13] "[35m[1mPOST /get_feedback_page HTTP/1.1[0m" 500 -
2024-08-29 07:09:13 - urllib3.connectionpool - DEBUG - https://storage.googleapis.com:443 "GET /download/storage/v1/b/genaiq_storage/o/uploads%2FOlusegun_Tewogbade.pdf?alt=media HTTP/11" 200 140304
2024-08-29 07:09:13 - __main__ - ERROR - Exception during feedback page generation: name 'os' is not defined
2024-08-29 07:09:13 - werkzeug - INFO - 127.0.0.1 - - [29/Aug/2024 07:09:13] "[35m[1mPOST /get_feedback_page HTTP/1.1[0m" 500 -
2024-08-29 07:09:13 - __main__ - ERROR - Exception during feedback page generation: name 'os' is not defined
2024-08-29 07:09:13 - werkzeug - INFO - 127.0.0.1 - - [29/Aug/2024 07:09:13] "[35m[1mPOST /get_feedback_page HTTP/1.1[0m" 500 -
2024-08-29 07:09:13 - urllib3.connectionpool - DEBUG - https://storage.googleapis.com:443 "POST /upload/storage/v1/b/genaiq_storage/o?uploadType=multipart HTTP/11" 200 830
2024-08-29 07:09:13 - __main__ - INFO - File uploaded to GCS at gs://genaiq_storage/uploads/Olusegun_Tewogbade.pdf
2024-08-29 07:09:13 - google.auth._default - DEBUG - Checking None for explicit credentials as part of auth process...
2024-08-29 07:09:13 - google.auth._default - DEBUG - Checking Cloud SDK credentials as part of auth process...
2024-08-29 07:09:13 - google.auth._default - DEBUG - Cloud SDK credentials not found on disk; not using them
2024-08-29 07:09:13 - google.auth.transport._http_client - DEBUG - Making request: GET http://169.254.169.254
2024-08-29 07:09:13 - google.auth.transport._http_client - DEBUG - Making request: GET http://metadata.google.internal/computeMetadata/v1/project/project-id
2024-08-29 07:09:13 - google.auth._default - WARNING - No project ID could be determined. Consider running `gcloud config set project` or setting the GOOGLE_CLOUD_PROJECT environment variable
2024-08-29 07:09:13 - google.auth._default - DEBUG - Checking None for explicit credentials as part of auth process...
2024-08-29 07:09:13 - google.auth._default - DEBUG - Checking Cloud SDK credentials as part of auth process...
2024-08-29 07:09:13 - google.auth._default - DEBUG - Cloud SDK credentials not found on disk; not using them
2024-08-29 07:09:13 - google.auth.transport._http_client - DEBUG - Making request: GET http://169.254.169.254
2024-08-29 07:09:13 - google.auth.transport._http_client - DEBUG - Making request: GET http://metadata.google.internal/computeMetadata/v1/project/project-id
2024-08-29 07:09:13 - google.auth._default - WARNING - No project ID could be determined. Consider running `gcloud config set project` or setting the GOOGLE_CLOUD_PROJECT environment variable
2024-08-29 07:09:13 - google.auth.transport.requests - DEBUG - Making request: GET http://metadata.google.internal/computeMetadata/v1/universe/universe_domain
2024-08-29 07:09:13 - urllib3.connectionpool - DEBUG - Starting new HTTP connection (1): metadata.google.internal:80
2024-08-29 07:09:13 - urllib3.connectionpool - DEBUG - http://metadata.google.internal:80 "GET /computeMetadata/v1/universe/universe_domain HTTP/10" 404 None
2024-08-29 07:09:13 - urllib3.util.retry - DEBUG - Converted retries value: 3 -> Retry(total=3, connect=None, read=None, redirect=None, status=None)
2024-08-29 07:09:13 - google.auth.transport.requests - DEBUG - Making request: GET http://metadata.google.internal/computeMetadata/v1/instance/service-accounts/default/?recursive=true
2024-08-29 07:09:13 - urllib3.connectionpool - DEBUG - Starting new HTTP connection (1): metadata.google.internal:80
2024-08-29 07:09:13 - urllib3.connectionpool - DEBUG - http://metadata.google.internal:80 "GET /computeMetadata/v1/instance/service-accounts/default/?recursive=true HTTP/10" 200 None
2024-08-29 07:09:13 - google.auth.transport.requests - DEBUG - Making request: GET http://metadata.google.internal/computeMetadata/v1/instance/service-accounts/bamidele.tewogbade1@gmail.com/token?scopes=https%3A%2F%2Fwww.googleapis.com%2Fauth%2Fdevstorage.full_control%2Chttps%3A%2F%2Fwww.googleapis.com%2Fauth%2Fdevstorage.read_only%2Chttps%3A%2F%2Fwww.googleapis.com%2Fauth%2Fdevstorage.read_write
2024-08-29 07:09:13 - urllib3.connectionpool - DEBUG - Resetting dropped connection: metadata.google.internal
2024-08-29 07:09:13 - urllib3.connectionpool - DEBUG - http://metadata.google.internal:80 "GET /computeMetadata/v1/instance/service-accounts/bamidele.tewogbade1@gmail.com/token?scopes=https%3A%2F%2Fwww.googleapis.com%2Fauth%2Fdevstorage.full_control%2Chttps%3A%2F%2Fwww.googleapis.com%2Fauth%2Fdevstorage.read_only%2Chttps%3A%2F%2Fwww.googleapis.com%2Fauth%2Fdevstorage.read_write HTTP/10" 200 None
2024-08-29 07:09:13 - urllib3.connectionpool - DEBUG - Starting new HTTPS connection (1): storage.googleapis.com:443
2024-08-29 07:09:14 - urllib3.connectionpool - DEBUG - https://storage.googleapis.com:443 "GET /download/storage/v1/b/genaiq_storage/o/uploads%2FOlusegun_Tewogbade.pdf?alt=media HTTP/11" 200 140304
2024-08-29 07:09:14 - __main__ - ERROR - Exception during feedback page generation: name 'os' is not defined
2024-08-29 07:09:14 - werkzeug - INFO - 127.0.0.1 - - [29/Aug/2024 07:09:14] "[35m[1mPOST /get_feedback_page HTTP/1.1[0m" 500 -
2024-08-29 07:23:18 - werkzeug - INFO -  * Detected change in '/home/bamidele_tewogbade1/genaiq/backend/ai_service.py', reloading
2024-08-29 07:23:19 - werkzeug - INFO -  * Restarting with stat
2024-08-29 07:23:21 - __main__ - INFO - Logging is set up.
2024-08-29 07:23:21 - __main__ - DEBUG - Directory already exists at temp_uploads/
2024-08-29 07:23:21 - werkzeug - WARNING -  * Debugger is active!
2024-08-29 07:23:21 - werkzeug - INFO -  * Debugger PIN: 504-898-813
2024-08-29 07:23:34 - werkzeug - INFO -  * Detected change in '/home/bamidele_tewogbade1/genaiq/backend/ai_service.py', reloading
2024-08-29 07:23:34 - werkzeug - INFO -  * Restarting with stat
2024-08-29 07:23:37 - __main__ - INFO - Logging is set up.
2024-08-29 07:23:37 - __main__ - DEBUG - Directory already exists at temp_uploads/
2024-08-29 07:23:37 - werkzeug - WARNING -  * Debugger is active!
2024-08-29 07:23:37 - werkzeug - INFO -  * Debugger PIN: 504-898-813
2024-08-29 07:23:45 - werkzeug - INFO - 127.0.0.1 - - [29/Aug/2024 07:23:45] "GET /upload_resume_page HTTP/1.1" 200 -
2024-08-29 07:23:58 - __main__ - DEBUG - Directory already exists at temp_uploads
2024-08-29 07:23:58 - __main__ - INFO - File saved locally at temp_uploads/Olusegun_Tewogbade.pdf
2024-08-29 07:23:58 - google.auth._default - DEBUG - Checking None for explicit credentials as part of auth process...
2024-08-29 07:23:58 - google.auth._default - DEBUG - Checking Cloud SDK credentials as part of auth process...
2024-08-29 07:23:58 - google.auth._default - DEBUG - Cloud SDK credentials not found on disk; not using them
2024-08-29 07:23:58 - google.auth.transport._http_client - DEBUG - Making request: GET http://169.254.169.254
2024-08-29 07:23:58 - google.auth.transport._http_client - DEBUG - Making request: GET http://metadata.google.internal/computeMetadata/v1/project/project-id
2024-08-29 07:23:58 - google.auth._default - WARNING - No project ID could be determined. Consider running `gcloud config set project` or setting the GOOGLE_CLOUD_PROJECT environment variable
2024-08-29 07:23:58 - google.auth._default - DEBUG - Checking None for explicit credentials as part of auth process...
2024-08-29 07:23:58 - google.auth._default - DEBUG - Checking Cloud SDK credentials as part of auth process...
2024-08-29 07:23:58 - google.auth._default - DEBUG - Cloud SDK credentials not found on disk; not using them
2024-08-29 07:23:58 - google.auth.transport._http_client - DEBUG - Making request: GET http://169.254.169.254
2024-08-29 07:23:58 - google.auth.transport._http_client - DEBUG - Making request: GET http://metadata.google.internal/computeMetadata/v1/project/project-id
2024-08-29 07:23:58 - google.auth._default - WARNING - No project ID could be determined. Consider running `gcloud config set project` or setting the GOOGLE_CLOUD_PROJECT environment variable
2024-08-29 07:23:58 - google.auth.transport.requests - DEBUG - Making request: GET http://metadata.google.internal/computeMetadata/v1/universe/universe_domain
2024-08-29 07:23:58 - urllib3.connectionpool - DEBUG - Starting new HTTP connection (1): metadata.google.internal:80
2024-08-29 07:23:58 - urllib3.connectionpool - DEBUG - http://metadata.google.internal:80 "GET /computeMetadata/v1/universe/universe_domain HTTP/10" 404 None
2024-08-29 07:23:58 - urllib3.util.retry - DEBUG - Converted retries value: 3 -> Retry(total=3, connect=None, read=None, redirect=None, status=None)
2024-08-29 07:23:58 - google.auth.transport.requests - DEBUG - Making request: GET http://metadata.google.internal/computeMetadata/v1/instance/service-accounts/default/?recursive=true
2024-08-29 07:23:58 - urllib3.connectionpool - DEBUG - Starting new HTTP connection (1): metadata.google.internal:80
2024-08-29 07:23:58 - urllib3.connectionpool - DEBUG - http://metadata.google.internal:80 "GET /computeMetadata/v1/instance/service-accounts/default/?recursive=true HTTP/10" 200 None
2024-08-29 07:23:58 - google.auth.transport.requests - DEBUG - Making request: GET http://metadata.google.internal/computeMetadata/v1/instance/service-accounts/bamidele.tewogbade1@gmail.com/token?scopes=https%3A%2F%2Fwww.googleapis.com%2Fauth%2Fdevstorage.full_control%2Chttps%3A%2F%2Fwww.googleapis.com%2Fauth%2Fdevstorage.read_only%2Chttps%3A%2F%2Fwww.googleapis.com%2Fauth%2Fdevstorage.read_write
2024-08-29 07:23:58 - urllib3.connectionpool - DEBUG - Resetting dropped connection: metadata.google.internal
2024-08-29 07:23:58 - urllib3.connectionpool - DEBUG - http://metadata.google.internal:80 "GET /computeMetadata/v1/instance/service-accounts/bamidele.tewogbade1@gmail.com/token?scopes=https%3A%2F%2Fwww.googleapis.com%2Fauth%2Fdevstorage.full_control%2Chttps%3A%2F%2Fwww.googleapis.com%2Fauth%2Fdevstorage.read_only%2Chttps%3A%2F%2Fwww.googleapis.com%2Fauth%2Fdevstorage.read_write HTTP/10" 200 None
2024-08-29 07:23:58 - urllib3.connectionpool - DEBUG - Starting new HTTPS connection (1): storage.googleapis.com:443
2024-08-29 07:23:59 - urllib3.connectionpool - DEBUG - https://storage.googleapis.com:443 "POST /upload/storage/v1/b/genaiq_storage/o?uploadType=multipart HTTP/11" 200 830
2024-08-29 07:23:59 - __main__ - INFO - File uploaded to GCS at gs://genaiq_storage/uploads/Olusegun_Tewogbade.pdf
2024-08-29 07:23:59 - google.auth._default - DEBUG - Checking None for explicit credentials as part of auth process...
2024-08-29 07:23:59 - google.auth._default - DEBUG - Checking Cloud SDK credentials as part of auth process...
2024-08-29 07:23:59 - google.auth._default - DEBUG - Cloud SDK credentials not found on disk; not using them
2024-08-29 07:23:59 - google.auth.transport._http_client - DEBUG - Making request: GET http://169.254.169.254
2024-08-29 07:23:59 - google.auth.transport._http_client - DEBUG - Making request: GET http://metadata.google.internal/computeMetadata/v1/project/project-id
2024-08-29 07:23:59 - google.auth._default - WARNING - No project ID could be determined. Consider running `gcloud config set project` or setting the GOOGLE_CLOUD_PROJECT environment variable
2024-08-29 07:23:59 - google.auth._default - DEBUG - Checking None for explicit credentials as part of auth process...
2024-08-29 07:23:59 - google.auth._default - DEBUG - Checking Cloud SDK credentials as part of auth process...
2024-08-29 07:23:59 - google.auth._default - DEBUG - Cloud SDK credentials not found on disk; not using them
2024-08-29 07:23:59 - google.auth.transport._http_client - DEBUG - Making request: GET http://169.254.169.254
2024-08-29 07:23:59 - google.auth.transport._http_client - DEBUG - Making request: GET http://metadata.google.internal/computeMetadata/v1/project/project-id
2024-08-29 07:23:59 - google.auth._default - WARNING - No project ID could be determined. Consider running `gcloud config set project` or setting the GOOGLE_CLOUD_PROJECT environment variable
2024-08-29 07:23:59 - google.auth.transport.requests - DEBUG - Making request: GET http://metadata.google.internal/computeMetadata/v1/universe/universe_domain
2024-08-29 07:23:59 - urllib3.connectionpool - DEBUG - Starting new HTTP connection (1): metadata.google.internal:80
2024-08-29 07:23:59 - urllib3.connectionpool - DEBUG - http://metadata.google.internal:80 "GET /computeMetadata/v1/universe/universe_domain HTTP/10" 404 None
2024-08-29 07:23:59 - urllib3.util.retry - DEBUG - Converted retries value: 3 -> Retry(total=3, connect=None, read=None, redirect=None, status=None)
2024-08-29 07:23:59 - google.auth.transport.requests - DEBUG - Making request: GET http://metadata.google.internal/computeMetadata/v1/instance/service-accounts/default/?recursive=true
2024-08-29 07:23:59 - urllib3.connectionpool - DEBUG - Starting new HTTP connection (1): metadata.google.internal:80
2024-08-29 07:23:59 - urllib3.connectionpool - DEBUG - http://metadata.google.internal:80 "GET /computeMetadata/v1/instance/service-accounts/default/?recursive=true HTTP/10" 200 None
2024-08-29 07:23:59 - google.auth.transport.requests - DEBUG - Making request: GET http://metadata.google.internal/computeMetadata/v1/instance/service-accounts/bamidele.tewogbade1@gmail.com/token?scopes=https%3A%2F%2Fwww.googleapis.com%2Fauth%2Fdevstorage.full_control%2Chttps%3A%2F%2Fwww.googleapis.com%2Fauth%2Fdevstorage.read_only%2Chttps%3A%2F%2Fwww.googleapis.com%2Fauth%2Fdevstorage.read_write
2024-08-29 07:23:59 - urllib3.connectionpool - DEBUG - Resetting dropped connection: metadata.google.internal
2024-08-29 07:23:59 - urllib3.connectionpool - DEBUG - http://metadata.google.internal:80 "GET /computeMetadata/v1/instance/service-accounts/bamidele.tewogbade1@gmail.com/token?scopes=https%3A%2F%2Fwww.googleapis.com%2Fauth%2Fdevstorage.full_control%2Chttps%3A%2F%2Fwww.googleapis.com%2Fauth%2Fdevstorage.read_only%2Chttps%3A%2F%2Fwww.googleapis.com%2Fauth%2Fdevstorage.read_write HTTP/10" 200 None
2024-08-29 07:23:59 - urllib3.connectionpool - DEBUG - Starting new HTTPS connection (1): storage.googleapis.com:443
2024-08-29 07:24:00 - __main__ - DEBUG - Directory already exists at temp_uploads
2024-08-29 07:24:00 - __main__ - INFO - File saved locally at temp_uploads/Olusegun_Tewogbade.pdf
2024-08-29 07:24:00 - google.auth._default - DEBUG - Checking None for explicit credentials as part of auth process...
2024-08-29 07:24:00 - google.auth._default - DEBUG - Checking Cloud SDK credentials as part of auth process...
2024-08-29 07:24:00 - google.auth._default - DEBUG - Cloud SDK credentials not found on disk; not using them
2024-08-29 07:24:00 - google.auth.transport._http_client - DEBUG - Making request: GET http://169.254.169.254
2024-08-29 07:24:00 - google.auth.transport._http_client - DEBUG - Making request: GET http://metadata.google.internal/computeMetadata/v1/project/project-id
2024-08-29 07:24:00 - google.auth._default - WARNING - No project ID could be determined. Consider running `gcloud config set project` or setting the GOOGLE_CLOUD_PROJECT environment variable
2024-08-29 07:24:00 - google.auth._default - DEBUG - Checking None for explicit credentials as part of auth process...
2024-08-29 07:24:00 - google.auth._default - DEBUG - Checking Cloud SDK credentials as part of auth process...
2024-08-29 07:24:00 - google.auth._default - DEBUG - Cloud SDK credentials not found on disk; not using them
2024-08-29 07:24:00 - google.auth.transport._http_client - DEBUG - Making request: GET http://169.254.169.254
2024-08-29 07:24:00 - google.auth.transport._http_client - DEBUG - Making request: GET http://metadata.google.internal/computeMetadata/v1/project/project-id
2024-08-29 07:24:00 - google.auth._default - WARNING - No project ID could be determined. Consider running `gcloud config set project` or setting the GOOGLE_CLOUD_PROJECT environment variable
2024-08-29 07:24:00 - google.auth.transport.requests - DEBUG - Making request: GET http://metadata.google.internal/computeMetadata/v1/universe/universe_domain
2024-08-29 07:24:00 - urllib3.connectionpool - DEBUG - Starting new HTTP connection (1): metadata.google.internal:80
2024-08-29 07:24:00 - urllib3.connectionpool - DEBUG - http://metadata.google.internal:80 "GET /computeMetadata/v1/universe/universe_domain HTTP/10" 404 None
2024-08-29 07:24:00 - urllib3.util.retry - DEBUG - Converted retries value: 3 -> Retry(total=3, connect=None, read=None, redirect=None, status=None)
2024-08-29 07:24:00 - google.auth.transport.requests - DEBUG - Making request: GET http://metadata.google.internal/computeMetadata/v1/instance/service-accounts/default/?recursive=true
2024-08-29 07:24:00 - urllib3.connectionpool - DEBUG - Starting new HTTP connection (1): metadata.google.internal:80
2024-08-29 07:24:00 - urllib3.connectionpool - DEBUG - http://metadata.google.internal:80 "GET /computeMetadata/v1/instance/service-accounts/default/?recursive=true HTTP/10" 200 None
2024-08-29 07:24:00 - google.auth.transport.requests - DEBUG - Making request: GET http://metadata.google.internal/computeMetadata/v1/instance/service-accounts/bamidele.tewogbade1@gmail.com/token?scopes=https%3A%2F%2Fwww.googleapis.com%2Fauth%2Fdevstorage.full_control%2Chttps%3A%2F%2Fwww.googleapis.com%2Fauth%2Fdevstorage.read_only%2Chttps%3A%2F%2Fwww.googleapis.com%2Fauth%2Fdevstorage.read_write
2024-08-29 07:24:00 - urllib3.connectionpool - DEBUG - Resetting dropped connection: metadata.google.internal
2024-08-29 07:24:00 - urllib3.connectionpool - DEBUG - http://metadata.google.internal:80 "GET /computeMetadata/v1/instance/service-accounts/bamidele.tewogbade1@gmail.com/token?scopes=https%3A%2F%2Fwww.googleapis.com%2Fauth%2Fdevstorage.full_control%2Chttps%3A%2F%2Fwww.googleapis.com%2Fauth%2Fdevstorage.read_only%2Chttps%3A%2F%2Fwww.googleapis.com%2Fauth%2Fdevstorage.read_write HTTP/10" 200 None
2024-08-29 07:24:00 - urllib3.connectionpool - DEBUG - Starting new HTTPS connection (1): storage.googleapis.com:443
2024-08-29 07:24:00 - urllib3.connectionpool - DEBUG - https://storage.googleapis.com:443 "GET /download/storage/v1/b/genaiq_storage/o/uploads%2FOlusegun_Tewogbade.pdf?alt=media HTTP/11" 200 140304
2024-08-29 07:24:00 - __main__ - ERROR - Exception during feedback page generation: name 'os' is not defined
2024-08-29 07:24:00 - __main__ - INFO - Local file temp_uploads/Olusegun_Tewogbade.pdf removed after processing.
2024-08-29 07:24:00 - werkzeug - INFO - 127.0.0.1 - - [29/Aug/2024 07:24:00] "[35m[1mPOST /get_feedback_page HTTP/1.1[0m" 500 -
2024-08-29 07:24:01 - urllib3.connectionpool - DEBUG - https://storage.googleapis.com:443 "POST /upload/storage/v1/b/genaiq_storage/o?uploadType=multipart HTTP/11" 200 830
2024-08-29 07:24:01 - __main__ - INFO - File uploaded to GCS at gs://genaiq_storage/uploads/Olusegun_Tewogbade.pdf
2024-08-29 07:24:01 - google.auth._default - DEBUG - Checking None for explicit credentials as part of auth process...
2024-08-29 07:24:01 - google.auth._default - DEBUG - Checking Cloud SDK credentials as part of auth process...
2024-08-29 07:24:01 - google.auth._default - DEBUG - Cloud SDK credentials not found on disk; not using them
2024-08-29 07:24:01 - google.auth.transport._http_client - DEBUG - Making request: GET http://169.254.169.254
2024-08-29 07:24:01 - google.auth.transport._http_client - DEBUG - Making request: GET http://metadata.google.internal/computeMetadata/v1/project/project-id
2024-08-29 07:24:01 - google.auth._default - WARNING - No project ID could be determined. Consider running `gcloud config set project` or setting the GOOGLE_CLOUD_PROJECT environment variable
2024-08-29 07:24:01 - google.auth._default - DEBUG - Checking None for explicit credentials as part of auth process...
2024-08-29 07:24:01 - google.auth._default - DEBUG - Checking Cloud SDK credentials as part of auth process...
2024-08-29 07:24:01 - google.auth._default - DEBUG - Cloud SDK credentials not found on disk; not using them
2024-08-29 07:24:01 - google.auth.transport._http_client - DEBUG - Making request: GET http://169.254.169.254
2024-08-29 07:24:01 - google.auth.transport._http_client - DEBUG - Making request: GET http://metadata.google.internal/computeMetadata/v1/project/project-id
2024-08-29 07:24:01 - google.auth._default - WARNING - No project ID could be determined. Consider running `gcloud config set project` or setting the GOOGLE_CLOUD_PROJECT environment variable
2024-08-29 07:24:01 - google.auth.transport.requests - DEBUG - Making request: GET http://metadata.google.internal/computeMetadata/v1/universe/universe_domain
2024-08-29 07:24:01 - urllib3.connectionpool - DEBUG - Starting new HTTP connection (1): metadata.google.internal:80
2024-08-29 07:24:01 - urllib3.connectionpool - DEBUG - http://metadata.google.internal:80 "GET /computeMetadata/v1/universe/universe_domain HTTP/10" 404 None
2024-08-29 07:24:01 - urllib3.util.retry - DEBUG - Converted retries value: 3 -> Retry(total=3, connect=None, read=None, redirect=None, status=None)
2024-08-29 07:24:01 - google.auth.transport.requests - DEBUG - Making request: GET http://metadata.google.internal/computeMetadata/v1/instance/service-accounts/default/?recursive=true
2024-08-29 07:24:01 - urllib3.connectionpool - DEBUG - Starting new HTTP connection (1): metadata.google.internal:80
2024-08-29 07:24:01 - urllib3.connectionpool - DEBUG - http://metadata.google.internal:80 "GET /computeMetadata/v1/instance/service-accounts/default/?recursive=true HTTP/10" 200 None
2024-08-29 07:24:01 - google.auth.transport.requests - DEBUG - Making request: GET http://metadata.google.internal/computeMetadata/v1/instance/service-accounts/bamidele.tewogbade1@gmail.com/token?scopes=https%3A%2F%2Fwww.googleapis.com%2Fauth%2Fdevstorage.full_control%2Chttps%3A%2F%2Fwww.googleapis.com%2Fauth%2Fdevstorage.read_only%2Chttps%3A%2F%2Fwww.googleapis.com%2Fauth%2Fdevstorage.read_write
2024-08-29 07:24:01 - urllib3.connectionpool - DEBUG - Resetting dropped connection: metadata.google.internal
2024-08-29 07:24:01 - urllib3.connectionpool - DEBUG - http://metadata.google.internal:80 "GET /computeMetadata/v1/instance/service-accounts/bamidele.tewogbade1@gmail.com/token?scopes=https%3A%2F%2Fwww.googleapis.com%2Fauth%2Fdevstorage.full_control%2Chttps%3A%2F%2Fwww.googleapis.com%2Fauth%2Fdevstorage.read_only%2Chttps%3A%2F%2Fwww.googleapis.com%2Fauth%2Fdevstorage.read_write HTTP/10" 200 None
2024-08-29 07:24:01 - urllib3.connectionpool - DEBUG - Starting new HTTPS connection (1): storage.googleapis.com:443
2024-08-29 07:24:01 - urllib3.connectionpool - DEBUG - https://storage.googleapis.com:443 "GET /download/storage/v1/b/genaiq_storage/o/uploads%2FOlusegun_Tewogbade.pdf?alt=media HTTP/11" 200 140304
2024-08-29 07:24:02 - __main__ - ERROR - Exception during feedback page generation: name 'os' is not defined
2024-08-29 07:24:02 - werkzeug - INFO - 127.0.0.1 - - [29/Aug/2024 07:24:02] "[35m[1mPOST /get_feedback_page HTTP/1.1[0m" 500 -
2024-08-29 10:07:39 - __main__ - INFO - Logging is set up.
2024-08-29 10:07:39 - __main__ - DEBUG - Directory already exists at temp_uploads/
2024-08-29 10:07:39 - werkzeug - INFO - [31m[1mWARNING: This is a development server. Do not use it in a production deployment. Use a production WSGI server instead.[0m
 * Running on http://127.0.0.1:5000
2024-08-29 10:07:39 - werkzeug - INFO - [33mPress CTRL+C to quit[0m
2024-08-29 10:07:39 - werkzeug - INFO -  * Restarting with stat
2024-08-29 10:07:42 - __main__ - INFO - Logging is set up.
2024-08-29 10:07:42 - __main__ - DEBUG - Directory already exists at temp_uploads/
2024-08-29 10:07:42 - werkzeug - WARNING -  * Debugger is active!
2024-08-29 10:07:42 - werkzeug - INFO -  * Debugger PIN: 595-599-387
2024-08-29 10:08:14 - werkzeug - INFO - 127.0.0.1 - - [29/Aug/2024 10:08:14] "GET /upload_resume_page?redirectedPreviously=true HTTP/1.1" 200 -
2024-08-29 10:08:33 - __main__ - ERROR - No file part in request
2024-08-29 10:08:33 - werkzeug - INFO - 127.0.0.1 - - [29/Aug/2024 10:08:33] "[31m[1mPOST /get_feedback_page HTTP/1.1[0m" 400 -
2024-08-29 12:25:06 - __main__ - INFO - Logging is set up.
2024-08-29 12:25:06 - __main__ - DEBUG - Directory already exists at temp_uploads/
2024-08-29 12:25:06 - werkzeug - INFO - [31m[1mWARNING: This is a development server. Do not use it in a production deployment. Use a production WSGI server instead.[0m
 * Running on http://127.0.0.1:5000
2024-08-29 12:25:06 - werkzeug - INFO - [33mPress CTRL+C to quit[0m
2024-08-29 12:25:06 - werkzeug - INFO -  * Restarting with stat
2024-08-29 12:25:09 - __main__ - INFO - Logging is set up.
2024-08-29 12:25:09 - __main__ - DEBUG - Directory already exists at temp_uploads/
2024-08-29 12:25:09 - werkzeug - WARNING -  * Debugger is active!
2024-08-29 12:25:09 - werkzeug - INFO -  * Debugger PIN: 122-496-338
2024-08-29 12:25:18 - werkzeug - INFO - 127.0.0.1 - - [29/Aug/2024 12:25:18] "GET /?redirectedPreviously=true HTTP/1.1" 200 -
2024-08-29 12:25:19 - werkzeug - INFO - 127.0.0.1 - - [29/Aug/2024 12:25:19] "[36mGET /static/images/oka.jpg HTTP/1.1[0m" 304 -
2024-08-29 12:25:19 - werkzeug - INFO - 127.0.0.1 - - [29/Aug/2024 12:25:19] "[33mGET /favicon.ico HTTP/1.1[0m" 404 -
2024-08-29 12:25:21 - werkzeug - INFO - 127.0.0.1 - - [29/Aug/2024 12:25:21] "GET /upload_resume_page HTTP/1.1" 200 -
2024-08-29 12:25:37 - __main__ - ERROR - No file part in request
2024-08-29 12:25:37 - werkzeug - INFO - 127.0.0.1 - - [29/Aug/2024 12:25:37] "[31m[1mPOST /get_feedback_page HTTP/1.1[0m" 400 -
2024-08-29 12:29:23 - __main__ - INFO - Logging is set up.
2024-08-29 12:29:23 - __main__ - DEBUG - Directory already exists at temp_uploads/
2024-08-29 12:29:23 - werkzeug - INFO - [31m[1mWARNING: This is a development server. Do not use it in a production deployment. Use a production WSGI server instead.[0m
 * Running on http://127.0.0.1:5000
2024-08-29 12:29:23 - werkzeug - INFO - [33mPress CTRL+C to quit[0m
2024-08-29 12:29:23 - werkzeug - INFO -  * Restarting with stat
2024-08-29 12:29:25 - __main__ - INFO - Logging is set up.
2024-08-29 12:29:25 - __main__ - DEBUG - Directory already exists at temp_uploads/
2024-08-29 12:29:25 - werkzeug - WARNING -  * Debugger is active!
2024-08-29 12:29:25 - werkzeug - INFO -  * Debugger PIN: 122-496-338
2024-08-29 12:29:30 - werkzeug - INFO - 127.0.0.1 - - [29/Aug/2024 12:29:30] "GET / HTTP/1.1" 200 -
2024-08-29 12:29:30 - werkzeug - INFO - 127.0.0.1 - - [29/Aug/2024 12:29:30] "[36mGET /static/images/oka.jpg HTTP/1.1[0m" 304 -
2024-08-29 12:29:32 - werkzeug - INFO - 127.0.0.1 - - [29/Aug/2024 12:29:32] "GET /upload_resume_page HTTP/1.1" 200 -
2024-08-29 12:29:48 - __main__ - ERROR - No file part in request
2024-08-29 12:29:48 - werkzeug - INFO - 127.0.0.1 - - [29/Aug/2024 12:29:48] "[31m[1mPOST /get_feedback_page HTTP/1.1[0m" 400 -
2024-08-29 19:21:32 - __main__ - INFO - Logging is set up.
2024-08-29 19:21:32 - __main__ - DEBUG - Directory already exists at temp_uploads/
2024-08-29 19:21:32 - werkzeug - INFO - [31m[1mWARNING: This is a development server. Do not use it in a production deployment. Use a production WSGI server instead.[0m
 * Running on http://127.0.0.1:5000
2024-08-29 19:21:32 - werkzeug - INFO - [33mPress CTRL+C to quit[0m
2024-08-29 19:21:32 - werkzeug - INFO -  * Restarting with stat
2024-08-29 19:21:35 - __main__ - INFO - Logging is set up.
2024-08-29 19:21:35 - __main__ - DEBUG - Directory already exists at temp_uploads/
2024-08-29 19:21:35 - werkzeug - WARNING -  * Debugger is active!
2024-08-29 19:21:35 - werkzeug - INFO -  * Debugger PIN: 860-487-981
2024-08-29 19:21:45 - werkzeug - INFO - 127.0.0.1 - - [29/Aug/2024 19:21:45] "GET /?redirectedPreviously=true HTTP/1.1" 200 -
2024-08-29 19:21:45 - werkzeug - INFO - 127.0.0.1 - - [29/Aug/2024 19:21:45] "[36mGET /static/images/oka.jpg HTTP/1.1[0m" 304 -
2024-08-29 19:21:45 - werkzeug - INFO - 127.0.0.1 - - [29/Aug/2024 19:21:45] "[33mGET /favicon.ico HTTP/1.1[0m" 404 -
2024-08-29 19:21:50 - werkzeug - INFO - 127.0.0.1 - - [29/Aug/2024 19:21:50] "GET /upload_resume_page HTTP/1.1" 200 -
2024-08-29 19:22:05 - __main__ - ERROR - No file part in request
2024-08-29 19:22:05 - werkzeug - INFO - 127.0.0.1 - - [29/Aug/2024 19:22:05] "[31m[1mPOST /get_feedback_page HTTP/1.1[0m" 400 -
2024-08-29 19:24:42 - werkzeug - INFO -  * Detected change in '/home/bamidele_tewogbade1/genaiq/backend/app.py', reloading
2024-08-29 19:24:43 - werkzeug - INFO -  * Restarting with stat
2024-08-29 19:24:45 - __main__ - INFO - Logging is set up.
2024-08-29 19:24:45 - __main__ - DEBUG - Directory already exists at temp_uploads/
2024-08-29 19:24:45 - werkzeug - WARNING -  * Debugger is active!
2024-08-29 19:24:45 - werkzeug - INFO -  * Debugger PIN: 860-487-981
2024-08-29 19:24:51 - werkzeug - INFO -  * Detected change in '/home/bamidele_tewogbade1/genaiq/backend/app.py', reloading
2024-08-29 19:24:52 - werkzeug - INFO -  * Restarting with stat
2024-08-29 19:24:54 - __main__ - INFO - Logging is set up.
2024-08-29 19:24:54 - __main__ - DEBUG - Directory already exists at temp_uploads/
2024-08-29 19:24:54 - werkzeug - WARNING -  * Debugger is active!
2024-08-29 19:24:54 - werkzeug - INFO -  * Debugger PIN: 860-487-981
2024-08-29 19:25:23 - werkzeug - INFO -  * Detected change in '/home/bamidele_tewogbade1/genaiq/backend/app.py', reloading
2024-08-29 19:25:24 - werkzeug - INFO -  * Restarting with stat
2024-08-29 19:25:26 - __main__ - INFO - Logging is set up.
2024-08-29 19:25:26 - __main__ - DEBUG - Directory already exists at temp_uploads/
2024-08-29 19:25:26 - werkzeug - WARNING -  * Debugger is active!
2024-08-29 19:25:26 - werkzeug - INFO -  * Debugger PIN: 860-487-981
2024-08-29 19:25:38 - werkzeug - INFO -  * Detected change in '/home/bamidele_tewogbade1/genaiq/backend/app.py', reloading
2024-08-29 19:25:39 - werkzeug - INFO -  * Restarting with stat
2024-08-29 19:25:41 - __main__ - INFO - Logging is set up.
2024-08-29 19:25:41 - __main__ - DEBUG - Directory already exists at temp_uploads/
2024-08-29 19:25:41 - werkzeug - WARNING -  * Debugger is active!
2024-08-29 19:25:41 - werkzeug - INFO -  * Debugger PIN: 860-487-981
2024-08-29 19:25:43 - werkzeug - INFO -  * Detected change in '/home/bamidele_tewogbade1/genaiq/backend/app.py', reloading
2024-08-29 19:25:44 - werkzeug - INFO -  * Restarting with stat
2024-08-29 19:25:46 - __main__ - INFO - Logging is set up.
2024-08-29 19:25:46 - __main__ - DEBUG - Directory already exists at temp_uploads/
2024-08-29 19:25:46 - werkzeug - WARNING -  * Debugger is active!
2024-08-29 19:25:46 - werkzeug - INFO -  * Debugger PIN: 860-487-981
2024-08-29 19:25:47 - werkzeug - INFO -  * Detected change in '/home/bamidele_tewogbade1/genaiq/backend/app.py', reloading
2024-08-29 19:25:48 - werkzeug - INFO -  * Restarting with stat
2024-08-29 19:25:50 - __main__ - INFO - Logging is set up.
2024-08-29 19:25:50 - __main__ - DEBUG - Directory already exists at temp_uploads/
2024-08-29 19:25:50 - werkzeug - WARNING -  * Debugger is active!
2024-08-29 19:25:50 - werkzeug - INFO -  * Debugger PIN: 860-487-981
2024-08-29 19:25:54 - werkzeug - INFO -  * Detected change in '/home/bamidele_tewogbade1/genaiq/backend/app.py', reloading
2024-08-29 19:25:55 - werkzeug - INFO -  * Restarting with stat
2024-08-29 19:25:57 - __main__ - INFO - Logging is set up.
2024-08-29 19:25:57 - __main__ - DEBUG - Directory already exists at temp_uploads/
2024-08-29 19:25:57 - werkzeug - WARNING -  * Debugger is active!
2024-08-29 19:25:57 - werkzeug - INFO -  * Debugger PIN: 860-487-981
2024-08-29 19:26:55 - werkzeug - INFO -  * Detected change in '/home/bamidele_tewogbade1/genaiq/backend/app.py', reloading
2024-08-29 19:26:55 - werkzeug - INFO -  * Restarting with stat
2024-08-29 19:26:58 - __main__ - INFO - Logging is set up.
2024-08-29 19:26:58 - __main__ - DEBUG - Directory already exists at temp_uploads/
2024-08-29 19:26:58 - werkzeug - WARNING -  * Debugger is active!
2024-08-29 19:26:58 - werkzeug - INFO -  * Debugger PIN: 860-487-981
2024-08-29 19:33:05 - werkzeug - INFO -  * Detected change in '/home/bamidele_tewogbade1/genaiq/backend/app.py', reloading
2024-08-29 19:33:05 - werkzeug - INFO -  * Restarting with stat
2024-08-29 19:33:08 - __main__ - INFO - Logging is set up.
2024-08-29 19:33:08 - __main__ - DEBUG - Directory already exists at temp_uploads/
2024-08-29 19:33:08 - werkzeug - WARNING -  * Debugger is active!
2024-08-29 19:33:08 - werkzeug - INFO -  * Debugger PIN: 860-487-981
2024-08-29 19:33:11 - werkzeug - INFO -  * Detected change in '/home/bamidele_tewogbade1/genaiq/backend/app.py', reloading
2024-08-29 19:33:11 - werkzeug - INFO -  * Restarting with stat
2024-08-29 19:33:14 - __main__ - INFO - Logging is set up.
2024-08-29 19:33:14 - __main__ - DEBUG - Directory already exists at temp_uploads/
2024-08-29 22:07:35 - __main__ - INFO - Logging is set up.
2024-08-29 22:07:35 - __main__ - DEBUG - Directory already exists at temp_uploads/
2024-08-29 22:07:35 - werkzeug - INFO - [31m[1mWARNING: This is a development server. Do not use it in a production deployment. Use a production WSGI server instead.[0m
 * Running on http://127.0.0.1:5000
2024-08-29 22:07:35 - werkzeug - INFO - [33mPress CTRL+C to quit[0m
2024-08-29 22:07:35 - werkzeug - INFO -  * Restarting with stat
2024-08-29 22:07:38 - __main__ - INFO - Logging is set up.
2024-08-29 22:07:38 - __main__ - DEBUG - Directory already exists at temp_uploads/
2024-08-29 22:07:38 - werkzeug - WARNING -  * Debugger is active!
2024-08-29 22:07:38 - werkzeug - INFO -  * Debugger PIN: 114-935-039
2024-08-29 22:07:44 - werkzeug - INFO - 127.0.0.1 - - [29/Aug/2024 22:07:44] "GET /?redirectedPreviously=true HTTP/1.1" 200 -
2024-08-29 22:07:45 - werkzeug - INFO - 127.0.0.1 - - [29/Aug/2024 22:07:45] "[36mGET /static/images/oka.jpg HTTP/1.1[0m" 304 -
2024-08-29 22:07:45 - werkzeug - INFO - 127.0.0.1 - - [29/Aug/2024 22:07:45] "[33mGET /favicon.ico HTTP/1.1[0m" 404 -
2024-08-29 22:07:47 - werkzeug - INFO - 127.0.0.1 - - [29/Aug/2024 22:07:47] "GET /upload_resume_page HTTP/1.1" 200 -
2024-08-29 22:13:05 - werkzeug - INFO -  * Detected change in '/home/bamidele_tewogbade1/genaiq/backend/app.py', reloading
2024-08-29 22:13:06 - werkzeug - INFO -  * Restarting with stat
2024-08-29 22:13:18 - werkzeug - INFO -  * Restarting with stat
2024-08-29 22:13:28 - werkzeug - INFO -  * Restarting with stat
2024-08-30 09:42:53,311 - __main__ - INFO - Starting Flask application
2024-08-30 09:42:53,320 - werkzeug - WARNING -  * Debugger is active!
2024-08-30 09:42:53,320 - werkzeug - INFO -  * Debugger PIN: 288-788-501
2024-08-30 09:47:36,541 - werkzeug - INFO -  * Detected change in '/home/bamidele_tewogbade1/genaiq/backend/app.py', reloading
2024-08-30 09:47:39,531 - __main__ - INFO - Starting Flask application
2024-08-30 09:47:39,540 - werkzeug - WARNING -  * Debugger is active!
2024-08-30 09:47:39,541 - werkzeug - INFO -  * Debugger PIN: 288-788-501
2024-08-30 09:47:45,655 - __main__ - INFO - Rendering upload resume page
2024-08-30 09:47:45,659 - werkzeug - INFO - 127.0.0.1 - - [30/Aug/2024 09:47:45] "GET /upload_resume_page HTTP/1.1" 200 -
2024-08-30 09:47:55,355 - __main__ - INFO - Received request to get feedback page
2024-08-30 09:47:55,355 - __main__ - ERROR - Filename not found in session
2024-08-30 09:47:55,355 - werkzeug - INFO - 127.0.0.1 - - [30/Aug/2024 09:47:55] "[31m[1mPOST /get_feedback_page HTTP/1.1[0m" 400 -
2024-08-30 09:49:57,597 - werkzeug - INFO -  * Detected change in '/home/bamidele_tewogbade1/genaiq/backend/app.py', reloading
2024-08-30 09:50:00,611 - __main__ - INFO - Starting Flask application
2024-08-30 09:50:00,620 - werkzeug - WARNING -  * Debugger is active!
2024-08-30 09:50:00,620 - werkzeug - INFO -  * Debugger PIN: 288-788-501
2024-08-30 09:50:19,064 - werkzeug - INFO -  * Detected change in '/home/bamidele_tewogbade1/genaiq/backend/app.py', reloading
2024-08-30 09:50:22,065 - __main__ - INFO - Starting Flask application
2024-08-30 09:50:22,074 - werkzeug - WARNING -  * Debugger is active!
2024-08-30 09:50:22,075 - werkzeug - INFO -  * Debugger PIN: 288-788-501
2024-08-30 09:50:27,231 - werkzeug - INFO -  * Detected change in '/home/bamidele_tewogbade1/genaiq/backend/app.py', reloading
2024-08-30 09:50:30,212 - __main__ - INFO - Starting Flask application
2024-08-30 09:50:30,222 - werkzeug - WARNING -  * Debugger is active!
2024-08-30 09:50:30,222 - werkzeug - INFO -  * Debugger PIN: 288-788-501
2024-08-30 09:50:35,381 - werkzeug - INFO -  * Detected change in '/home/bamidele_tewogbade1/genaiq/backend/app.py', reloading
2024-08-30 09:50:38,349 - __main__ - INFO - Starting Flask application
2024-08-30 09:50:38,358 - werkzeug - WARNING -  * Debugger is active!
2024-08-30 09:50:38,358 - werkzeug - INFO -  * Debugger PIN: 288-788-501
2024-08-30 09:58:14,999 - __main__ - INFO - Starting Flask application
2024-08-30 09:58:15,014 - werkzeug - INFO - [31m[1mWARNING: This is a development server. Do not use it in a production deployment. Use a production WSGI server instead.[0m
 * Running on http://127.0.0.1:5000
2024-08-30 09:58:15,014 - werkzeug - INFO - [33mPress CTRL+C to quit[0m
2024-08-30 09:58:15,015 - werkzeug - INFO -  * Restarting with stat
2024-08-30 09:58:17,340 - __main__ - INFO - Starting Flask application
2024-08-30 09:58:17,349 - werkzeug - WARNING -  * Debugger is active!
2024-08-30 09:58:17,350 - werkzeug - INFO -  * Debugger PIN: 288-788-501
2024-08-30 09:58:24,580 - __main__ - INFO - Rendering index page
2024-08-30 09:58:24,586 - werkzeug - INFO - 127.0.0.1 - - [30/Aug/2024 09:58:24] "GET / HTTP/1.1" 200 -
2024-08-30 09:58:24,970 - werkzeug - INFO - 127.0.0.1 - - [30/Aug/2024 09:58:24] "[36mGET /static/images/oka.jpg HTTP/1.1[0m" 304 -
2024-08-30 09:58:26,865 - __main__ - INFO - Rendering upload resume page
2024-08-30 09:58:26,868 - werkzeug - INFO - 127.0.0.1 - - [30/Aug/2024 09:58:26] "GET /upload_resume_page HTTP/1.1" 200 -
2024-08-30 09:58:35,407 - werkzeug - INFO - 127.0.0.1 - - [30/Aug/2024 09:58:35] "[33mPOST /get_feedback_page HTTP/1.1[0m" 404 -
2024-08-30 10:06:34,201 - werkzeug - INFO -  * Detected change in '/home/bamidele_tewogbade1/genaiq/backend/app.py', reloading
2024-08-30 10:06:34,868 - werkzeug - INFO -  * Restarting with stat
2024-08-30 10:10:49,910 - __main__ - INFO - Starting Flask application
2024-08-30 10:10:49,925 - werkzeug - INFO - [31m[1mWARNING: This is a development server. Do not use it in a production deployment. Use a production WSGI server instead.[0m
 * Running on http://127.0.0.1:5000
2024-08-30 10:10:49,925 - werkzeug - INFO - [33mPress CTRL+C to quit[0m
2024-08-30 10:10:49,926 - werkzeug - INFO -  * Restarting with stat
2024-08-30 10:10:52,222 - __main__ - INFO - Starting Flask application
2024-08-30 10:10:52,231 - werkzeug - WARNING -  * Debugger is active!
2024-08-30 10:10:52,232 - werkzeug - INFO -  * Debugger PIN: 288-788-501
2024-08-30 10:10:58,887 - __main__ - INFO - Rendering index page
2024-08-30 10:10:58,894 - werkzeug - INFO - 127.0.0.1 - - [30/Aug/2024 10:10:58] "GET / HTTP/1.1" 200 -
2024-08-30 10:10:59,286 - werkzeug - INFO - 127.0.0.1 - - [30/Aug/2024 10:10:59] "[36mGET /static/images/oka.jpg HTTP/1.1[0m" 304 -
2024-08-30 10:11:01,200 - __main__ - INFO - Rendering upload resume page
2024-08-30 10:11:01,203 - werkzeug - INFO - 127.0.0.1 - - [30/Aug/2024 10:11:01] "GET /upload_resume_page HTTP/1.1" 200 -
2024-08-30 10:16:03,060 - werkzeug - INFO -  * Detected change in '/home/bamidele_tewogbade1/genaiq/backend/app.py', reloading
2024-08-30 10:16:03,755 - werkzeug - INFO -  * Restarting with stat
2024-08-30 10:16:06,107 - __main__ - INFO - Starting Flask application
2024-08-30 10:16:06,115 - werkzeug - WARNING -  * Debugger is active!
2024-08-30 10:16:06,116 - werkzeug - INFO -  * Debugger PIN: 288-788-501
2024-08-30 10:16:11,290 - werkzeug - INFO -  * Detected change in '/home/bamidele_tewogbade1/genaiq/backend/app.py', reloading
2024-08-30 10:16:11,933 - werkzeug - INFO -  * Restarting with stat
2024-08-30 10:16:14,387 - __main__ - INFO - Starting Flask application
2024-08-30 10:16:14,395 - werkzeug - WARNING -  * Debugger is active!
2024-08-30 10:16:14,396 - werkzeug - INFO -  * Debugger PIN: 288-788-501
2024-08-30 10:16:16,486 - werkzeug - INFO -  * Detected change in '/home/bamidele_tewogbade1/genaiq/backend/app.py', reloading
2024-08-30 10:16:17,131 - werkzeug - INFO -  * Restarting with stat
2024-08-30 10:16:19,430 - __main__ - INFO - Starting Flask application
2024-08-30 10:16:19,438 - werkzeug - WARNING -  * Debugger is active!
2024-08-30 10:16:19,439 - werkzeug - INFO -  * Debugger PIN: 288-788-501
2024-08-30 10:20:07,296 - __main__ - INFO - Rendering upload resume page
2024-08-30 10:20:07,300 - werkzeug - INFO - 127.0.0.1 - - [30/Aug/2024 10:20:07] "GET /upload_resume_page HTTP/1.1" 200 -
2024-08-30 10:20:15,952 - __main__ - INFO - Received a file upload request
2024-08-30 10:20:17,407 - __main__ - INFO - Received a file upload request
2024-08-30 10:20:17,934 - __main__ - INFO - Received a file upload request
2024-08-30 10:20:18,240 - __main__ - INFO - Received a file upload request
2024-08-30 10:20:18,451 - __main__ - INFO - File Olusegun_Tewogbade.pdf saved to temp_uploads/Olusegun_Tewogbade.pdf
2024-08-30 10:20:18,486 - __main__ - INFO - Received a file upload request
2024-08-30 10:20:18,511 - google.auth._default - WARNING - No project ID could be determined. Consider running `gcloud config set project` or setting the GOOGLE_CLOUD_PROJECT environment variable
2024-08-30 10:20:18,518 - google.auth._default - WARNING - No project ID could be determined. Consider running `gcloud config set project` or setting the GOOGLE_CLOUD_PROJECT environment variable
2024-08-30 10:20:18,694 - __main__ - INFO - File Olusegun_Tewogbade.pdf saved to temp_uploads/Olusegun_Tewogbade.pdf
2024-08-30 10:20:18,702 - google.auth._default - WARNING - No project ID could be determined. Consider running `gcloud config set project` or setting the GOOGLE_CLOUD_PROJECT environment variable
2024-08-30 10:20:18,709 - google.auth._default - WARNING - No project ID could be determined. Consider running `gcloud config set project` or setting the GOOGLE_CLOUD_PROJECT environment variable
2024-08-30 10:20:19,017 - __main__ - INFO - File Olusegun_Tewogbade.pdf saved to temp_uploads/Olusegun_Tewogbade.pdf
2024-08-30 10:20:19,024 - google.auth._default - WARNING - No project ID could be determined. Consider running `gcloud config set project` or setting the GOOGLE_CLOUD_PROJECT environment variable
2024-08-30 10:20:19,027 - __main__ - INFO - Received a file upload request
2024-08-30 10:20:19,034 - google.auth._default - WARNING - No project ID could be determined. Consider running `gcloud config set project` or setting the GOOGLE_CLOUD_PROJECT environment variable
2024-08-30 10:20:19,104 - __main__ - INFO - File Olusegun_Tewogbade.pdf saved to temp_uploads/Olusegun_Tewogbade.pdf
2024-08-30 10:20:19,111 - google.auth._default - WARNING - No project ID could be determined. Consider running `gcloud config set project` or setting the GOOGLE_CLOUD_PROJECT environment variable
2024-08-30 10:20:19,117 - google.auth._default - WARNING - No project ID could be determined. Consider running `gcloud config set project` or setting the GOOGLE_CLOUD_PROJECT environment variable
2024-08-30 10:20:19,677 - __main__ - INFO - File URI: gs://genaiq_storage/uploads/Olusegun_Tewogbade.pdf
2024-08-30 10:20:19,678 - __main__ - INFO - File type is PDF
2024-08-30 10:20:19,678 - __main__ - INFO - File Olusegun_Tewogbade.pdf removed from local storage
2024-08-30 10:20:19,679 - werkzeug - INFO - 127.0.0.1 - - [30/Aug/2024 10:20:19] "POST /upload HTTP/1.1" 200 -
2024-08-30 10:20:19,738 - __main__ - INFO - File Olusegun_Tewogbade.pdf saved to temp_uploads/Olusegun_Tewogbade.pdf
2024-08-30 10:20:19,745 - google.auth._default - WARNING - No project ID could be determined. Consider running `gcloud config set project` or setting the GOOGLE_CLOUD_PROJECT environment variable
2024-08-30 10:20:19,752 - google.auth._default - WARNING - No project ID could be determined. Consider running `gcloud config set project` or setting the GOOGLE_CLOUD_PROJECT environment variable
2024-08-30 10:20:19,821 - __main__ - INFO - File URI: gs://genaiq_storage/uploads/Olusegun_Tewogbade.pdf
2024-08-30 10:20:19,821 - __main__ - INFO - File type is PDF
2024-08-30 10:20:19,821 - __main__ - INFO - File Olusegun_Tewogbade.pdf removed from local storage
2024-08-30 10:20:19,822 - werkzeug - INFO - 127.0.0.1 - - [30/Aug/2024 10:20:19] "POST /upload HTTP/1.1" 200 -
2024-08-30 10:20:19,865 - __main__ - INFO - Received a file upload request
2024-08-30 10:20:20,116 - __main__ - INFO - File URI: gs://genaiq_storage/uploads/Olusegun_Tewogbade.pdf
2024-08-30 10:20:20,116 - __main__ - INFO - File type is PDF
2024-08-30 10:20:20,117 - werkzeug - INFO - 127.0.0.1 - - [30/Aug/2024 10:20:20] "POST /upload HTTP/1.1" 200 -
2024-08-30 10:20:20,178 - __main__ - INFO - File URI: gs://genaiq_storage/uploads/Olusegun_Tewogbade.pdf
2024-08-30 10:20:20,178 - __main__ - INFO - File type is PDF
2024-08-30 10:20:20,179 - werkzeug - INFO - 127.0.0.1 - - [30/Aug/2024 10:20:20] "POST /upload HTTP/1.1" 200 -
2024-08-30 10:20:20,702 - __main__ - INFO - Received a file upload request
2024-08-30 10:20:20,811 - __main__ - INFO - File URI: gs://genaiq_storage/uploads/Olusegun_Tewogbade.pdf
2024-08-30 10:20:20,811 - __main__ - INFO - File type is PDF
2024-08-30 10:20:20,812 - werkzeug - INFO - 127.0.0.1 - - [30/Aug/2024 10:20:20] "POST /upload HTTP/1.1" 200 -
2024-08-30 10:20:21,607 - __main__ - INFO - File Olusegun_Tewogbade.pdf saved to temp_uploads/Olusegun_Tewogbade.pdf
2024-08-30 10:20:21,614 - google.auth._default - WARNING - No project ID could be determined. Consider running `gcloud config set project` or setting the GOOGLE_CLOUD_PROJECT environment variable
2024-08-30 10:20:21,620 - google.auth._default - WARNING - No project ID could be determined. Consider running `gcloud config set project` or setting the GOOGLE_CLOUD_PROJECT environment variable
2024-08-30 10:20:22,521 - __main__ - INFO - File Olusegun_Tewogbade.pdf saved to temp_uploads/Olusegun_Tewogbade.pdf
2024-08-30 10:20:22,528 - google.auth._default - WARNING - No project ID could be determined. Consider running `gcloud config set project` or setting the GOOGLE_CLOUD_PROJECT environment variable
2024-08-30 10:20:22,535 - google.auth._default - WARNING - No project ID could be determined. Consider running `gcloud config set project` or setting the GOOGLE_CLOUD_PROJECT environment variable
2024-08-30 10:20:22,593 - __main__ - INFO - File URI: gs://genaiq_storage/uploads/Olusegun_Tewogbade.pdf
2024-08-30 10:20:22,593 - __main__ - INFO - File type is PDF
2024-08-30 10:20:22,594 - __main__ - INFO - File Olusegun_Tewogbade.pdf removed from local storage
2024-08-30 10:20:22,594 - werkzeug - INFO - 127.0.0.1 - - [30/Aug/2024 10:20:22] "POST /upload HTTP/1.1" 200 -
2024-08-30 10:20:23,510 - __main__ - INFO - File URI: gs://genaiq_storage/uploads/Olusegun_Tewogbade.pdf
2024-08-30 10:20:23,510 - __main__ - INFO - File type is PDF
2024-08-30 10:20:23,511 - werkzeug - INFO - 127.0.0.1 - - [30/Aug/2024 10:20:23] "POST /upload HTTP/1.1" 200 -
2024-08-30 10:20:23,578 - __main__ - INFO - Received request to get feedback page
2024-08-30 10:20:23,578 - __main__ - INFO - Session data: <SecureCookieSession {'file_uri': 'gs://genaiq_storage/uploads/Olusegun_Tewogbade.pdf', 'filename': 'Olusegun_Tewogbade.pdf'}>
2024-08-30 10:20:23,585 - google.auth._default - WARNING - No project ID could be determined. Consider running `gcloud config set project` or setting the GOOGLE_CLOUD_PROJECT environment variable
2024-08-30 10:20:23,591 - google.auth._default - WARNING - No project ID could be determined. Consider running `gcloud config set project` or setting the GOOGLE_CLOUD_PROJECT environment variable
2024-08-30 10:20:24,617 - __main__ - ERROR - Error in feedback page: name 'os' is not defined
2024-08-30 10:20:24,618 - werkzeug - INFO - 127.0.0.1 - - [30/Aug/2024 10:20:24] "[35m[1mPOST /get_feedback_page HTTP/1.1[0m" 500 -
2024-08-30 10:20:25,117 - __main__ - INFO - File Olusegun_Tewogbade.pdf saved to temp_uploads/Olusegun_Tewogbade.pdf
2024-08-30 10:20:25,125 - google.auth._default - WARNING - No project ID could be determined. Consider running `gcloud config set project` or setting the GOOGLE_CLOUD_PROJECT environment variable
2024-08-30 10:20:25,131 - google.auth._default - WARNING - No project ID could be determined. Consider running `gcloud config set project` or setting the GOOGLE_CLOUD_PROJECT environment variable
2024-08-30 10:20:26,100 - __main__ - INFO - File URI: gs://genaiq_storage/uploads/Olusegun_Tewogbade.pdf
2024-08-30 10:20:26,100 - __main__ - INFO - File type is PDF
2024-08-30 10:20:26,101 - __main__ - INFO - File Olusegun_Tewogbade.pdf removed from local storage
2024-08-30 10:20:26,102 - werkzeug - INFO - 127.0.0.1 - - [30/Aug/2024 10:20:26] "POST /upload HTTP/1.1" 200 -
2024-08-30 10:22:41,901 - __main__ - INFO - Starting Flask application
2024-08-30 10:22:41,916 - werkzeug - INFO - [31m[1mWARNING: This is a development server. Do not use it in a production deployment. Use a production WSGI server instead.[0m
 * Running on http://127.0.0.1:5000
2024-08-30 10:22:41,916 - werkzeug - INFO - [33mPress CTRL+C to quit[0m
2024-08-30 10:22:41,917 - werkzeug - INFO -  * Restarting with stat
2024-08-30 10:22:44,230 - __main__ - INFO - Starting Flask application
2024-08-30 10:22:44,238 - werkzeug - WARNING -  * Debugger is active!
2024-08-30 10:22:44,239 - werkzeug - INFO -  * Debugger PIN: 288-788-501
2024-08-30 10:22:52,999 - __main__ - INFO - Rendering index page
2024-08-30 10:22:53,006 - werkzeug - INFO - 127.0.0.1 - - [30/Aug/2024 10:22:53] "GET / HTTP/1.1" 200 -
2024-08-30 10:22:53,262 - werkzeug - INFO - 127.0.0.1 - - [30/Aug/2024 10:22:53] "[36mGET /static/images/oka.jpg HTTP/1.1[0m" 304 -
2024-08-30 10:22:57,062 - __main__ - INFO - Rendering upload resume page
2024-08-30 10:22:57,064 - werkzeug - INFO - 127.0.0.1 - - [30/Aug/2024 10:22:57] "GET /upload_resume_page HTTP/1.1" 200 -
2024-08-30 10:23:10,223 - __main__ - INFO - Received a file upload request
2024-08-30 10:23:11,210 - __main__ - INFO - File BamideleTewogbadeResume.pdf saved to temp_uploads/BamideleTewogbadeResume.pdf
2024-08-30 10:23:12,316 - __main__ - INFO - File URI: gs://genaiq_storage/uploads/BamideleTewogbadeResume.pdf
2024-08-30 10:23:12,317 - __main__ - INFO - File type is PDF
2024-08-30 10:23:12,317 - __main__ - INFO - File BamideleTewogbadeResume.pdf removed from local storage
2024-08-30 10:23:12,318 - werkzeug - INFO - 127.0.0.1 - - [30/Aug/2024 10:23:12] "POST /upload HTTP/1.1" 200 -
2024-08-30 10:23:12,508 - __main__ - INFO - Received a file upload request
2024-08-30 10:23:13,196 - __main__ - INFO - File BamideleTewogbadeResume.pdf saved to temp_uploads/BamideleTewogbadeResume.pdf
2024-08-30 10:23:14,299 - __main__ - INFO - File URI: gs://genaiq_storage/uploads/BamideleTewogbadeResume.pdf
2024-08-30 10:23:14,299 - __main__ - INFO - File type is PDF
2024-08-30 10:23:14,300 - __main__ - INFO - File BamideleTewogbadeResume.pdf removed from local storage
2024-08-30 10:23:14,300 - werkzeug - INFO - 127.0.0.1 - - [30/Aug/2024 10:23:14] "POST /upload HTTP/1.1" 200 -
2024-08-30 10:23:15,058 - __main__ - INFO - Received request to get feedback page
2024-08-30 10:23:15,058 - __main__ - INFO - Session data: <SecureCookieSession {'file_uri': 'gs://genaiq_storage/uploads/BamideleTewogbadeResume.pdf', 'filename': 'BamideleTewogbadeResume.pdf'}>
2024-08-30 10:23:16,076 - __main__ - ERROR - Error in feedback page: name 'os' is not defined
2024-08-30 10:23:16,076 - werkzeug - INFO - 127.0.0.1 - - [30/Aug/2024 10:23:16] "[35m[1mPOST /get_feedback_page HTTP/1.1[0m" 500 -
2024-08-30 10:29:32,628 - __main__ - INFO - Starting Flask application
2024-08-30 10:29:32,642 - werkzeug - INFO - [31m[1mWARNING: This is a development server. Do not use it in a production deployment. Use a production WSGI server instead.[0m
 * Running on http://127.0.0.1:5000
2024-08-30 10:29:32,643 - werkzeug - INFO - [33mPress CTRL+C to quit[0m
2024-08-30 10:29:32,644 - werkzeug - INFO -  * Restarting with stat
2024-08-30 10:29:34,964 - __main__ - INFO - Starting Flask application
2024-08-30 10:29:34,972 - werkzeug - WARNING -  * Debugger is active!
2024-08-30 10:29:34,973 - werkzeug - INFO -  * Debugger PIN: 288-788-501
2024-08-30 10:29:39,104 - __main__ - INFO - Rendering index page
2024-08-30 10:29:39,111 - werkzeug - INFO - 127.0.0.1 - - [30/Aug/2024 10:29:39] "GET / HTTP/1.1" 200 -
2024-08-30 10:29:39,504 - werkzeug - INFO - 127.0.0.1 - - [30/Aug/2024 10:29:39] "[36mGET /static/images/oka.jpg HTTP/1.1[0m" 304 -
2024-08-30 10:29:42,398 - __main__ - INFO - Rendering upload resume page
2024-08-30 10:29:42,400 - werkzeug - INFO - 127.0.0.1 - - [30/Aug/2024 10:29:42] "GET /upload_resume_page HTTP/1.1" 200 -
2024-08-30 10:29:49,659 - __main__ - INFO - Received a file upload request
2024-08-30 10:29:50,546 - __main__ - INFO - File Olusegun_Tewogbade.pdf saved to temp_uploads/Olusegun_Tewogbade.pdf
2024-08-30 10:29:51,688 - __main__ - INFO - Received a file upload request
2024-08-30 10:29:51,759 - __main__ - INFO - File URI: gs://genaiq_storage/uploads/Olusegun_Tewogbade.pdf
2024-08-30 10:29:51,760 - __main__ - INFO - File type is PDF
2024-08-30 10:29:51,760 - __main__ - INFO - File Olusegun_Tewogbade.pdf removed from local storage
2024-08-30 10:29:51,761 - werkzeug - INFO - 127.0.0.1 - - [30/Aug/2024 10:29:51] "POST /upload HTTP/1.1" 200 -
2024-08-30 10:29:52,378 - __main__ - INFO - Received a file upload request
2024-08-30 10:29:53,219 - __main__ - INFO - File Olusegun_Tewogbade.pdf saved to temp_uploads/Olusegun_Tewogbade.pdf
2024-08-30 10:29:53,337 - __main__ - INFO - File Olusegun_Tewogbade.pdf saved to temp_uploads/Olusegun_Tewogbade.pdf
2024-08-30 10:29:53,669 - __main__ - INFO - Received request to get feedback page
2024-08-30 10:29:53,669 - __main__ - INFO - Session data: <SecureCookieSession {'file_uri': 'gs://genaiq_storage/uploads/Olusegun_Tewogbade.pdf', 'filename': 'Olusegun_Tewogbade.pdf'}>
2024-08-30 10:29:54,458 - __main__ - INFO - File URI: gs://genaiq_storage/uploads/Olusegun_Tewogbade.pdf
2024-08-30 10:29:54,458 - __main__ - INFO - File type is PDF
2024-08-30 10:29:54,458 - __main__ - INFO - File Olusegun_Tewogbade.pdf removed from local storage
2024-08-30 10:29:54,459 - werkzeug - INFO - 127.0.0.1 - - [30/Aug/2024 10:29:54] "POST /upload HTTP/1.1" 200 -
2024-08-30 10:29:54,566 - __main__ - INFO - File URI: gs://genaiq_storage/uploads/Olusegun_Tewogbade.pdf
2024-08-30 10:29:54,566 - __main__ - INFO - File type is PDF
2024-08-30 10:29:54,567 - werkzeug - INFO - 127.0.0.1 - - [30/Aug/2024 10:29:54] "POST /upload HTTP/1.1" 200 -
2024-08-30 10:29:56,158 - __main__ - INFO - Analysis completed successfully
2024-08-30 10:29:56,161 - werkzeug - INFO - 127.0.0.1 - - [30/Aug/2024 10:29:56] "POST /get_feedback_page HTTP/1.1" 200 -
2024-09-02 04:52:04,405 - app - INFO - Starting Flask application
2024-09-02 04:52:06,621 - app - INFO - Starting Flask application
2024-09-02 04:52:10,395 - app - INFO - Rendering index page
2024-09-02 04:52:14,193 - app - INFO - Rendering upload resume page
2024-09-02 04:52:50,859 - app - INFO - Received a file upload request
2024-09-02 04:52:51,688 - app - INFO - File OlusegunTewogbadeResume.pdf saved to /home/bishoptewogbade/genaiq/backend/static/uploads/temp_uploads/OlusegunTewogbadeResume.pdf
2024-09-02 04:52:52,782 - app - INFO - File URI: gs://genaiq_cloudbuild/uploads/OlusegunTewogbadeResume.pdf
2024-09-02 04:52:52,782 - app - INFO - Session data after upload: <SecureCookieSession {'file_uri': 'gs://genaiq_cloudbuild/uploads/OlusegunTewogbadeResume.pdf', 'filename': 'OlusegunTewogbadeResume.pdf'}>
2024-09-02 04:52:52,782 - app - INFO - File type is PDF
2024-09-02 04:52:52,782 - app - INFO - File OlusegunTewogbadeResume.pdf removed from local storage
2024-09-02 04:52:54,190 - app - INFO - Received request to get feedback page
2024-09-02 04:52:54,191 - app - INFO - Session data at feedback page: filename=OlusegunTewogbadeResume.pdf, file_uri=gs://genaiq_cloudbuild/uploads/OlusegunTewogbadeResume.pdf
2024-09-02 04:52:54,191 - app - INFO - Calling AI service to process the file
2024-09-02 04:52:54,191 - app - INFO - Analysis result: {'overall_feedback': 'Sample overall feedback from AI.', 'feedback_cards': [{'title': 'Summary', 'description': 'Sample description for Summary.', 'ats_match': 80, 'recommendations': ['Recommendation 1 for Summary', 'Recommendation 2 for Summary']}, {'title': 'Experience', 'description': 'Sample description for Experience.', 'ats_match': 90, 'recommendations': ['Recommendation 1 for Experience', 'Recommendation 2 for Experience']}, {'title': 'Education', 'description': 'Sample description for Education.', 'ats_match': 85, 'recommendations': ['Recommendation 1 for Education', 'Recommendation 2 for Education']}, {'title': 'Skills', 'description': 'Sample description for Skills.', 'ats_match': 90, 'recommendations': ['Recommendation 1 for Skills', 'Recommendation 2 for Skills']}]}
2024-09-02 04:52:54,191 - app - ERROR - Error in feedback page: name 'logger' is not defined
2024-09-02 04:59:51,596 - app - INFO - Starting Flask application
2024-09-02 04:59:51,605 - werkzeug - WARNING -  * Debugger is active!
2024-09-02 04:59:51,605 - werkzeug - INFO -  * Debugger PIN: 105-304-393
2024-09-02 04:59:52,674 - werkzeug - INFO -  * Detected change in '/home/bishoptewogbade/genaiq/backend/app.py', reloading
2024-09-02 04:59:55,631 - app - INFO - Starting Flask application
2024-09-02 04:59:55,639 - werkzeug - WARNING -  * Debugger is active!
2024-09-02 04:59:55,640 - werkzeug - INFO -  * Debugger PIN: 105-304-393
2024-09-02 05:00:12,069 - werkzeug - INFO -  * Detected change in '/home/bishoptewogbade/genaiq/backend/app.py', reloading
2024-09-02 05:01:24,701 - app - INFO - Starting Flask application
2024-09-02 05:01:24,710 - werkzeug - WARNING -  * Debugger is active!
2024-09-02 05:01:24,710 - werkzeug - INFO -  * Debugger PIN: 105-304-393
2024-09-02 05:01:56,432 - app - INFO - Received a file upload request
2024-09-02 05:01:56,434 - app - WARNING - No selected file
2024-09-02 05:01:56,435 - werkzeug - INFO - 127.0.0.1 - - [02/Sep/2024 05:01:56] "[31m[1mPOST /upload HTTP/1.1[0m" 400 -
2024-09-02 05:02:02,740 - app - INFO - Received a file upload request
2024-09-02 05:02:03,628 - app - INFO - File Olusegun_Tewogbade.pdf saved to /home/bishoptewogbade/genaiq/backend/static/uploads/temp_uploads/Olusegun_Tewogbade.pdf
2024-09-02 05:02:04,723 - ai_service - INFO - File uploaded successfully to GCS: uploads/Olusegun_Tewogbade.pdf
2024-09-02 05:02:04,724 - app - INFO - File URI: gs://genaiq_cloudbuild/uploads/Olusegun_Tewogbade.pdf
2024-09-02 05:02:04,724 - app - INFO - Session data after upload: <SecureCookieSession {'file_uri': 'gs://genaiq_cloudbuild/uploads/Olusegun_Tewogbade.pdf', 'filename': 'Olusegun_Tewogbade.pdf'}>
2024-09-02 05:02:04,724 - app - INFO - File type is PDF
2024-09-02 05:02:04,725 - app - INFO - File Olusegun_Tewogbade.pdf removed from local storage
2024-09-02 05:02:04,726 - werkzeug - INFO - 127.0.0.1 - - [02/Sep/2024 05:02:04] "POST /upload HTTP/1.1" 200 -
2024-09-02 05:02:06,239 - app - INFO - Received request to get feedback page
2024-09-02 05:02:06,240 - app - INFO - Session data at feedback page: filename=Olusegun_Tewogbade.pdf, file_uri=gs://genaiq_cloudbuild/uploads/Olusegun_Tewogbade.pdf
2024-09-02 05:02:06,240 - app - INFO - Calling AI service to process the file
2024-09-02 05:02:06,240 - app - INFO - Analysis result: {'overall_feedback': 'Sample overall feedback from AI.', 'feedback_cards': [{'title': 'Summary', 'description': 'Sample description for Summary.', 'ats_match': 80, 'recommendations': ['Recommendation 1 for Summary', 'Recommendation 2 for Summary']}, {'title': 'Experience', 'description': 'Sample description for Experience.', 'ats_match': 90, 'recommendations': ['Recommendation 1 for Experience', 'Recommendation 2 for Experience']}, {'title': 'Education', 'description': 'Sample description for Education.', 'ats_match': 85, 'recommendations': ['Recommendation 1 for Education', 'Recommendation 2 for Education']}, {'title': 'Skills', 'description': 'Sample description for Skills.', 'ats_match': 90, 'recommendations': ['Recommendation 1 for Skills', 'Recommendation 2 for Skills']}]}
2024-09-02 05:02:06,248 - werkzeug - INFO - 127.0.0.1 - - [02/Sep/2024 05:02:06] "POST /get_feedback_page HTTP/1.1" 200 -
2024-09-02 05:02:42,617 - werkzeug - INFO -  * Detected change in '/home/bishoptewogbade/genaiq/backend/app.py', reloading
2024-09-02 05:02:45,615 - app - INFO - Starting Flask application
2024-09-02 05:02:45,623 - werkzeug - WARNING -  * Debugger is active!
2024-09-02 05:02:45,624 - werkzeug - INFO -  * Debugger PIN: 105-304-393
2024-09-02 05:02:55,521 - app - INFO - Received a file upload request
2024-09-02 05:02:56,988 - app - INFO - File Olusegun_Tewogbade.pdf saved to /home/bishoptewogbade/genaiq/backend/static/uploads/temp_uploads/Olusegun_Tewogbade.pdf
2024-09-02 05:02:58,083 - ai_service - INFO - File uploaded successfully to GCS: uploads/Olusegun_Tewogbade.pdf
2024-09-02 05:02:58,083 - app - INFO - File URI: gs://genaiq_cloudbuild/uploads/Olusegun_Tewogbade.pdf
2024-09-02 05:02:58,084 - app - INFO - Session data after upload: <SecureCookieSession {'file_uri': 'gs://genaiq_cloudbuild/uploads/Olusegun_Tewogbade.pdf', 'filename': 'Olusegun_Tewogbade.pdf'}>
2024-09-02 05:02:58,084 - app - INFO - File type is PDF
2024-09-02 05:02:58,084 - app - INFO - File Olusegun_Tewogbade.pdf removed from local storage
2024-09-02 05:02:58,085 - werkzeug - INFO - 127.0.0.1 - - [02/Sep/2024 05:02:58] "POST /upload HTTP/1.1" 200 -
2024-09-02 05:02:59,249 - app - INFO - Received request to get feedback page
2024-09-02 05:02:59,250 - app - INFO - Session data at feedback page: filename=Olusegun_Tewogbade.pdf, file_uri=gs://genaiq_cloudbuild/uploads/Olusegun_Tewogbade.pdf
2024-09-02 05:02:59,250 - app - INFO - Calling AI service to process the file
2024-09-02 05:02:59,250 - app - ERROR - Error calling AI service: call_vertex_ai() missing 1 required positional argument: 'file_uri'
2024-09-02 05:02:59,251 - werkzeug - INFO - 127.0.0.1 - - [02/Sep/2024 05:02:59] "[35m[1mPOST /get_feedback_page HTTP/1.1[0m" 500 -
2024-09-02 05:03:20,505 - werkzeug - INFO -  * Detected change in '/home/bishoptewogbade/genaiq/backend/app.py', reloading
2024-09-02 05:03:23,501 - app - INFO - Starting Flask application
2024-09-02 05:03:23,509 - werkzeug - WARNING -  * Debugger is active!
2024-09-02 05:03:23,510 - werkzeug - INFO -  * Debugger PIN: 105-304-393
2024-09-02 05:03:29,442 - app - INFO - Received a file upload request
2024-09-02 05:03:30,561 - app - INFO - File Olusegun_Tewogbade.pdf saved to /home/bishoptewogbade/genaiq/backend/static/uploads/temp_uploads/Olusegun_Tewogbade.pdf
2024-09-02 05:03:31,646 - ai_service - INFO - File uploaded successfully to GCS: uploads/Olusegun_Tewogbade.pdf
2024-09-02 05:03:31,646 - app - INFO - File URI: gs://genaiq_cloudbuild/uploads/Olusegun_Tewogbade.pdf
2024-09-02 05:03:31,647 - app - INFO - Session data after upload: <SecureCookieSession {'file_uri': 'gs://genaiq_cloudbuild/uploads/Olusegun_Tewogbade.pdf', 'filename': 'Olusegun_Tewogbade.pdf'}>
2024-09-02 05:03:31,647 - app - INFO - File type is PDF
2024-09-02 05:03:31,647 - app - INFO - File Olusegun_Tewogbade.pdf removed from local storage
2024-09-02 05:03:31,648 - werkzeug - INFO - 127.0.0.1 - - [02/Sep/2024 05:03:31] "POST /upload HTTP/1.1" 200 -
2024-09-02 05:03:33,753 - app - INFO - Received request to get feedback page
2024-09-02 05:03:33,754 - app - INFO - Session data at feedback page: filename=Olusegun_Tewogbade.pdf, file_uri=gs://genaiq_cloudbuild/uploads/Olusegun_Tewogbade.pdf
2024-09-02 05:03:33,754 - app - INFO - Calling AI service to process the file
2024-09-02 05:03:34,779 - ai_service - INFO - File downloaded successfully from GCS: gs://genaiq_cloudbuild/uploads/Olusegun_Tewogbade.pdf
2024-09-02 05:03:34,995 - ai_service - INFO - Text extracted successfully from PDF.
2024-09-02 05:03:34,995 - ai_service - INFO - Initializing Vertex AI with the given project ID and location.
2024-09-02 05:03:34,996 - ai_service - INFO - Vertex AI initialized successfully.
2024-09-02 05:03:34,996 - ai_service - INFO - Loading the Vertex AI generative model.
2024-09-02 05:03:34,997 - ai_service - INFO - Preparing the prompt for Vertex AI.
2024-09-02 05:03:34,997 - ai_service - INFO - Creating a Part object from the extracted file text.
2024-09-02 05:03:34,997 - ai_service - INFO - Sending the prompt to Vertex AI for content generation.
2024-09-02 05:03:39,401 - ai_service - INFO - Received response from Vertex AI.
2024-09-02 05:03:39,404 - app - INFO - Analysis result: {'overall_feedback': "Olusegun, your resume showcases your strong technical skills and experience in software development, particularly in the fintech and AI domains. You've successfully designed and implemented impactful solutions across a variety of projects, demonstrating your expertise in Java Spring Boot, Python Flask, and Flutter. However, there are opportunities to further enhance its clarity and impact. For instance, quantifying your achievements and tailoring the content to specific job requirements would be beneficial. You should also consider incorporating a consistent format throughout the resume, such as using a bold font for job titles, standardizing dates, and ensuring proper capitalization throughout.  ", 'feedback_cards': [{'title': 'Summary', 'description': 'This section provides a good overview of your technical expertise and passion for software development. However, consider highlighting more specific areas of interest and achievements, such as mentioning your experience with AI models or your success in optimizing systems for greater efficiency.', 'ats_match': '75%', 'recommendations': ['Highlight specific technical skills and achievements, focusing on fintech, AI, and mobile development.', 'Consider quantifying your achievements (e.g., "Reduced response times by 60%", "Increased user satisfaction by 20%").', "Tailor this section to the specific job you're applying for by emphasizing relevant skills and experience."]}, {'title': 'Experience', 'description': "You've provided detailed descriptions of your roles at Fasyl Technology Group, Abeyie Innovation Studios, Blue Vision Multimedia, and Ingressive for Good. However, consider restructuring this section to prioritize the most relevant experience based on the job you're applying for.  You've done a good job quantifying your accomplishments, which makes your impact more tangible.  ", 'ats_match': '85%', 'recommendations': ['Prioritize the most relevant work experience at the top.', 'Use action verbs to begin each bullet point and focus on quantifiable achievements.', 'Consider using a consistent format for date ranges and job titles for better readability.', 'Remove irrelevant or less impactful details to streamline the content.']}, {'title': 'Education', 'description': 'This section effectively outlines your educational background.  However, consider including any relevant coursework or projects that demonstrate your skills and knowledge.  ', 'ats_match': '80%', 'recommendations': ['Highlight relevant coursework, projects, or certifications related to software development, AI, or fintech.', 'Consider including any awards or honors received during your studies.']}, {'title': 'Skills', 'description': "You've included a comprehensive list of programming languages, frameworks, and tools. However, consider categorizing these skills for better organization and clarity.  ", 'ats_match': '90%', 'recommendations': ['Organize your skills into categories such as Programming Languages, Frameworks, Tools, Databases, etc.', 'Consider adding a brief description or example of your proficiency level for each skill (e.g., "Expert in Java Spring Boot").']}]}
2024-09-02 05:03:39,412 - werkzeug - INFO - 127.0.0.1 - - [02/Sep/2024 05:03:39] "POST /get_feedback_page HTTP/1.1" 200 -
2024-09-02 10:45:06,049 - app - INFO - Starting Flask application
2024-09-02 10:45:06,077 - werkzeug - INFO - [31m[1mWARNING: This is a development server. Do not use it in a production deployment. Use a production WSGI server instead.[0m
 * Running on http://127.0.0.1:5000
2024-09-02 10:45:06,077 - werkzeug - INFO - [33mPress CTRL+C to quit[0m
2024-09-02 10:45:06,078 - werkzeug - INFO -  * Restarting with stat
2024-09-02 10:45:08,280 - app - INFO - Starting Flask application
2024-09-02 10:45:08,288 - werkzeug - WARNING -  * Debugger is active!
2024-09-02 10:45:08,290 - werkzeug - INFO -  * Debugger PIN: 105-719-310
2024-09-02 10:45:20,760 - app - INFO - Rendering index page
2024-09-02 10:45:20,766 - werkzeug - INFO - 127.0.0.1 - - [02/Sep/2024 10:45:20] "GET /?redirectedPreviously=true HTTP/1.1" 200 -
2024-09-02 10:45:21,780 - werkzeug - INFO - 127.0.0.1 - - [02/Sep/2024 10:45:21] "[36mGET /static/images/oka.jpg HTTP/1.1[0m" 304 -
2024-09-02 10:45:24,253 - app - INFO - Rendering upload resume page
2024-09-02 10:45:24,272 - werkzeug - INFO - 127.0.0.1 - - [02/Sep/2024 10:45:24] "GET /upload_resume_page HTTP/1.1" 200 -
2024-09-02 10:45:40,184 - app - INFO - Received a file upload request
2024-09-02 10:45:41,162 - app - INFO - File OlusegunTewogbadeResume.pdf saved to /home/bishoptewogbade/genaiq/backend/static/uploads/temp_uploads/OlusegunTewogbadeResume.pdf
2024-09-02 10:45:41,176 - google.auth._default - WARNING - No project ID could be determined. Consider running `gcloud config set project` or setting the GOOGLE_CLOUD_PROJECT environment variable
2024-09-02 10:45:41,182 - google.auth._default - WARNING - No project ID could be determined. Consider running `gcloud config set project` or setting the GOOGLE_CLOUD_PROJECT environment variable
2024-09-02 10:45:46,668 - app - INFO - Received a file upload request
2024-09-02 10:45:47,858 - app - INFO - File OlusegunTewogbadeResume.pdf saved to /home/bishoptewogbade/genaiq/backend/static/uploads/temp_uploads/OlusegunTewogbadeResume.pdf
2024-09-02 10:45:47,864 - google.auth._default - WARNING - No project ID could be determined. Consider running `gcloud config set project` or setting the GOOGLE_CLOUD_PROJECT environment variable
2024-09-02 10:45:47,869 - google.auth._default - WARNING - No project ID could be determined. Consider running `gcloud config set project` or setting the GOOGLE_CLOUD_PROJECT environment variable
2024-09-02 10:45:55,213 - ai_service - ERROR - Error uploading to GCS: string indices must be integers
2024-09-02 10:45:55,213 - app - INFO - File URI: None
2024-09-02 10:45:55,213 - app - INFO - Session data after upload: <SecureCookieSession {'file_uri': None, 'filename': 'OlusegunTewogbadeResume.pdf'}>
2024-09-02 10:45:55,214 - app - INFO - File type is PDF
2024-09-02 10:45:55,214 - app - INFO - File OlusegunTewogbadeResume.pdf removed from local storage
2024-09-02 10:45:55,215 - werkzeug - INFO - 127.0.0.1 - - [02/Sep/2024 10:45:55] "POST /upload HTTP/1.1" 200 -
2024-09-02 10:45:58,791 - app - INFO - Received request to get feedback page
2024-09-02 10:45:58,791 - app - INFO - Session data at feedback page: filename=OlusegunTewogbadeResume.pdf, file_uri=None
2024-09-02 10:45:58,792 - app - ERROR - Required session data missing
2024-09-02 10:45:58,792 - werkzeug - INFO - 127.0.0.1 - - [02/Sep/2024 10:45:58] "[31m[1mPOST /get_feedback_page HTTP/1.1[0m" 400 -
2024-09-02 10:46:02,897 - ai_service - INFO - File uploaded successfully to GCS: uploads/OlusegunTewogbadeResume.pdf
2024-09-02 10:46:02,898 - app - INFO - File URI: gs://genaiq_cloudbuild/uploads/OlusegunTewogbadeResume.pdf
2024-09-02 10:46:02,898 - app - INFO - Session data after upload: <SecureCookieSession {'file_uri': 'gs://genaiq_cloudbuild/uploads/OlusegunTewogbadeResume.pdf', 'filename': 'OlusegunTewogbadeResume.pdf'}>
2024-09-02 10:46:02,898 - app - INFO - File type is PDF
2024-09-02 10:46:02,899 - werkzeug - INFO - 127.0.0.1 - - [02/Sep/2024 10:46:02] "POST /upload HTTP/1.1" 200 -
2024-09-02 10:47:49,637 - app - INFO - Rendering index page
2024-09-02 10:47:49,637 - werkzeug - INFO - 127.0.0.1 - - [02/Sep/2024 10:47:49] "GET / HTTP/1.1" 200 -
2024-09-02 10:47:50,539 - werkzeug - INFO - 127.0.0.1 - - [02/Sep/2024 10:47:50] "[36mGET /static/images/oka.jpg HTTP/1.1[0m" 304 -
2024-09-02 10:48:06,041 - app - INFO - Rendering upload resume page
2024-09-02 10:48:06,042 - werkzeug - INFO - 127.0.0.1 - - [02/Sep/2024 10:48:06] "GET /upload_resume_page HTTP/1.1" 200 -
2024-09-02 10:48:14,838 - app - INFO - Received a file upload request
2024-09-02 10:48:15,206 - app - INFO - File OlusegunTewogbadeResume.pdf saved to /home/bishoptewogbade/genaiq/backend/static/uploads/temp_uploads/OlusegunTewogbadeResume.pdf
2024-09-02 10:48:15,212 - google.auth._default - WARNING - No project ID could be determined. Consider running `gcloud config set project` or setting the GOOGLE_CLOUD_PROJECT environment variable
2024-09-02 10:48:15,217 - google.auth._default - WARNING - No project ID could be determined. Consider running `gcloud config set project` or setting the GOOGLE_CLOUD_PROJECT environment variable
2024-09-02 10:48:16,255 - ai_service - INFO - File uploaded successfully to GCS: uploads/OlusegunTewogbadeResume.pdf
2024-09-02 10:48:16,255 - app - INFO - File URI: gs://genaiq_cloudbuild/uploads/OlusegunTewogbadeResume.pdf
2024-09-02 10:48:16,255 - app - INFO - Session data after upload: <SecureCookieSession {'file_uri': 'gs://genaiq_cloudbuild/uploads/OlusegunTewogbadeResume.pdf', 'filename': 'OlusegunTewogbadeResume.pdf'}>
2024-09-02 10:48:16,255 - app - INFO - File type is PDF
2024-09-02 10:48:16,255 - app - INFO - File OlusegunTewogbadeResume.pdf removed from local storage
2024-09-02 10:48:16,256 - werkzeug - INFO - 127.0.0.1 - - [02/Sep/2024 10:48:16] "POST /upload HTTP/1.1" 200 -
2024-09-02 10:48:17,893 - app - INFO - Received request to get feedback page
2024-09-02 10:48:17,894 - app - INFO - Session data at feedback page: filename=OlusegunTewogbadeResume.pdf, file_uri=gs://genaiq_cloudbuild/uploads/OlusegunTewogbadeResume.pdf
2024-09-02 10:48:17,894 - app - INFO - Calling AI service to process the file
2024-09-02 10:48:17,901 - google.auth._default - WARNING - No project ID could be determined. Consider running `gcloud config set project` or setting the GOOGLE_CLOUD_PROJECT environment variable
2024-09-02 10:48:17,906 - google.auth._default - WARNING - No project ID could be determined. Consider running `gcloud config set project` or setting the GOOGLE_CLOUD_PROJECT environment variable
2024-09-02 10:48:18,849 - ai_service - INFO - File downloaded successfully from GCS: gs://genaiq_cloudbuild/uploads/OlusegunTewogbadeResume.pdf
2024-09-02 10:48:19,057 - ai_service - INFO - Text extracted successfully from PDF.
2024-09-02 10:48:19,057 - ai_service - INFO - Initializing Vertex AI with the given project ID and location.
2024-09-02 10:48:19,057 - ai_service - INFO - Vertex AI initialized successfully.
2024-09-02 10:48:19,058 - ai_service - INFO - Loading the Vertex AI generative model.
2024-09-02 10:48:19,058 - ai_service - INFO - Preparing the prompt for Vertex AI.
2024-09-02 10:48:19,059 - ai_service - INFO - Creating a Part object from the extracted file text.
2024-09-02 10:48:19,059 - ai_service - INFO - Sending the prompt to Vertex AI for content generation.
2024-09-02 10:48:23,898 - ai_service - INFO - Received response from Vertex AI.
2024-09-02 10:48:23,900 - app - INFO - Analysis result: {'overall_feedback': "Olusegun's resume showcases a strong foundation in software development with a clear focus on fintech and AI.  He demonstrates a broad set of skills and a history of impactful projects.  While the resume is well-structured and informative, there are opportunities to further highlight his achievements and tailor it more effectively for specific job applications.", 'feedback_cards': [{'title': 'Summary', 'description': "Olusegun's summary is engaging and effectively highlights his passion for software development and his focus on fintech, AI, and mobile app development. It clearly establishes his technical skills and his dedication to solving real-world problems.  The use of specific technologies like Java Spring Boot, Python Flask, and Flutter adds credibility.", 'ats_match': 80, 'recommendations': ["Consider adding a quantifiable achievement to your summary.  For example, you could mention 'Developed X number of impactful solutions using Java Spring Boot...'.", 'Tailor this summary to the specific role you are applying for by highlighting the skills and experiences most relevant to the job description.']}, {'title': 'Experience', 'description': "Olusegun's work experience demonstrates a strong track record of delivering impactful solutions. He clearly articulates his roles and responsibilities, highlighting specific projects and quantifiable results. His experience with both backend and frontend development, including mobile app development, showcases his versatility and technical breadth.", 'ats_match': 90, 'recommendations': ["Consider using action verbs to start each bullet point for a more impactful and concise reading experience.  For example, instead of 'Developed and deployed RESTful APIs', you could say 'Developed and deployed robust RESTful APIs...'.", 'Expand on the impact of your projects.  Instead of stating a 70% reduction in response time, provide context on how this impacted the business or end users.', 'If you have any awards or recognition for your work, consider including them in this section.']}, {'title': 'Education', 'description': "Olusegun's education section provides a clear overview of his academic background and demonstrates a strong foundation in computer science. This is a valuable asset for potential employers.", 'ats_match': 75, 'recommendations': ['Consider including any relevant coursework or projects that directly relate to the specific role you are applying for.', 'If you have a GPA or any academic achievements, you could include them.']}, {'title': 'Skills', 'description': "Olusegun's skills section provides a comprehensive list of his technical abilities, demonstrating his proficiency in various programming languages, frameworks, and tools. This section clearly showcases his technical expertise and his ability to work with different technologies.", 'ats_match': 95, 'recommendations': ['Consider categorizing your skills into different groups (e.g., Programming Languages, Frameworks, Tools) for easier readability.  This can also improve ATS scannability.', "Quantify your skills whenever possible.  For example, instead of simply listing 'Java', you could say 'Proficient in Java with X years of experience'.", 'If you possess any specialized skills or certifications, highlight them in this section.']}]}
2024-09-02 10:48:23,905 - werkzeug - INFO - 127.0.0.1 - - [02/Sep/2024 10:48:23] "POST /get_feedback_page HTTP/1.1" 200 -
2024-09-02 12:23:15,360 - app - INFO - Starting Flask application
2024-09-02 12:23:15,385 - werkzeug - INFO - [31m[1mWARNING: This is a development server. Do not use it in a production deployment. Use a production WSGI server instead.[0m
 * Running on http://127.0.0.1:5000
2024-09-02 12:23:15,385 - werkzeug - INFO - [33mPress CTRL+C to quit[0m
2024-09-02 12:23:15,387 - werkzeug - INFO -  * Restarting with stat
2024-09-02 12:23:17,682 - app - INFO - Starting Flask application
2024-09-02 12:23:17,691 - werkzeug - WARNING -  * Debugger is active!
2024-09-02 12:23:17,692 - werkzeug - INFO -  * Debugger PIN: 463-807-280
2024-09-02 12:23:26,078 - app - INFO - Rendering index page
2024-09-02 12:23:26,084 - werkzeug - INFO - 127.0.0.1 - - [02/Sep/2024 12:23:26] "GET /?redirectedPreviously=true HTTP/1.1" 200 -
2024-09-02 12:23:26,977 - werkzeug - INFO - 127.0.0.1 - - [02/Sep/2024 12:23:26] "GET /static/images/oka.jpg HTTP/1.1" 200 -
2024-09-02 13:20:36,903 - app - INFO - Starting Flask application
2024-09-02 13:20:36,934 - werkzeug - INFO - [31m[1mWARNING: This is a development server. Do not use it in a production deployment. Use a production WSGI server instead.[0m
 * Running on http://127.0.0.1:5000
2024-09-02 13:20:36,934 - werkzeug - INFO - [33mPress CTRL+C to quit[0m
2024-09-02 13:20:36,936 - werkzeug - INFO -  * Restarting with stat
2024-09-02 13:20:39,195 - app - INFO - Starting Flask application
2024-09-02 13:20:39,204 - werkzeug - WARNING -  * Debugger is active!
2024-09-02 13:20:39,205 - werkzeug - INFO -  * Debugger PIN: 736-784-721
2024-09-02 13:20:43,625 - app - INFO - Rendering index page
2024-09-02 13:20:43,631 - werkzeug - INFO - 127.0.0.1 - - [02/Sep/2024 13:20:43] "GET / HTTP/1.1" 200 -
2024-09-02 13:20:44,503 - werkzeug - INFO - 127.0.0.1 - - [02/Sep/2024 13:20:44] "[36mGET /static/images/oka.jpg HTTP/1.1[0m" 304 -
2024-09-02 13:20:49,550 - app - INFO - Rendering upload resume page
2024-09-02 13:20:49,562 - werkzeug - INFO - 127.0.0.1 - - [02/Sep/2024 13:20:49] "GET /upload_resume_page HTTP/1.1" 200 -
2024-09-02 13:20:51,206 - werkzeug - INFO - 127.0.0.1 - - [02/Sep/2024 13:20:51] "[33mGET /favicon.ico HTTP/1.1[0m" 404 -
2024-09-02 13:21:03,196 - app - INFO - Received a file upload request
2024-09-02 13:21:03,872 - app - INFO - File OlusegunTewogbadeResume.pdf saved to /home/bishoptewogbade/genaiq/backend/static/uploads/temp_uploads/OlusegunTewogbadeResume.pdf
2024-09-02 13:21:03,980 - google.auth._default - WARNING - No project ID could be determined. Consider running `gcloud config set project` or setting the GOOGLE_CLOUD_PROJECT environment variable
2024-09-02 13:21:03,989 - google.auth._default - WARNING - No project ID could be determined. Consider running `gcloud config set project` or setting the GOOGLE_CLOUD_PROJECT environment variable
2024-09-02 13:21:18,023 - ai_service - ERROR - Error uploading to GCS: string indices must be integers
2024-09-02 13:21:18,023 - app - INFO - File URI: None
2024-09-02 13:21:18,023 - app - INFO - Session data after upload: <SecureCookieSession {'filename': 'OlusegunTewogbadeResume.pdf', 'file_uri': None}>
2024-09-02 13:21:18,023 - app - INFO - File type is PDF
2024-09-02 13:21:18,024 - app - INFO - File OlusegunTewogbadeResume.pdf removed from local storage
2024-09-02 13:21:18,024 - werkzeug - INFO - 127.0.0.1 - - [02/Sep/2024 13:21:18] "POST /upload HTTP/1.1" 200 -
2024-09-02 13:21:29,289 - app - INFO - Received a file upload request
2024-09-02 13:21:30,374 - app - INFO - File OlusegunTewogbadeResume.pdf saved to /home/bishoptewogbade/genaiq/backend/static/uploads/temp_uploads/OlusegunTewogbadeResume.pdf
2024-09-02 13:21:30,382 - google.auth._default - WARNING - No project ID could be determined. Consider running `gcloud config set project` or setting the GOOGLE_CLOUD_PROJECT environment variable
2024-09-02 13:21:30,389 - google.auth._default - WARNING - No project ID could be determined. Consider running `gcloud config set project` or setting the GOOGLE_CLOUD_PROJECT environment variable
2024-09-02 13:21:31,478 - ai_service - INFO - File uploaded successfully to GCS: uploads/OlusegunTewogbadeResume.pdf
2024-09-02 13:21:31,479 - app - INFO - File URI: gs://genaiq_cloudbuild/uploads/OlusegunTewogbadeResume.pdf
2024-09-02 13:21:31,479 - app - INFO - Session data after upload: <SecureCookieSession {'file_uri': 'gs://genaiq_cloudbuild/uploads/OlusegunTewogbadeResume.pdf', 'filename': 'OlusegunTewogbadeResume.pdf'}>
2024-09-02 13:21:31,479 - app - INFO - File type is PDF
2024-09-02 13:21:31,479 - app - INFO - File OlusegunTewogbadeResume.pdf removed from local storage
2024-09-02 13:21:31,480 - werkzeug - INFO - 127.0.0.1 - - [02/Sep/2024 13:21:31] "POST /upload HTTP/1.1" 200 -
2024-09-02 13:21:34,611 - app - INFO - Received request to get feedback page
2024-09-02 13:21:34,611 - app - INFO - Session data at feedback page: filename=OlusegunTewogbadeResume.pdf, file_uri=gs://genaiq_cloudbuild/uploads/OlusegunTewogbadeResume.pdf
2024-09-02 13:21:34,611 - app - INFO - Calling AI service to process the file
2024-09-02 13:21:34,618 - google.auth._default - WARNING - No project ID could be determined. Consider running `gcloud config set project` or setting the GOOGLE_CLOUD_PROJECT environment variable
2024-09-02 13:21:34,625 - google.auth._default - WARNING - No project ID could be determined. Consider running `gcloud config set project` or setting the GOOGLE_CLOUD_PROJECT environment variable
2024-09-02 13:21:35,030 - ai_service - INFO - File downloaded successfully from GCS: gs://genaiq_cloudbuild/uploads/OlusegunTewogbadeResume.pdf
2024-09-02 13:21:35,238 - ai_service - INFO - Text extracted successfully from PDF.
2024-09-02 13:21:35,239 - ai_service - INFO - Initializing Vertex AI with the given project ID and location.
2024-09-02 13:21:35,239 - ai_service - INFO - Vertex AI initialized successfully.
2024-09-02 13:21:35,239 - ai_service - INFO - Loading the Vertex AI generative model.
2024-09-02 13:21:35,239 - ai_service - INFO - Preparing the prompt for Vertex AI.
2024-09-02 13:21:35,239 - ai_service - INFO - Creating a Part object from the extracted file text.
2024-09-02 13:21:35,240 - ai_service - INFO - Sending the prompt to Vertex AI for content generation.
2024-09-02 13:21:40,200 - ai_service - INFO - Received response from Vertex AI.
2024-09-02 13:21:40,223 - app - INFO - Analysis result: {'overall_feedback': "Olusegun, your resume showcases a strong foundation in software development with a focus on fintech and AI, which aligns well with many modern tech roles. You've demonstrated a diverse skill set, a clear track record of impactful projects, and leadership abilities. While your resume has a lot of positive aspects, some improvements can further enhance its impact. Let's break down the strengths and areas where we can refine things.", 'feedback_cards': [{'title': 'Summary', 'description': "Your summary is engaging and concise, effectively highlighting your key skills and passions. You've done a great job showcasing your experience with fintech, AI, and mobile app development. However, try adding a specific quantifiable achievement to further amplify your impact.", 'ats_match': '80%', 'recommendations': ["Consider adding a quantifiable achievement to your summary, such as 'Increased customer engagement by 20% through AI chatbot implementation' or 'Reduced development time by 15% by optimizing systems with Java Spring Boot.'"]}, {'title': 'Experience', 'description': 'This is the heart of your resume, and it\'s very impressive! You\'ve provided concrete examples of your work and demonstrated how you\'ve driven value in each role. The bullet points clearly showcase your technical skills and leadership abilities. For instance, the "Led implementation and deployment of eAlert service for OmniBSIC Ghana" example clearly illustrates your project management and technical skills.', 'ats_match': '90%', 'recommendations': ["Consider using more action verbs at the beginning of each bullet point to make your accomplishments stand out. For example, instead of 'Developed and deployed RESTful APIs', try 'Designed and implemented robust RESTful APIs' or 'Led the development and deployment of RESTful APIs.'"]}, {'title': 'Education', 'description': "You've effectively presented your education. However, consider adding a relevant course or project you completed during your studies, which showcases your skills and passion for software development.", 'ats_match': '70%', 'recommendations': ["Consider adding a relevant course or project from your studies. For example, 'Developed a mobile application using Flutter and Firebase for a university project, which incorporated AI features to personalize user experience.'"]}, {'title': 'Skills', 'description': "You've listed a strong set of technical skills. Your knowledge of Java, Python, Flutter, and frameworks like Spring Boot and Flask makes you a valuable candidate for many roles. However, consider organizing these skills into different categories (e.g., Programming Languages, Frameworks & Libraries, Tools & Platforms) to make it easier for recruiters to quickly grasp your capabilities.", 'ats_match': '85%', 'recommendations': ["Organize your skills into categories (e.g., Programming Languages, Frameworks & Libraries, Tools & Platforms). This improves readability and helps recruiters easily find the specific skills they're looking for."]}]}
2024-09-02 13:21:40,229 - werkzeug - INFO - 127.0.0.1 - - [02/Sep/2024 13:21:40] "POST /get_feedback_page HTTP/1.1" 200 -
2024-09-02 13:22:36,853 - app - INFO - Received request to get feedback page
2024-09-02 13:22:36,854 - app - INFO - Session data at feedback page: filename=OlusegunTewogbadeResume.pdf, file_uri=gs://genaiq_cloudbuild/uploads/OlusegunTewogbadeResume.pdf
2024-09-02 13:22:36,854 - app - INFO - Calling AI service to process the file
2024-09-02 13:22:36,860 - google.auth._default - WARNING - No project ID could be determined. Consider running `gcloud config set project` or setting the GOOGLE_CLOUD_PROJECT environment variable
2024-09-02 13:22:36,865 - google.auth._default - WARNING - No project ID could be determined. Consider running `gcloud config set project` or setting the GOOGLE_CLOUD_PROJECT environment variable
2024-09-02 13:22:37,882 - ai_service - INFO - File downloaded successfully from GCS: gs://genaiq_cloudbuild/uploads/OlusegunTewogbadeResume.pdf
2024-09-02 13:22:37,972 - ai_service - INFO - Text extracted successfully from PDF.
2024-09-02 13:22:37,972 - ai_service - INFO - Initializing Vertex AI with the given project ID and location.
2024-09-02 13:22:37,972 - ai_service - INFO - Vertex AI initialized successfully.
2024-09-02 13:22:37,972 - ai_service - INFO - Loading the Vertex AI generative model.
2024-09-02 13:22:37,973 - ai_service - INFO - Preparing the prompt for Vertex AI.
2024-09-02 13:22:37,973 - ai_service - INFO - Creating a Part object from the extracted file text.
2024-09-02 13:22:37,973 - ai_service - INFO - Sending the prompt to Vertex AI for content generation.
2024-09-02 13:22:43,959 - ai_service - INFO - Received response from Vertex AI.
2024-09-02 13:22:43,961 - app - INFO - Analysis result: {'overall_feedback': "Olusegun, your resume is packed with impressive experience and showcases your strong technical skills, particularly in fintech, AI, and mobile app development. You've clearly made significant contributions to a variety of projects and companies, demonstrating your leadership capabilities. However, there's room for improvement in terms of organization and clarity, which could enhance your ATS score and make your achievements even more impactful. Let's work on refining some aspects.", 'feedback_cards': [{'title': 'Summary', 'description': "Your summary is a great start! It's concise, highlights your passion, and showcases your key skills in fintech, AI, and mobile app development.  You mention impactful solutions and real-world problems, which is excellent for demonstrating value. However, consider adding a quantifiable achievement from your experience to make it even stronger.", 'ats_match': '80%', 'recommendations': ["Add a quantifiable achievement from your experience, for example, 'Increased user engagement by X% with a newly developed mobile app' or 'Optimized system performance by Y% through AI integration.'", "Use keywords relevant to your target roles. For example, if you're applying for a Java developer role, consider including specific Java libraries or technologies you've used."]}, {'title': 'Experience', 'description': 'This section is detailed and comprehensive, providing a clear picture of your professional journey. You effectively showcase your contributions to each role, highlighting your diverse skillset and problem-solving abilities. I particularly like how you quantify your achievements (e.g., 70% reduction in response times, 20% increase in performance, etc.). This adds significant weight to your accomplishments.', 'ats_match': '90%', 'recommendations': ['Consider using bullet points to separate your responsibilities and accomplishments within each role. This will make the information easier to read and digest for recruiters.', "For each role, consider starting with a concise summary sentence that highlights the company's industry and your key responsibilities. This will quickly capture the reader's attention."]}, {'title': 'Education', 'description': 'You clearly outline your academic background, demonstrating your relevant computer science degree from Catholic University College. However, consider adding a few keywords or phrases to highlight any academic achievements or projects relevant to your career aspirations. ', 'ats_match': '75%', 'recommendations': ['Highlight any relevant coursework, projects, or extracurricular activities related to fintech, AI, or mobile app development.', 'Consider including any awards, scholarships, or academic honors you received during your studies.']}, {'title': 'Skills', 'description': "This section effectively lists your programming languages, frameworks, and tools. This provides a clear picture of your technical expertise.  However, it could be more impactful by incorporating keywords relevant to the roles you're targeting. ", 'ats_match': '85%', 'recommendations': ['Organize your skills into categories (e.g., Programming Languages, Frameworks, Tools, etc.) to enhance readability.', "Include specific libraries or technologies you've used within each category. For instance, instead of just listing 'Java', list 'Java Spring Boot, Spring Data, Hibernate, etc.'."]}, {'title': 'Additional Information', 'description': 'You have included contact information, your LinkedIn profile, and a list of achievements.  This provides valuable context for recruiters.  Consider organizing the achievements section into a more structured format for better readability.', 'ats_match': '70%', 'recommendations': ['Format your contact information consistently. Ensure your email address is professional and easy to read.', 'Organize your achievements in a bulleted list format,  using clear and concise language to describe each accomplishment.']}]}
2024-09-02 13:22:43,968 - werkzeug - INFO - 127.0.0.1 - - [02/Sep/2024 13:22:43] "POST /get_feedback_page HTTP/1.1" 200 -
2024-09-02 13:23:40,964 - app - INFO - Received request to get feedback page
2024-09-02 13:23:40,964 - app - INFO - Session data at feedback page: filename=OlusegunTewogbadeResume.pdf, file_uri=gs://genaiq_cloudbuild/uploads/OlusegunTewogbadeResume.pdf
2024-09-02 13:23:40,964 - app - INFO - Calling AI service to process the file
2024-09-02 13:23:40,972 - google.auth._default - WARNING - No project ID could be determined. Consider running `gcloud config set project` or setting the GOOGLE_CLOUD_PROJECT environment variable
2024-09-02 13:23:40,978 - google.auth._default - WARNING - No project ID could be determined. Consider running `gcloud config set project` or setting the GOOGLE_CLOUD_PROJECT environment variable
2024-09-02 13:23:41,983 - ai_service - INFO - File downloaded successfully from GCS: gs://genaiq_cloudbuild/uploads/OlusegunTewogbadeResume.pdf
2024-09-02 13:23:42,072 - ai_service - INFO - Text extracted successfully from PDF.
2024-09-02 13:23:42,072 - ai_service - INFO - Initializing Vertex AI with the given project ID and location.
2024-09-02 13:23:42,072 - ai_service - INFO - Vertex AI initialized successfully.
2024-09-02 13:23:42,072 - ai_service - INFO - Loading the Vertex AI generative model.
2024-09-02 13:23:42,072 - ai_service - INFO - Preparing the prompt for Vertex AI.
2024-09-02 13:23:42,073 - ai_service - INFO - Creating a Part object from the extracted file text.
2024-09-02 13:23:42,073 - ai_service - INFO - Sending the prompt to Vertex AI for content generation.
2024-09-02 13:23:47,994 - ai_service - INFO - Received response from Vertex AI.
2024-09-02 13:23:47,995 - app - INFO - Analysis result: {'overall_feedback': 'Olusegun, this is a very strong resume. It showcases your impressive technical skills, experience in multiple areas, and clear passion for software development. The details are well-presented, and your achievements are quantifiable.  While there are a few minor tweaks to consider, the overall structure and content make this a powerful document.', 'feedback_cards': [{'title': 'Contact Information', 'description': 'Your contact information is well-formatted and easy to find. The inclusion of a LinkedIn profile URL is a nice touch.', 'ats_match': '95%', 'recommendations': ['You could consider adding a phone number in a more professional format, like +233-597-790-470. This will make it easier for potential employers to contact you.']}, {'title': 'Summary', 'description': 'This summary is effective! It highlights your passion for fintech, AI, and mobile development, along with your key technical skills. The mention of leading teams and solving real-world problems adds further value.', 'ats_match': '90%', 'recommendations': ['Consider adding a quantifiable achievement to make it even stronger. For example, you could mention a specific project that resulted in a measurable improvement.']}, {'title': 'Experience', 'description': "This is the heart of your resume. You've done a great job showcasing your diverse experience, including specific projects, responsibilities, and achievements. Quantifiable results are particularly impressive, demonstrating your impact and value. This section highlights your experience across various technologies and your ability to lead teams.", 'ats_match': '98%', 'recommendations': ["Consider using bullet points with a consistent format for better readability. For example,  using strong action verbs at the start of each bullet point like 'Developed,' 'Implemented,' 'Led,' etc."]}, {'title': 'Education', 'description': "This section is clear and concise, providing all the essential information.  The inclusion of the University's name and location is helpful.", 'ats_match': '85%', 'recommendations': ['Consider adding any relevant coursework, projects, or honors related to your field to further highlight your academic achievements.']}, {'title': 'Skills', 'description': "You've presented a strong set of skills, including programming languages, frameworks, and tools. This demonstrates your expertise and suitability for a wide range of roles.", 'ats_match': '90%', 'recommendations': ['You could consider grouping your skills into categories (e.g., Programming Languages, Frameworks, Databases) to enhance readability.']}, {'title': 'Awards and Certifications', 'description': "This section is missing. It's a valuable opportunity to showcase any accomplishments or certifications that demonstrate your skills and commitment to professional development. Consider adding any relevant certifications or awards that you may have received, for example: 'Certified Scrum Master' or 'Google Cloud Certified Professional' ", 'ats_match': 'N/A', 'recommendations': ['Add this section to further highlight your skills and professional achievements.']}, {'title': 'Projects', 'description': "This section is missing.  It's a great way to showcase independent work and further demonstrate your technical skills. Consider adding a section with a few projects you've worked on. Provide a brief description of each project, its purpose, technologies used, and the results achieved. ", 'ats_match': 'N/A', 'recommendations': ['Include a dedicated section for your personal projects and highlight your key contributions.']}, {'title': 'Additional Information', 'description': 'This section is missing.  Consider including additional relevant information that strengthens your application, such as your personal interests, volunteer work, or leadership experiences. This can help you stand out from other candidates.', 'ats_match': 'N/A', 'recommendations': ['Add a section for additional information to showcase your well-rounded profile.']}]}
2024-09-02 13:23:48,002 - werkzeug - INFO - 127.0.0.1 - - [02/Sep/2024 13:23:48] "POST /get_feedback_page HTTP/1.1" 200 -
2024-09-02 13:24:56,445 - app - INFO - Received request to get feedback page
2024-09-02 13:24:56,445 - app - INFO - Session data at feedback page: filename=OlusegunTewogbadeResume.pdf, file_uri=gs://genaiq_cloudbuild/uploads/OlusegunTewogbadeResume.pdf
2024-09-02 13:24:56,445 - app - INFO - Calling AI service to process the file
2024-09-02 13:24:56,453 - google.auth._default - WARNING - No project ID could be determined. Consider running `gcloud config set project` or setting the GOOGLE_CLOUD_PROJECT environment variable
2024-09-02 13:24:56,459 - google.auth._default - WARNING - No project ID could be determined. Consider running `gcloud config set project` or setting the GOOGLE_CLOUD_PROJECT environment variable
2024-09-02 13:24:57,413 - ai_service - INFO - File downloaded successfully from GCS: gs://genaiq_cloudbuild/uploads/OlusegunTewogbadeResume.pdf
2024-09-02 13:24:57,508 - ai_service - INFO - Text extracted successfully from PDF.
2024-09-02 13:24:57,509 - ai_service - INFO - Initializing Vertex AI with the given project ID and location.
2024-09-02 13:24:57,509 - ai_service - INFO - Vertex AI initialized successfully.
2024-09-02 13:24:57,509 - ai_service - INFO - Loading the Vertex AI generative model.
2024-09-02 13:24:57,509 - ai_service - INFO - Preparing the prompt for Vertex AI.
2024-09-02 13:24:57,509 - ai_service - INFO - Creating a Part object from the extracted file text.
2024-09-02 13:24:57,509 - ai_service - INFO - Sending the prompt to Vertex AI for content generation.
2024-09-02 13:25:02,661 - ai_service - INFO - Received response from Vertex AI.
2024-09-02 13:25:02,662 - ai_service - ERROR - Failed to parse JSON response: Expecting ',' delimiter: line 1 column 3679 (char 3678)
2024-09-02 13:25:02,664 - app - INFO - Analysis result: {'error': 'Failed to parse JSON response.', 'raw_response': '{"overall_feedback": "Olusegun, your resume showcases a strong technical foundation and a clear passion for software development, particularly in the FinTech and AI domains. You have a diverse set of experiences that demonstrate your ability to tackle complex projects, lead teams, and deliver impactful results. However, there are areas where we can enhance the clarity and impact of your resume to better showcase your strengths to potential employers.", "feedback_cards": [{"title": "Summary", "description": "Your summary is well-written and concisely summarizes your skills and interests. It effectively communicates your passion for FinTech, AI, and mobile development. However, consider adding a specific accomplishment or quantifiable result to further highlight your impact.", "ats_match": 85, "recommendations": ["Consider adding a quantifiable achievement, such as \'Increased app user engagement by X% through AI integration\' or \'Successfully delivered Y projects within budget and timeframe.\'"]}, {"title": "Experience", "description": "This is the heart of your resume, and it\'s where you shine. You\'ve meticulously described your roles and responsibilities, providing specific examples of your accomplishments and the technologies you\'ve utilized. This demonstrates your technical skills, leadership potential, and problem-solving abilities. However, consider streamlining the descriptions to focus on the most impactful achievements and quantify them where possible.", "ats_match": 90, "recommendations": ["Consider using bullet points to emphasize key achievements within each role. For example, instead of \\"Led implementation and deployment of eAlert service for OmniBSIC Ghana,\\" write \\"Led the implementation and deployment of eAlert service for OmniBSIC Ghana, resulting in a 70% reduction in response times through Kafka integration and improved system reliability.\\" This approach makes your accomplishments more impactful and measurable."]}, {"title": "Lead Ambassador I4G CUCG", "description": "This section highlights your leadership experience and involvement in building a developer community. While it showcases your passion for fostering tech growth, it could be further strengthened by quantifying the impact of your efforts.", "ats_match": 75, "recommendations": ["Consider adding details like the number of hackathons or events you organized, the number of participants you engaged, or the specific contributions you made to the I4G community. This will make your achievements more concrete and tangible for recruiters."]}, {"title": "Education", "description": "This section provides the essential information about your academic background. It\'s well-presented and accurately reflects your degree and institution. However, consider adding any relevant coursework or projects that highlight your technical skills or relevant industry experience.", "ats_match": 80, "recommendations": ["Add a brief description of your most relevant coursework or projects. For example, \'Developed a mobile application for X using Y technologies\' or \'Led a team project on Z, utilizing A and B.\'"]}, {"title": "Skills", "description": "You\'ve listed a strong set of technical skills, covering programming languages, frameworks, and tools. This demonstrates your technical proficiency and ability to work with various technologies. However, consider adding a brief description of your expertise in each skill to showcase your level of mastery.", "ats_match": 95, "recommendations": ["Consider adding a brief description of your skills. For example, instead of \'JavaScript,\' you could write \'JavaScript (3 years of experience, proficient in React and Node.js).\']"}]}\n'}
2024-09-02 13:25:02,670 - werkzeug - INFO - 127.0.0.1 - - [02/Sep/2024 13:25:02] "POST /get_feedback_page HTTP/1.1" 200 -
2024-09-02 13:25:30,330 - app - INFO - Starting Flask application
2024-09-02 13:25:30,341 - werkzeug - INFO - [31m[1mWARNING: This is a development server. Do not use it in a production deployment. Use a production WSGI server instead.[0m
 * Running on http://127.0.0.1:5000
2024-09-02 13:25:30,341 - werkzeug - INFO - [33mPress CTRL+C to quit[0m
2024-09-02 13:25:30,342 - werkzeug - INFO -  * Restarting with stat
2024-09-02 13:25:32,578 - app - INFO - Starting Flask application
2024-09-02 13:25:32,587 - werkzeug - WARNING -  * Debugger is active!
2024-09-02 13:25:32,588 - werkzeug - INFO -  * Debugger PIN: 736-784-721
2024-09-02 13:25:35,442 - app - INFO - Rendering index page
2024-09-02 13:25:35,448 - werkzeug - INFO - 127.0.0.1 - - [02/Sep/2024 13:25:35] "GET / HTTP/1.1" 200 -
2024-09-02 13:25:36,233 - werkzeug - INFO - 127.0.0.1 - - [02/Sep/2024 13:25:36] "[36mGET /static/images/oka.jpg HTTP/1.1[0m" 304 -
2024-09-02 13:25:42,104 - app - INFO - Rendering upload resume page
2024-09-02 13:25:42,107 - werkzeug - INFO - 127.0.0.1 - - [02/Sep/2024 13:25:42] "GET /upload_resume_page HTTP/1.1" 200 -
2024-09-02 13:25:54,281 - app - INFO - Received a file upload request
2024-09-02 13:25:54,912 - app - INFO - File OlusegunTewogbadeResume.pdf saved to /home/bishoptewogbade/genaiq/backend/static/uploads/temp_uploads/OlusegunTewogbadeResume.pdf
2024-09-02 13:25:54,927 - google.auth._default - WARNING - No project ID could be determined. Consider running `gcloud config set project` or setting the GOOGLE_CLOUD_PROJECT environment variable
2024-09-02 13:25:54,934 - google.auth._default - WARNING - No project ID could be determined. Consider running `gcloud config set project` or setting the GOOGLE_CLOUD_PROJECT environment variable
2024-09-02 13:25:55,957 - ai_service - INFO - File uploaded successfully to GCS: uploads/OlusegunTewogbadeResume.pdf
2024-09-02 13:25:55,957 - app - INFO - File URI: gs://genaiq_cloudbuild/uploads/OlusegunTewogbadeResume.pdf
2024-09-02 13:25:55,958 - app - INFO - Session data after upload: <SecureCookieSession {'file_uri': 'gs://genaiq_cloudbuild/uploads/OlusegunTewogbadeResume.pdf', 'filename': 'OlusegunTewogbadeResume.pdf'}>
2024-09-02 13:25:55,958 - app - INFO - File type is PDF
2024-09-02 13:25:55,958 - app - INFO - File OlusegunTewogbadeResume.pdf removed from local storage
2024-09-02 13:25:55,959 - werkzeug - INFO - 127.0.0.1 - - [02/Sep/2024 13:25:55] "POST /upload HTTP/1.1" 200 -
2024-09-02 13:25:57,796 - app - INFO - Received request to get feedback page
2024-09-02 13:25:57,797 - app - INFO - Session data at feedback page: filename=OlusegunTewogbadeResume.pdf, file_uri=gs://genaiq_cloudbuild/uploads/OlusegunTewogbadeResume.pdf
2024-09-02 13:25:57,797 - app - INFO - Calling AI service to process the file
2024-09-02 13:25:57,804 - google.auth._default - WARNING - No project ID could be determined. Consider running `gcloud config set project` or setting the GOOGLE_CLOUD_PROJECT environment variable
2024-09-02 13:25:57,810 - google.auth._default - WARNING - No project ID could be determined. Consider running `gcloud config set project` or setting the GOOGLE_CLOUD_PROJECT environment variable
2024-09-02 13:25:58,230 - ai_service - INFO - File downloaded successfully from GCS: gs://genaiq_cloudbuild/uploads/OlusegunTewogbadeResume.pdf
2024-09-02 13:25:58,321 - ai_service - INFO - Text extracted successfully from PDF.
2024-09-02 13:25:58,322 - ai_service - INFO - Initializing Vertex AI with the given project ID and location.
2024-09-02 13:25:58,322 - ai_service - INFO - Vertex AI initialized successfully.
2024-09-02 13:25:58,322 - ai_service - INFO - Loading the Vertex AI generative model.
2024-09-02 13:25:58,323 - ai_service - INFO - Preparing the prompt for Vertex AI.
2024-09-02 13:25:58,323 - ai_service - INFO - Creating a Part object from the extracted file text.
2024-09-02 13:25:58,323 - ai_service - INFO - Sending the prompt to Vertex AI for content generation.
2024-09-02 13:26:05,706 - ai_service - INFO - Received response from Vertex AI.
2024-09-02 13:26:05,709 - app - INFO - Analysis result: {'overall_feedback': "Olusegun has a strong resume that showcases his technical skills and experience as a software developer, particularly in Fintech, AI, and mobile app development. The resume highlights his impressive track record of building and deploying solutions using various technologies. However, there are some areas where improvement can enhance the resume's impact.", 'feedback_cards': [{'title': 'Summary', 'description': "Olusegun's summary effectively captures his passion for software development and highlights his expertise in Fintech, AI, and mobile app development. He mentions his experience with Java Spring Boot, Python Flask, and Flutter, which are valuable skills in the industry. The summary also showcases his problem-solving abilities and commitment to using technology for good.", 'ats_match': '80%', 'recommendations': ['Consider adding specific accomplishments or quantifiable results in the summary. For example, mention the number of projects completed, the impact of solutions deployed, or any significant contributions to his previous roles.', 'Emphasize a key accomplishment or skill that directly aligns with the specific job he is applying for.']}, {'title': 'Experience', 'description': "Olusegun's experience section is well-structured and provides detailed information about his roles at Fasyl Technology Group, Abeyie Innovation Studios, Blue Vision Multimedia, and Ingressive For Good. He demonstrates a strong understanding of various technologies and frameworks, including Java Spring Boot, Python Flask, Flutter, Kafka, Git, Jenkins, and more. He also highlights his leadership skills, project management experience, and contributions to diverse projects, including mobile app development, AI integration, and fintech solutions.", 'ats_match': '90%', 'recommendations': ['Use action verbs to start each bullet point and quantify accomplishments whenever possible. For example, instead of "Developed RESTful APIs", try "Developed and deployed 10 RESTful APIs using Java Spring Boot...".', 'Consider adding specific project names to make the experience section more impactful. For example, "Developed the eAlert service for OmniBSIC Ghana" rather than "Led implementation and deployment of eAlert service for OmniBSIC Ghana."', 'Highlight the technologies used in each project, making it easier for the ATS to scan for relevant keywords.']}, {'title': 'Education', 'description': "Olusegun's education section is concise and clearly states his degree in Computer Science from Catholic University College, Ghana. The dates of attendance are provided, which is helpful for understanding his academic timeline.", 'ats_match': '75%', 'recommendations': ['Consider adding relevant coursework or projects that showcase your technical abilities. For example, mention any relevant thesis work or projects related to AI, Fintech, or mobile development.', 'If you have any relevant certifications or awards related to your field, you can add them to this section as well.']}, {'title': 'Skills', 'description': "Olusegun's skills section effectively lists his programming languages, frameworks, libraries, tools, and platforms. This provides a good overview of his technical abilities. The skills listed are relevant to the software development industry and align with his work experience.", 'ats_match': '85%', 'recommendations': ['Consider using bullet points instead of a list to make the skills section more visually appealing.', 'Group similar skills together for better readability. For example, group all programming languages together, then frameworks, then tools, and so on.']}, {'title': 'Achievements', 'description': "The achievements section, though concise, provides valuable insights into Olusegun's contributions to various initiatives. It demonstrates his leadership qualities, community involvement, and experience in organizing technical events. This section highlights his passion for technology and his ability to inspire others.", 'ats_match': '70%', 'recommendations': ['Expand on the achievements by adding specific details about the initiatives he led, the impact of his actions, and any quantifiable results. For example, mention the number of participants in the hackathons he organized, the specific achievements of the Ingressive For Good developer community, and any awards or recognitions received for his efforts.']}, {'title': 'Overall', 'description': "Olusegun's resume presents a strong foundation, but a few refinements can elevate its effectiveness.  Emphasizing quantifiable accomplishments, focusing on relevant skills, and incorporating strong action verbs can enhance the impact of his resume.  By making these adjustments, Olusegun can ensure his resume effectively showcases his abilities and attracts the attention of potential employers.", 'ats_match': '80%', 'recommendations': ['Tailor the resume to each job application by highlighting the skills and experiences that are most relevant to the specific role.  Use keywords from the job description to increase the ATS match score.', 'Ensure that the resume is formatted consistently, using a professional font and layout. Proofread carefully for any typos or grammatical errors.']}]}
2024-09-02 13:26:05,716 - werkzeug - INFO - 127.0.0.1 - - [02/Sep/2024 13:26:05] "POST /get_feedback_page HTTP/1.1" 200 -
2024-09-02 13:27:41,479 - app - INFO - Received request to get feedback page
2024-09-02 13:27:41,479 - app - INFO - Session data at feedback page: filename=OlusegunTewogbadeResume.pdf, file_uri=gs://genaiq_cloudbuild/uploads/OlusegunTewogbadeResume.pdf
2024-09-02 13:27:41,479 - app - INFO - Calling AI service to process the file
2024-09-02 13:27:41,487 - google.auth._default - WARNING - No project ID could be determined. Consider running `gcloud config set project` or setting the GOOGLE_CLOUD_PROJECT environment variable
2024-09-02 13:27:41,492 - google.auth._default - WARNING - No project ID could be determined. Consider running `gcloud config set project` or setting the GOOGLE_CLOUD_PROJECT environment variable
2024-09-02 13:27:42,487 - ai_service - INFO - File downloaded successfully from GCS: gs://genaiq_cloudbuild/uploads/OlusegunTewogbadeResume.pdf
2024-09-02 13:27:42,699 - ai_service - INFO - Text extracted successfully from PDF.
2024-09-02 13:27:42,700 - ai_service - INFO - Initializing Vertex AI with the given project ID and location.
2024-09-02 13:27:42,700 - ai_service - INFO - Vertex AI initialized successfully.
2024-09-02 13:27:42,700 - ai_service - INFO - Loading the Vertex AI generative model.
2024-09-02 13:27:42,700 - ai_service - INFO - Preparing the prompt for Vertex AI.
2024-09-02 13:27:42,700 - ai_service - INFO - Creating a Part object from the extracted file text.
2024-09-02 13:27:42,701 - ai_service - INFO - Sending the prompt to Vertex AI for content generation.
2024-09-02 13:27:49,011 - ai_service - INFO - Received response from Vertex AI.
2024-09-02 13:27:49,013 - app - INFO - Analysis result: {'overall_feedback': "Olusegun, your resume showcases your strong technical skills and diverse experience in software development. You have a clear passion for fintech, AI, and mobile development, evident through your projects and contributions. However, some sections could be optimized for better ATS scanning and clarity for the reader. Let's make it even more impactful! ", 'feedback_cards': [{'title': 'Contact Information', 'description': 'The contact information is clearly displayed and easily accessible. The LinkedIn link is a nice addition and provides potential employers with an immediate view of your profile.', 'ats_match': '90%', 'recommendations': ['Ensure that the email address is professional and easy to read. Consider adding a personal website or portfolio link if applicable.']}, {'title': 'Summary', 'description': 'Your summary is concise and highlights your key skills and interests.  It effectively communicates your passion for fintech, AI, and mobile development. However, consider adding quantifiable achievements to showcase the impact of your work.', 'ats_match': '80%', 'recommendations': ["Instead of mentioning 'impactful solutions,' try stating how your solutions impacted a project or business. For example, 'Increased user engagement by 20% through AI chatbot implementation.'", 'Add a quantifiable accomplishment to each skill area.']}, {'title': 'Experience', 'description': "This section demonstrates a strong work history and highlights your diverse skillset. You provide specific examples of projects and contributions, which showcase your technical abilities and leadership skills. It's excellent that you quantify your achievements, such as the 70% reduction in response times and 20% increase in performance. ", 'ats_match': '85%', 'recommendations': ["Consider using more action verbs in your descriptions to make your achievements stand out further. For instance, instead of 'developed and deployed RESTful APIs,' say 'Designed and implemented highly scalable RESTful APIs.'", 'Bullet points should ideally be in reverse chronological order.']}, {'title': 'Education', 'description': 'Your educational background is well-presented and includes your degree and institution. ', 'ats_match': '85%', 'recommendations': ['Consider adding relevant coursework or projects that showcase your skills in areas like AI, fintech, or mobile development. ', 'Add a GPA if it is above a 3.0.']}, {'title': 'Skills', 'description': 'The skills section lists a comprehensive set of technical abilities. It demonstrates your proficiency in various programming languages, frameworks, and tools. ', 'ats_match': '90%', 'recommendations': ['Categorize your skills into relevant categories like Programming Languages, Frameworks & Libraries, Databases, and Tools. This makes it easier for recruiters to quickly identify your strengths.']}, {'title': 'Awards and Certifications', 'description': "You haven't included a separate section for awards or certifications. Including relevant certifications would further boost your credibility and demonstrate your commitment to professional development.", 'ats_match': '70%', 'recommendations': ['Add a section for awards, certifications, and relevant training programs.  Include any certifications like AWS, Azure, or industry-specific licenses.']}, {'title': 'Projects', 'description': "While your experience section showcases many projects, a dedicated 'Projects' section allows you to highlight independent projects or personal initiatives. This can be particularly valuable for showcasing your creativity and problem-solving abilities.", 'ats_match': '75%', 'recommendations': ["Add a separate 'Projects' section if you have any personal or side projects that showcase your skills. Include a brief description, technologies used, and any relevant outcomes."]}, {'title': 'Volunteer/Leadership', 'description': "While your leadership experience is mentioned in your experience section, having a dedicated 'Volunteer/Leadership' section can highlight your extracurricular involvement. It shows your willingness to contribute to the community and take initiative.", 'ats_match': '70%', 'recommendations': ['Create a dedicated section for any volunteer work, leadership positions, or community involvement.  This showcases your personality and initiative.']}]}
2024-09-02 13:27:49,020 - werkzeug - INFO - 127.0.0.1 - - [02/Sep/2024 13:27:49] "POST /get_feedback_page HTTP/1.1" 200 -
2024-09-02 13:28:32,397 - werkzeug - INFO -  * Detected change in '/home/bishoptewogbade/genaiq/backend/ai_service.py', reloading
2024-09-02 13:28:32,983 - werkzeug - INFO -  * Restarting with stat
2024-09-02 13:28:35,381 - app - INFO - Starting Flask application
2024-09-02 13:28:35,390 - werkzeug - WARNING -  * Debugger is active!
2024-09-02 13:28:35,391 - werkzeug - INFO -  * Debugger PIN: 736-784-721
2024-09-02 13:28:47,691 - werkzeug - INFO -  * Detected change in '/home/bishoptewogbade/genaiq/backend/ai_service.py', reloading
2024-09-02 13:28:48,271 - werkzeug - INFO -  * Restarting with stat
2024-09-02 13:28:50,577 - app - INFO - Starting Flask application
2024-09-02 13:28:50,586 - werkzeug - WARNING -  * Debugger is active!
2024-09-02 13:28:50,586 - werkzeug - INFO -  * Debugger PIN: 736-784-721
2024-09-02 13:28:53,698 - werkzeug - INFO -  * Detected change in '/home/bishoptewogbade/genaiq/backend/ai_service.py', reloading
2024-09-02 13:28:54,323 - werkzeug - INFO -  * Restarting with stat
2024-09-02 13:28:56,688 - app - INFO - Starting Flask application
2024-09-02 13:28:56,698 - werkzeug - WARNING -  * Debugger is active!
2024-09-02 13:28:56,698 - werkzeug - INFO -  * Debugger PIN: 736-784-721
2024-09-02 13:28:57,760 - werkzeug - INFO -  * Detected change in '/home/bishoptewogbade/genaiq/backend/ai_service.py', reloading
2024-09-02 13:28:58,376 - werkzeug - INFO -  * Restarting with stat
2024-09-02 13:29:05,201 - app - INFO - Starting Flask application
2024-09-02 13:29:05,213 - werkzeug - INFO - [31m[1mWARNING: This is a development server. Do not use it in a production deployment. Use a production WSGI server instead.[0m
 * Running on http://127.0.0.1:5000
2024-09-02 13:29:05,213 - werkzeug - INFO - [33mPress CTRL+C to quit[0m
2024-09-02 13:29:05,214 - werkzeug - INFO -  * Restarting with stat
2024-09-02 13:29:07,501 - app - INFO - Starting Flask application
2024-09-02 13:29:07,509 - werkzeug - WARNING -  * Debugger is active!
2024-09-02 13:29:07,510 - werkzeug - INFO -  * Debugger PIN: 736-784-721
2024-09-02 13:29:14,462 - app - INFO - Rendering index page
2024-09-02 13:29:14,469 - werkzeug - INFO - 127.0.0.1 - - [02/Sep/2024 13:29:14] "GET / HTTP/1.1" 200 -
2024-09-02 13:29:15,287 - werkzeug - INFO - 127.0.0.1 - - [02/Sep/2024 13:29:15] "[36mGET /static/images/oka.jpg HTTP/1.1[0m" 304 -
2024-09-02 13:29:17,697 - app - INFO - Rendering upload resume page
2024-09-02 13:29:17,700 - werkzeug - INFO - 127.0.0.1 - - [02/Sep/2024 13:29:17] "GET /upload_resume_page HTTP/1.1" 200 -
2024-09-02 13:29:26,568 - app - INFO - Received a file upload request
2024-09-02 13:29:26,943 - app - INFO - File Olusegun_Tewogbade.pdf saved to /home/bishoptewogbade/genaiq/backend/static/uploads/temp_uploads/Olusegun_Tewogbade.pdf
2024-09-02 13:29:26,960 - google.auth._default - WARNING - No project ID could be determined. Consider running `gcloud config set project` or setting the GOOGLE_CLOUD_PROJECT environment variable
2024-09-02 13:29:26,967 - google.auth._default - WARNING - No project ID could be determined. Consider running `gcloud config set project` or setting the GOOGLE_CLOUD_PROJECT environment variable
2024-09-02 13:29:27,982 - ai_service - INFO - File uploaded successfully to GCS: uploads/Olusegun_Tewogbade.pdf
2024-09-02 13:29:27,982 - app - INFO - File URI: gs://genaiq_cloudbuild/uploads/Olusegun_Tewogbade.pdf
2024-09-02 13:29:27,982 - app - INFO - Session data after upload: <SecureCookieSession {'file_uri': 'gs://genaiq_cloudbuild/uploads/Olusegun_Tewogbade.pdf', 'filename': 'Olusegun_Tewogbade.pdf'}>
2024-09-02 13:29:27,982 - app - INFO - File type is PDF
2024-09-02 13:29:27,983 - app - INFO - File Olusegun_Tewogbade.pdf removed from local storage
2024-09-02 13:29:27,983 - werkzeug - INFO - 127.0.0.1 - - [02/Sep/2024 13:29:27] "POST /upload HTTP/1.1" 200 -
2024-09-02 13:29:29,379 - app - INFO - Received request to get feedback page
2024-09-02 13:29:29,380 - app - INFO - Session data at feedback page: filename=Olusegun_Tewogbade.pdf, file_uri=gs://genaiq_cloudbuild/uploads/Olusegun_Tewogbade.pdf
2024-09-02 13:29:29,380 - app - INFO - Calling AI service to process the file
2024-09-02 13:29:29,388 - google.auth._default - WARNING - No project ID could be determined. Consider running `gcloud config set project` or setting the GOOGLE_CLOUD_PROJECT environment variable
2024-09-02 13:29:29,395 - google.auth._default - WARNING - No project ID could be determined. Consider running `gcloud config set project` or setting the GOOGLE_CLOUD_PROJECT environment variable
2024-09-02 13:29:30,347 - ai_service - INFO - File downloaded successfully from GCS: gs://genaiq_cloudbuild/uploads/Olusegun_Tewogbade.pdf
2024-09-02 13:29:30,439 - ai_service - INFO - Text extracted successfully from PDF.
2024-09-02 13:29:30,439 - ai_service - INFO - Initializing Vertex AI with the given project ID and location.
2024-09-02 13:29:30,440 - ai_service - INFO - Vertex AI initialized successfully.
2024-09-02 13:29:30,440 - ai_service - INFO - Loading the Vertex AI generative model.
2024-09-02 13:29:30,440 - ai_service - INFO - Preparing the prompt for Vertex AI.
2024-09-02 13:29:30,440 - ai_service - INFO - Creating a Part object from the extracted file text.
2024-09-02 13:29:30,441 - ai_service - INFO - Sending the prompt to Vertex AI for content generation.
2024-09-02 13:29:35,772 - ai_service - INFO - Received response from Vertex AI.
2024-09-02 13:29:35,774 - app - INFO - Analysis result: {'overall_feedback': 'Olusegun, your resume showcases your strong technical skills and diverse experience in software development, particularly in fintech and AI. You have a clear track record of success, but some areas could be enhanced to maximize your impact. Your ATS match score is approximately 75%. ', 'feedback_cards': [{'title': 'Summary', 'description': "The summary effectively highlights your passion for software development and your expertise in fintech, AI, and mobile app development. However, consider quantifying your achievements to demonstrate the impact of your work. For example, instead of stating you 'designed and implemented impactful solutions,' mention a specific project and its outcome.  This will make your skills more tangible to recruiters.", 'ats_match': '70%', 'recommendations': ['Quantify your achievements with specific numbers and results.', "Tailor your summary to the specific job you're applying for.", 'Use keywords relevant to the target job description.']}, {'title': 'Experience', 'description': "You've structured your experience sections well, detailing your responsibilities and accomplishments at each role. Your use of action verbs and specific examples showcases your technical abilities and problem-solving skills. It is impressive how you've consistently delivered tangible results, such as increasing efficiency by 60% with Kafka integration or enhancing user satisfaction by 20% with app troubleshooting.  You demonstrate a clear understanding of the technical landscape and your role in driving innovation.", 'ats_match': '80%', 'recommendations': ['Prioritize the most relevant experience for the targeted job.', 'Consider adding a brief description of each company for context.', 'Ensure consistent formatting for dates and titles across entries.']}, {'title': 'Skills', 'description': "You've listed a comprehensive set of programming languages, frameworks, and tools.  The organization is good, and it's clear you have a wide range of technical skills. However, consider tailoring this section to match the specific requirements of each job application.", 'ats_match': '75%', 'recommendations': ['Prioritize skills relevant to the specific job description.', 'Consider adding specific skills or technologies mentioned in the job posting.', 'Use keywords from the job description in the skills section.']}, {'title': 'Education', 'description': 'You have a well-structured education section, providing the necessary information about your degree and institution. However, consider adding relevant coursework or projects that demonstrate your skills and knowledge.', 'ats_match': '90%', 'recommendations': ['Highlight relevant coursework or projects that showcase your skills.', 'Consider mentioning any academic awards or honors.']}, {'title': 'Overall Resume Feedback', 'description': 'Overall, your resume is well-structured and provides a clear overview of your skills and experience. You have a strong track record of success and a passion for technology that is evident throughout your resume. By incorporating the recommendations above, you can further enhance your resume and increase your chances of securing your dream job.', 'ats_match': '80%', 'recommendations': ['Use a consistent format and style throughout the resume.', 'Proofread carefully for any grammatical errors or typos.', 'Consider using a professional resume template to improve the visual appeal of your resume.']}]}
2024-09-02 13:29:35,781 - werkzeug - INFO - 127.0.0.1 - - [02/Sep/2024 13:29:35] "POST /get_feedback_page HTTP/1.1" 200 -
2024-09-02 13:30:03,774 - werkzeug - INFO -  * Detected change in '/home/bishoptewogbade/genaiq/backend/ai_service.py', reloading
2024-09-02 13:30:04,409 - werkzeug - INFO -  * Restarting with stat
2024-09-02 13:30:06,722 - app - INFO - Starting Flask application
2024-09-02 13:30:06,730 - werkzeug - WARNING -  * Debugger is active!
2024-09-02 13:30:06,731 - werkzeug - INFO -  * Debugger PIN: 736-784-721
2024-09-02 13:30:39,462 - werkzeug - INFO -  * Detected change in '/home/bishoptewogbade/genaiq/backend/ai_service.py', reloading
2024-09-02 13:30:40,094 - werkzeug - INFO -  * Restarting with stat
2024-09-02 13:30:42,353 - app - INFO - Starting Flask application
2024-09-02 13:30:42,361 - werkzeug - WARNING -  * Debugger is active!
2024-09-02 13:30:42,362 - werkzeug - INFO -  * Debugger PIN: 736-784-721
2024-09-02 13:30:43,419 - werkzeug - INFO -  * Detected change in '/home/bishoptewogbade/genaiq/backend/ai_service.py', reloading
2024-09-02 13:30:44,030 - werkzeug - INFO -  * Restarting with stat
2024-09-02 13:30:46,268 - app - INFO - Starting Flask application
2024-09-02 13:30:46,276 - werkzeug - WARNING -  * Debugger is active!
2024-09-02 13:30:46,277 - werkzeug - INFO -  * Debugger PIN: 736-784-721
2024-09-02 13:30:49,383 - werkzeug - INFO -  * Detected change in '/home/bishoptewogbade/genaiq/backend/ai_service.py', reloading
2024-09-02 13:30:49,978 - werkzeug - INFO -  * Restarting with stat
2024-09-02 13:30:52,176 - app - INFO - Starting Flask application
2024-09-02 13:30:52,184 - werkzeug - WARNING -  * Debugger is active!
2024-09-02 13:30:52,184 - werkzeug - INFO -  * Debugger PIN: 736-784-721
2024-09-02 13:30:55,301 - werkzeug - INFO -  * Detected change in '/home/bishoptewogbade/genaiq/backend/ai_service.py', reloading
2024-09-02 13:30:55,926 - werkzeug - INFO -  * Restarting with stat
2024-09-02 13:30:58,250 - app - INFO - Starting Flask application
2024-09-02 13:30:58,260 - werkzeug - WARNING -  * Debugger is active!
2024-09-02 13:30:58,260 - werkzeug - INFO -  * Debugger PIN: 736-784-721
2024-09-02 13:30:59,327 - werkzeug - INFO -  * Detected change in '/home/bishoptewogbade/genaiq/backend/ai_service.py', reloading
2024-09-02 13:30:59,959 - werkzeug - INFO -  * Restarting with stat
2024-09-02 13:31:02,216 - app - INFO - Starting Flask application
2024-09-02 13:31:02,227 - werkzeug - WARNING -  * Debugger is active!
2024-09-02 13:31:02,228 - werkzeug - INFO -  * Debugger PIN: 736-784-721
2024-09-02 13:31:11,429 - app - INFO - Starting Flask application
2024-09-02 13:31:11,440 - werkzeug - INFO - [31m[1mWARNING: This is a development server. Do not use it in a production deployment. Use a production WSGI server instead.[0m
 * Running on http://127.0.0.1:5000
2024-09-02 13:31:11,441 - werkzeug - INFO - [33mPress CTRL+C to quit[0m
2024-09-02 13:31:11,441 - werkzeug - INFO -  * Restarting with stat
2024-09-02 13:31:13,704 - app - INFO - Starting Flask application
2024-09-02 13:31:13,712 - werkzeug - WARNING -  * Debugger is active!
2024-09-02 13:31:13,713 - werkzeug - INFO -  * Debugger PIN: 736-784-721
2024-09-02 13:31:17,729 - app - INFO - Rendering index page
2024-09-02 13:31:17,735 - werkzeug - INFO - 127.0.0.1 - - [02/Sep/2024 13:31:17] "GET / HTTP/1.1" 200 -
2024-09-02 13:31:18,577 - werkzeug - INFO - 127.0.0.1 - - [02/Sep/2024 13:31:18] "[36mGET /static/images/oka.jpg HTTP/1.1[0m" 304 -
2024-09-02 13:31:24,287 - app - INFO - Rendering upload resume page
2024-09-02 13:31:24,290 - werkzeug - INFO - 127.0.0.1 - - [02/Sep/2024 13:31:24] "GET /upload_resume_page HTTP/1.1" 200 -
2024-09-02 13:31:30,398 - app - INFO - Received a file upload request
2024-09-02 13:31:31,528 - app - INFO - File OlusegunTewogbadeResume.pdf saved to /home/bishoptewogbade/genaiq/backend/static/uploads/temp_uploads/OlusegunTewogbadeResume.pdf
2024-09-02 13:31:31,544 - google.auth._default - WARNING - No project ID could be determined. Consider running `gcloud config set project` or setting the GOOGLE_CLOUD_PROJECT environment variable
2024-09-02 13:31:31,551 - google.auth._default - WARNING - No project ID could be determined. Consider running `gcloud config set project` or setting the GOOGLE_CLOUD_PROJECT environment variable
2024-09-02 13:31:32,558 - ai_service - INFO - File uploaded successfully to GCS: uploads/OlusegunTewogbadeResume.pdf
2024-09-02 13:31:32,558 - app - INFO - File URI: gs://genaiq_cloudbuild/uploads/OlusegunTewogbadeResume.pdf
2024-09-02 13:31:32,558 - app - INFO - Session data after upload: <SecureCookieSession {'file_uri': 'gs://genaiq_cloudbuild/uploads/OlusegunTewogbadeResume.pdf', 'filename': 'OlusegunTewogbadeResume.pdf'}>
2024-09-02 13:31:32,559 - app - INFO - File type is PDF
2024-09-02 13:31:32,559 - app - INFO - File OlusegunTewogbadeResume.pdf removed from local storage
2024-09-02 13:31:32,560 - werkzeug - INFO - 127.0.0.1 - - [02/Sep/2024 13:31:32] "POST /upload HTTP/1.1" 200 -
2024-09-02 13:31:33,865 - app - INFO - Received request to get feedback page
2024-09-02 13:31:33,865 - app - INFO - Session data at feedback page: filename=OlusegunTewogbadeResume.pdf, file_uri=gs://genaiq_cloudbuild/uploads/OlusegunTewogbadeResume.pdf
2024-09-02 13:31:33,866 - app - INFO - Calling AI service to process the file
2024-09-02 13:31:33,872 - google.auth._default - WARNING - No project ID could be determined. Consider running `gcloud config set project` or setting the GOOGLE_CLOUD_PROJECT environment variable
2024-09-02 13:31:33,878 - google.auth._default - WARNING - No project ID could be determined. Consider running `gcloud config set project` or setting the GOOGLE_CLOUD_PROJECT environment variable
2024-09-02 13:31:35,257 - ai_service - INFO - File downloaded successfully from GCS: gs://genaiq_cloudbuild/uploads/OlusegunTewogbadeResume.pdf
2024-09-02 13:31:35,349 - ai_service - INFO - Text extracted successfully from PDF.
2024-09-02 13:31:35,349 - ai_service - INFO - Initializing Vertex AI with the given project ID and location.
2024-09-02 13:31:35,349 - ai_service - INFO - Vertex AI initialized successfully.
2024-09-02 13:31:35,349 - ai_service - INFO - Loading the Vertex AI generative model.
2024-09-02 13:31:35,350 - ai_service - INFO - Preparing the prompt for Vertex AI.
2024-09-02 13:31:35,350 - ai_service - INFO - Creating a Part object from the extracted file text.
2024-09-02 13:31:35,350 - ai_service - INFO - Sending the prompt to Vertex AI for content generation.
2024-09-02 13:31:40,896 - ai_service - INFO - Received response from Vertex AI.
2024-09-02 13:31:40,897 - app - INFO - Analysis result: {'overall_feedback': "Olusegun, your resume showcases a strong foundation in software development with a focus on fintech, AI, and mobile app development. You've demonstrated proficiency in various languages and frameworks, and your experience in leading projects and teams is impressive. However, there are opportunities to further enhance the clarity and impact of your resume for optimal ATS and human reader engagement. I recommend focusing on quantifying your achievements with specific metrics and tailoring your resume to the specific job requirements.", 'feedback_cards': [{'ats_match': 75, 'title': 'Summary', 'description': 'The summary effectively highlights your passion for software development and your areas of expertise, particularly fintech, AI, and mobile app development. It mentions your proficiency in key technologies like Java Spring Boot, Python Flask, and Flutter. However, consider adding a compelling statement that showcases your unique value proposition or a key achievement that summarizes your impact.', 'recommendations': ['Consider adding a quantifiable achievement or a specific example of your impact in the field.  For example, you could say, "I have successfully implemented AI solutions that improved efficiency by X% in Y projects." ', 'Tailor this section to the specific job you are applying for by highlighting relevant skills and experience.']}, {'ats_match': 80, 'title': 'Experience', 'description': 'You have a strong track record of experience in software development, demonstrating your ability to work on diverse projects with increasing responsibility. You provide specific details about your roles at Fasyl Technology Group, Abeyie Innovation Studios, and Blue Vision Multimedia, highlighting your contributions to API development, mobile app development, AI integration, and project management. However, consider enhancing the impact of your descriptions by focusing on quantifiable achievements and using action verbs.', 'recommendations': ['Quantify your achievements with metrics whenever possible. For example, instead of saying "Successfully deployed solutions at over 7 banks," consider saying "Successfully deployed solutions at 7 banks, resulting in a Y% increase in efficiency." ', 'Use strong action verbs to start each bullet point, showcasing your proactive approach. For example, instead of "Developed and deployed RESTful APIs," consider "Developed and deployed high-performance RESTful APIs".']}, {'ats_match': 70, 'title': 'Education', 'description': "The education section effectively presents your Bachelor's degree in Computer Science from Catholic University College, Ghana. However, consider adding any relevant coursework or projects that highlight your technical skills and abilities.", 'recommendations': ['Consider adding a relevant coursework or project that showcases your skills and expertise related to your target job. For example, you could mention a project where you implemented a fintech solution using Java Spring Boot or a mobile app development project using Flutter.', 'Include any relevant technical skills or certifications related to your field.']}, {'ats_match': 85, 'title': 'Skills', 'description': 'This section effectively lists your programming languages, frameworks, and tools. However, consider adding a brief description of your proficiency level for each skill and using keywords relevant to the specific job you are applying for.', 'recommendations': ['Consider adding a brief description of your proficiency level for each skill. For example, you could say "Proficient in Java Spring Boot" or "Expert in Python Flask." ', 'Add keywords relevant to the specific job you are applying for. Research common keywords used in the industry and include them in your skills list.']}, {'ats_match': 65, 'title': 'Lead Ambassador I4G CUCG', 'description': 'This section provides valuable information about your leadership experience and your involvement in the tech community. However, it could be more impactful by quantifying your achievements and highlighting the skills you developed during your time as Lead Campus Ambassador.', 'recommendations': ['Consider adding quantifiable achievements, such as the number of events organized or the number of students mentored. ', 'Highlight the specific skills you developed, such as leadership, communication, event planning, or community building.']}]}
2024-09-02 13:31:40,904 - werkzeug - INFO - 127.0.0.1 - - [02/Sep/2024 13:31:40] "POST /get_feedback_page HTTP/1.1" 200 -
2024-09-02 13:35:57,434 - app - INFO - Starting Flask application
2024-09-02 13:35:57,444 - werkzeug - INFO - [31m[1mWARNING: This is a development server. Do not use it in a production deployment. Use a production WSGI server instead.[0m
 * Running on http://127.0.0.1:5000
2024-09-02 13:35:57,445 - werkzeug - INFO - [33mPress CTRL+C to quit[0m
2024-09-02 13:35:57,445 - werkzeug - INFO -  * Restarting with stat
2024-09-02 13:35:59,655 - app - INFO - Starting Flask application
2024-09-02 13:35:59,665 - werkzeug - WARNING -  * Debugger is active!
2024-09-02 13:35:59,666 - werkzeug - INFO -  * Debugger PIN: 736-784-721
2024-09-02 13:36:08,212 - app - INFO - Rendering index page
2024-09-02 13:36:08,218 - werkzeug - INFO - 127.0.0.1 - - [02/Sep/2024 13:36:08] "GET / HTTP/1.1" 200 -
2024-09-02 13:36:08,986 - werkzeug - INFO - 127.0.0.1 - - [02/Sep/2024 13:36:08] "[36mGET /static/images/oka.jpg HTTP/1.1[0m" 304 -
2024-09-02 13:36:12,945 - app - INFO - Rendering upload resume page
2024-09-02 13:36:12,948 - werkzeug - INFO - 127.0.0.1 - - [02/Sep/2024 13:36:12] "GET /upload_resume_page HTTP/1.1" 200 -
2024-09-02 13:36:21,345 - app - INFO - Received a file upload request
2024-09-02 13:36:22,072 - app - INFO - File OlusegunTewogbadeResume.pdf saved to /home/bishoptewogbade/genaiq/backend/static/uploads/temp_uploads/OlusegunTewogbadeResume.pdf
2024-09-02 13:36:22,087 - google.auth._default - WARNING - No project ID could be determined. Consider running `gcloud config set project` or setting the GOOGLE_CLOUD_PROJECT environment variable
2024-09-02 13:36:22,093 - google.auth._default - WARNING - No project ID could be determined. Consider running `gcloud config set project` or setting the GOOGLE_CLOUD_PROJECT environment variable
2024-09-02 13:36:23,119 - ai_service - INFO - File uploaded successfully to GCS: uploads/OlusegunTewogbadeResume.pdf
2024-09-02 13:36:23,120 - app - INFO - File URI: gs://genaiq_cloudbuild/uploads/OlusegunTewogbadeResume.pdf
2024-09-02 13:36:23,120 - app - INFO - Session data after upload: <SecureCookieSession {'file_uri': 'gs://genaiq_cloudbuild/uploads/OlusegunTewogbadeResume.pdf', 'filename': 'OlusegunTewogbadeResume.pdf'}>
2024-09-02 13:36:23,120 - app - INFO - File type is PDF
2024-09-02 13:36:23,120 - app - INFO - File OlusegunTewogbadeResume.pdf removed from local storage
2024-09-02 13:36:23,121 - werkzeug - INFO - 127.0.0.1 - - [02/Sep/2024 13:36:23] "POST /upload HTTP/1.1" 200 -
2024-09-02 13:36:25,086 - app - INFO - Received request to get feedback page
2024-09-02 13:36:25,086 - app - INFO - Session data at feedback page: filename=OlusegunTewogbadeResume.pdf, file_uri=gs://genaiq_cloudbuild/uploads/OlusegunTewogbadeResume.pdf
2024-09-02 13:36:25,087 - app - INFO - Calling AI service to process the file
2024-09-02 13:36:25,095 - google.auth._default - WARNING - No project ID could be determined. Consider running `gcloud config set project` or setting the GOOGLE_CLOUD_PROJECT environment variable
2024-09-02 13:36:25,101 - google.auth._default - WARNING - No project ID could be determined. Consider running `gcloud config set project` or setting the GOOGLE_CLOUD_PROJECT environment variable
2024-09-02 13:36:26,059 - ai_service - INFO - File downloaded successfully from GCS: gs://genaiq_cloudbuild/uploads/OlusegunTewogbadeResume.pdf
2024-09-02 13:36:26,151 - ai_service - INFO - Text extracted successfully from PDF.
2024-09-02 13:36:26,151 - ai_service - INFO - Initializing Vertex AI with the given project ID and location.
2024-09-02 13:36:26,151 - ai_service - INFO - Vertex AI initialized successfully.
2024-09-02 13:36:26,151 - ai_service - INFO - Loading the Vertex AI generative model.
2024-09-02 13:36:26,152 - ai_service - INFO - Preparing the prompt for Vertex AI.
2024-09-02 13:36:26,152 - ai_service - INFO - Creating a Part object from the extracted file text.
2024-09-02 13:36:26,152 - ai_service - INFO - Sending the prompt to Vertex AI for content generation.
2024-09-02 13:36:30,764 - ai_service - INFO - Received response from Vertex AI.
2024-09-02 13:36:30,766 - app - INFO - Analysis result: {'overall_feedback': 'Olusegun, this resume showcases a strong foundation in software development, particularly in backend technologies and fintech. Your experience with Java Spring Boot, Python Flask, and Flutter is impressive. The detailed descriptions of your projects and accomplishments effectively highlight your technical skills and problem-solving abilities. However,  the resume could be strengthened by better tailoring it to specific job applications, using keywords strategically, and refining its overall presentation.', 'feedback_cards': [{'ats_match': 75, 'title': 'Summary', 'description': "The summary provides a good overview of Olusegun's skills and interests. It's engaging and highlights key areas like fintech, AI, and mobile development.  However, it could be further improved by quantifying achievements and focusing on what Olusegun can offer the company.", 'recommendations': ['Consider adding specific metrics to quantify your achievements (e.g., "Increased API performance by 20%").', 'Tailor the summary to the specific job description, highlighting skills and experience relevant to the role.', 'Replace vague terms like "impactful solutions" with concrete examples.']}, {'ats_match': 85, 'title': 'Experience', 'description': "Olusegun's experience section is detailed and informative.  You've done a good job of highlighting your roles, responsibilities, and achievements.  The descriptions are clear and demonstrate your technical proficiency in various areas.  The inclusion of specific projects like the eAlert service and the Agricultural Development Bank mobile app is beneficial.", 'recommendations': ['Consider using action verbs at the beginning of each bullet point to make the descriptions more impactful.', 'Quantify your achievements whenever possible (e.g., "Reduced processing time by 40%").', "Focus on the most relevant experience for the job you're applying for and tailor the descriptions accordingly."]}, {'ats_match': 65, 'title': 'Education', 'description': 'The education section is well-organized, but it could be enhanced by providing more context.  Including relevant coursework or projects might be beneficial for showcasing specific technical skills.', 'recommendations': ['Consider adding a brief description of your coursework or projects that align with the skills required for the job.', 'If you have any relevant certifications or awards, include them in this section.']}, {'ats_match': 70, 'title': 'Skills', 'description': "Olusegun's skills section showcases a diverse range of programming languages, frameworks, and tools.  However, it would be more impactful to group them into categories to make them easier to read and scan by ATS systems.", 'recommendations': ['Organize the skills into categories like "Programming Languages", "Frameworks & Libraries", "Tools & Platforms", etc.', 'Highlight skills that are most relevant to the specific job application.']}]}
2024-09-02 13:36:30,773 - werkzeug - INFO - 127.0.0.1 - - [02/Sep/2024 13:36:30] "POST /get_feedback_page HTTP/1.1" 200 -
2024-09-02 13:41:24,163 - app - INFO - Received a file upload request
2024-09-02 13:41:24,596 - app - INFO - File OlusegunTewogbadeResume.pdf saved to /home/bishoptewogbade/genaiq/backend/static/uploads/temp_uploads/OlusegunTewogbadeResume.pdf
2024-09-02 13:41:24,604 - google.auth._default - WARNING - No project ID could be determined. Consider running `gcloud config set project` or setting the GOOGLE_CLOUD_PROJECT environment variable
2024-09-02 13:41:24,610 - google.auth._default - WARNING - No project ID could be determined. Consider running `gcloud config set project` or setting the GOOGLE_CLOUD_PROJECT environment variable
2024-09-02 13:41:25,624 - ai_service - INFO - File uploaded successfully to GCS: uploads/OlusegunTewogbadeResume.pdf
2024-09-02 13:41:25,625 - app - INFO - File URI: gs://genaiq_cloudbuild/uploads/OlusegunTewogbadeResume.pdf
2024-09-02 13:41:25,625 - app - INFO - Session data after upload: <SecureCookieSession {'file_uri': 'gs://genaiq_cloudbuild/uploads/OlusegunTewogbadeResume.pdf', 'filename': 'OlusegunTewogbadeResume.pdf'}>
2024-09-02 13:41:25,625 - app - INFO - File type is PDF
2024-09-02 13:41:25,625 - app - INFO - File OlusegunTewogbadeResume.pdf removed from local storage
2024-09-02 13:41:25,626 - werkzeug - INFO - 127.0.0.1 - - [02/Sep/2024 13:41:25] "POST /upload HTTP/1.1" 200 -
2024-09-02 13:41:26,699 - app - INFO - Received request to get feedback page
2024-09-02 13:41:26,699 - app - INFO - Session data at feedback page: filename=OlusegunTewogbadeResume.pdf, file_uri=gs://genaiq_cloudbuild/uploads/OlusegunTewogbadeResume.pdf
2024-09-02 13:41:26,699 - app - INFO - Calling AI service to process the file
2024-09-02 13:41:26,706 - google.auth._default - WARNING - No project ID could be determined. Consider running `gcloud config set project` or setting the GOOGLE_CLOUD_PROJECT environment variable
2024-09-02 13:41:26,712 - google.auth._default - WARNING - No project ID could be determined. Consider running `gcloud config set project` or setting the GOOGLE_CLOUD_PROJECT environment variable
2024-09-02 13:41:27,677 - ai_service - INFO - File downloaded successfully from GCS: gs://genaiq_cloudbuild/uploads/OlusegunTewogbadeResume.pdf
2024-09-02 13:41:27,891 - ai_service - INFO - Text extracted successfully from PDF.
2024-09-02 13:41:27,891 - ai_service - INFO - Initializing Vertex AI with the given project ID and location.
2024-09-02 13:41:27,891 - ai_service - INFO - Vertex AI initialized successfully.
2024-09-02 13:41:27,891 - ai_service - INFO - Loading the Vertex AI generative model.
2024-09-02 13:41:27,891 - ai_service - INFO - Preparing the prompt for Vertex AI.
2024-09-02 13:41:27,891 - ai_service - INFO - Creating a Part object from the extracted file text.
2024-09-02 13:41:27,892 - ai_service - INFO - Sending the prompt to Vertex AI for content generation.
2024-09-02 13:41:32,779 - ai_service - INFO - Received response from Vertex AI.
2024-09-02 13:41:32,781 - app - INFO - Analysis result: {'overall_feedback': "Olusegun's resume showcases strong technical skills and a passion for software development, particularly in the fintech and AI spaces.  However, there are some areas for improvement that could make it even more impactful for employers.  With a few tweaks, it will definitely stand out.", 'feedback_cards': [{'ats_match': 75, 'title': 'Summary', 'description': "Olusegun's summary is well-written and highlights his key skills and areas of expertise. It's concise and captures attention. However, I'd recommend adding a quantifiable achievement or two to further demonstrate impact.", 'recommendations': ["Consider adding a specific achievement, like 'Developed a mobile app that led to a [percentage]% increase in user engagement' or 'Implemented AI solutions that resulted in [percentage]% cost savings.'", 'You could also mention a specific technology or project that you are particularly passionate about.']}, {'ats_match': 90, 'title': 'Experience', 'description': "This is the strongest section of your resume. It provides a detailed and engaging account of your professional experience. You've effectively highlighted your key accomplishments and contributions.  It's clear that you have a strong track record of success. However, some sections could be more concise.", 'recommendations': ['Consider using bullet points for your responsibilities under each role to make it easier for the reader to quickly grasp the key takeaways.', "Condense the 'Lead Ambassador I4G CUCG' section as it's not as directly relevant to your current career path."]}, {'ats_match': 80, 'title': 'Education', 'description': 'Your education section is well-presented. However, it could benefit from further detail. ', 'recommendations': ['Consider adding a relevant coursework or project that highlights your skills and experience.', 'You could also include any relevant awards or honors you received during your academic career.']}, {'ats_match': 85, 'title': 'Skills', 'description': "You've listed a wide range of valuable skills. However, you can make this section even more impactful.", 'recommendations': ['Consider grouping skills by category (e.g., Programming Languages, Frameworks and Libraries, Tools and Platforms).', "Highlight any specific skills that are particularly relevant to the job you're applying for."]}, {'ats_match': 65, 'title': 'Additional Information', 'description': "The addition of the 'Which of your achievements match the job you're applying to?' section is not recommended. It's better to focus on providing a clear and concise resume.", 'recommendations': ["Remove the 'Which of your achievements match the job you're applying to?' section. It's not necessary and can be distracting for the reader."]}, {'ats_match': 85, 'title': 'Overall ATS Match', 'description': "Overall, Olusegun's resume has a strong ATS match percentage. However, by implementing the recommendations, you can further enhance its visibility and attract more attention from potential employers. ", 'recommendations': ['Use a resume builder or ATS optimization tool to ensure your resume is formatted correctly and uses the right keywords.']}]}
2024-09-02 13:41:32,787 - werkzeug - INFO - 127.0.0.1 - - [02/Sep/2024 13:41:32] "POST /get_feedback_page HTTP/1.1" 200 -
2024-09-02 13:46:34,228 - app - INFO - Received a file upload request
2024-09-02 13:46:34,997 - app - INFO - File OlusegunTewogbadeResume.pdf saved to /home/bishoptewogbade/genaiq/backend/static/uploads/temp_uploads/OlusegunTewogbadeResume.pdf
2024-09-02 13:46:35,004 - google.auth._default - WARNING - No project ID could be determined. Consider running `gcloud config set project` or setting the GOOGLE_CLOUD_PROJECT environment variable
2024-09-02 13:46:35,010 - google.auth._default - WARNING - No project ID could be determined. Consider running `gcloud config set project` or setting the GOOGLE_CLOUD_PROJECT environment variable
2024-09-02 13:46:36,048 - ai_service - INFO - File uploaded successfully to GCS: uploads/OlusegunTewogbadeResume.pdf
2024-09-02 13:46:36,048 - app - INFO - File URI: gs://genaiq_cloudbuild/uploads/OlusegunTewogbadeResume.pdf
2024-09-02 13:46:36,048 - app - INFO - Session data after upload: <SecureCookieSession {'file_uri': 'gs://genaiq_cloudbuild/uploads/OlusegunTewogbadeResume.pdf', 'filename': 'OlusegunTewogbadeResume.pdf'}>
2024-09-02 13:46:36,049 - app - INFO - File type is PDF
2024-09-02 13:46:36,049 - app - INFO - File OlusegunTewogbadeResume.pdf removed from local storage
2024-09-02 13:46:36,050 - werkzeug - INFO - 127.0.0.1 - - [02/Sep/2024 13:46:36] "POST /upload HTTP/1.1" 200 -
2024-09-02 13:46:37,442 - app - INFO - Received request to get feedback page
2024-09-02 13:46:37,442 - app - INFO - Session data at feedback page: filename=OlusegunTewogbadeResume.pdf, file_uri=gs://genaiq_cloudbuild/uploads/OlusegunTewogbadeResume.pdf
2024-09-02 13:46:37,442 - app - INFO - Calling AI service to process the file
2024-09-02 13:46:37,449 - google.auth._default - WARNING - No project ID could be determined. Consider running `gcloud config set project` or setting the GOOGLE_CLOUD_PROJECT environment variable
2024-09-02 13:46:37,454 - google.auth._default - WARNING - No project ID could be determined. Consider running `gcloud config set project` or setting the GOOGLE_CLOUD_PROJECT environment variable
2024-09-02 13:46:38,417 - ai_service - INFO - File downloaded successfully from GCS: gs://genaiq_cloudbuild/uploads/OlusegunTewogbadeResume.pdf
2024-09-02 13:46:38,505 - ai_service - INFO - Text extracted successfully from PDF.
2024-09-02 13:46:38,506 - ai_service - INFO - Initializing Vertex AI with the given project ID and location.
2024-09-02 13:46:38,506 - ai_service - INFO - Vertex AI initialized successfully.
2024-09-02 13:46:38,506 - ai_service - INFO - Loading the Vertex AI generative model.
2024-09-02 13:46:38,506 - ai_service - INFO - Preparing the prompt for Vertex AI.
2024-09-02 13:46:38,506 - ai_service - INFO - Creating a Part object from the extracted file text.
2024-09-02 13:46:38,506 - ai_service - INFO - Sending the prompt to Vertex AI for content generation.
2024-09-02 13:46:45,154 - ai_service - INFO - Received response from Vertex AI.
2024-09-02 13:46:45,156 - app - INFO - Analysis result: {'overall_feedback': "Olusegun's resume demonstrates a strong foundation in software development with a focus on fintech and AI. He has a diverse experience working in various roles, from consultant programmer to partner/CTO, showcasing his ability to adapt and learn.  He has an impressive track record of leading projects, implementing solutions, and integrating AI, proving his technical skills and leadership qualities. However, some areas require attention to enhance the overall impact and clarity of his resume. ", 'feedback_cards': [{'ats_match': 70, 'title': 'Summary', 'description': "The summary effectively highlights Olusegun's passion for software development and his expertise in fintech, AI, and mobile app development. It also mentions his leadership experience and commitment to solving real-world problems. However, it can be improved by quantifying achievements and using stronger action verbs. For example, instead of saying 'I've designed and implemented impactful solutions', it could be 'Designed and implemented impactful solutions, resulting in [quantifiable result]'.", 'recommendations': ['Quantify achievements with specific metrics or numbers wherever possible.', 'Replace generic terms with strong action verbs that showcase accomplishments.', 'Consider tailoring the summary to align with the specific job description you are applying for.']}, {'ats_match': 85, 'title': 'Experience', 'description': "Olusegun's experience section provides a detailed overview of his roles and responsibilities, demonstrating his technical skills, leadership abilities, and problem-solving skills. He clearly articulates his accomplishments, showcasing the positive impact he made in each role. The use of bullet points makes the information easily digestible.  However, the descriptions can be more concise and focused on showcasing quantifiable results. ", 'recommendations': ['Prioritize the most relevant achievements and responsibilities for each role.', 'Emphasize measurable results using numbers, percentages, or specific metrics.', 'Streamline descriptions by using concise language and action verbs.', "Consider adding a 'Key Accomplishments' section at the end of each job description to highlight major achievements."]}, {'ats_match': 90, 'title': 'Skills', 'description': 'Olusegun lists a variety of technical skills, demonstrating his proficiency in various programming languages, frameworks, tools, and platforms. The skills listed are relevant to the software development industry and align well with the technologies he mentions in his experience. However, he can further improve this section by adding some relevant soft skills such as communication, teamwork, and problem-solving.', 'recommendations': ['Categorize the skills for easier readability (e.g., Programming Languages, Frameworks & Libraries, Tools & Platforms).', 'Include relevant soft skills that are essential for software development, such as communication, problem-solving, teamwork, and time management.', 'Consider highlighting skills that are particularly relevant to the specific job you are applying for.']}, {'ats_match': 75, 'title': 'Education', 'description': 'Olusegun includes his educational background, which provides context for his technical skills and knowledge. However, he can further enhance this section by adding any relevant coursework, projects, or extracurricular activities that demonstrate his passion for computer science and software development.', 'recommendations': ['Consider adding a brief description of any relevant coursework, projects, or research experience.', 'Highlight any academic awards or honors received.', 'If applicable, mention any relevant extracurricular activities that demonstrate your technical skills or leadership abilities.']}, {'ats_match': 80, 'title': 'Additional Information', 'description': "Olusegun's additional information section demonstrates his commitment to the tech community by highlighting his role as a Lead Campus Ambassador for Ingressive For Good.  However, he should consider adding other relevant information like certifications or professional memberships to further demonstrate his commitment to professional development and learning.", 'recommendations': ['Add relevant certifications or professional memberships to demonstrate your commitment to professional development.', 'Consider including any volunteer work or community involvement that showcases your leadership skills and commitment to giving back.', 'Highlight any relevant projects or initiatives that you have spearheaded or participated in.']}, {'ats_match': 65, 'title': 'Formatting', 'description': "The resume's formatting is generally clean and easy to read.  However, there are some formatting inconsistencies that could be improved. ", 'recommendations': ['Ensure consistent formatting for headings, bullet points, and spacing throughout the resume.', 'Use a professional font that is easy to read.', 'Consider using a resume template to ensure consistency and professionalism.']}]}
2024-09-02 13:46:45,163 - werkzeug - INFO - 127.0.0.1 - - [02/Sep/2024 13:46:45] "POST /get_feedback_page HTTP/1.1" 200 -
2024-09-02 13:50:52,739 - app - INFO - Received a file upload request
2024-09-02 13:50:53,161 - app - INFO - File OlusegunTewogbadeResume.pdf saved to /home/bishoptewogbade/genaiq/backend/static/uploads/temp_uploads/OlusegunTewogbadeResume.pdf
2024-09-02 13:50:53,169 - google.auth._default - WARNING - No project ID could be determined. Consider running `gcloud config set project` or setting the GOOGLE_CLOUD_PROJECT environment variable
2024-09-02 13:50:53,175 - google.auth._default - WARNING - No project ID could be determined. Consider running `gcloud config set project` or setting the GOOGLE_CLOUD_PROJECT environment variable
2024-09-02 13:50:54,102 - ai_service - INFO - File uploaded successfully to GCS: uploads/OlusegunTewogbadeResume.pdf
2024-09-02 13:50:54,102 - app - INFO - File URI: gs://genaiq_cloudbuild/uploads/OlusegunTewogbadeResume.pdf
2024-09-02 13:50:54,103 - app - INFO - Session data after upload: <SecureCookieSession {'file_uri': 'gs://genaiq_cloudbuild/uploads/OlusegunTewogbadeResume.pdf', 'filename': 'OlusegunTewogbadeResume.pdf'}>
2024-09-02 13:50:54,103 - app - INFO - File type is PDF
2024-09-02 13:50:54,103 - app - INFO - File OlusegunTewogbadeResume.pdf removed from local storage
2024-09-02 13:50:54,104 - werkzeug - INFO - 127.0.0.1 - - [02/Sep/2024 13:50:54] "POST /upload HTTP/1.1" 200 -
2024-09-02 13:50:55,274 - app - INFO - Received request to get feedback page
2024-09-02 13:50:55,274 - app - INFO - Session data at feedback page: filename=OlusegunTewogbadeResume.pdf, file_uri=gs://genaiq_cloudbuild/uploads/OlusegunTewogbadeResume.pdf
2024-09-02 13:50:55,274 - app - INFO - Calling AI service to process the file
2024-09-02 13:50:55,281 - google.auth._default - WARNING - No project ID could be determined. Consider running `gcloud config set project` or setting the GOOGLE_CLOUD_PROJECT environment variable
2024-09-02 13:50:55,286 - google.auth._default - WARNING - No project ID could be determined. Consider running `gcloud config set project` or setting the GOOGLE_CLOUD_PROJECT environment variable
2024-09-02 13:50:56,255 - ai_service - INFO - File downloaded successfully from GCS: gs://genaiq_cloudbuild/uploads/OlusegunTewogbadeResume.pdf
2024-09-02 13:50:56,344 - ai_service - INFO - Text extracted successfully from PDF.
2024-09-02 13:50:56,345 - ai_service - INFO - Initializing Vertex AI with the given project ID and location.
2024-09-02 13:50:56,345 - ai_service - INFO - Vertex AI initialized successfully.
2024-09-02 13:50:56,345 - ai_service - INFO - Loading the Vertex AI generative model.
2024-09-02 13:50:56,345 - ai_service - INFO - Preparing the prompt for Vertex AI.
2024-09-02 13:50:56,345 - ai_service - INFO - Creating a Part object from the extracted file text.
2024-09-02 13:50:56,346 - ai_service - INFO - Sending the prompt to Vertex AI for content generation.
2024-09-02 13:51:03,181 - ai_service - INFO - Received response from Vertex AI.
2024-09-02 13:51:03,182 - ai_service - ERROR - Failed to parse JSON response: Expecting ',' delimiter: line 1 column 4681 (char 4680)
2024-09-02 13:51:03,184 - app - INFO - Analysis result: {'error': 'Failed to parse JSON response.', 'raw_response': '{"overall_feedback": "Olusegun, your resume showcases a strong foundation in software development, particularly in the fintech and AI domains. You have a diverse portfolio of projects and experiences, demonstrating your versatility and technical skills. However, some sections could be more tailored to specific job applications, and the resume could benefit from a more concise and impactful format.  \\n\\nOverall, you have a strong profile, and with some adjustments, your resume will be even more effective in capturing the attention of potential employers.", "feedback_cards": [{"ats_match": "75%", "title": "Summary", "description": "Your summary effectively highlights your passion for software development and your key areas of expertise. It mentions your experience with Java Spring Boot, Python Flask, and Flutter, which are popular frameworks in the industry. However, you could make it more impactful by quantifying your accomplishments and using action verbs to showcase your impact. For example, instead of saying \\"I\'m dedicated to solving real-world problems,\\" you could say \\"Successfully developed and deployed solutions that improved efficiency by X% and reduced costs by Y%.\\"", "recommendations": ["Quantify your achievements in the summary to highlight your impact. \\nUse strong action verbs to emphasize your skills and accomplishments. \\nTailor the summary to the specific job you are applying for, focusing on the skills and experiences most relevant to the role."]}, {"ats_match": "80%", "title": "Experience", "description": "This section demonstrates a breadth of experiences across various companies and roles, highlighting your diverse skillset. The descriptions are detailed and provide specific examples of your work.  However, they could be more concise and focused on quantifiable results.  \\n\\nYou demonstrate strong technical skills, including experience with Java Spring Boot, Python Flask, Flutter, APIs, Databases (Oracle), and AI.  Your leadership in project refactoring, integration of AI, and training/support demonstrates valuable soft skills.  \\n\\nThe bullet points are a bit lengthy and could benefit from a more concise and results-oriented approach. For example, instead of saying \\"Developed and deployed RESTful APIs...\\", you could say \\"Developed and deployed RESTful APIs for 7 banks, enabling them to extend product offerings and integrate with ACH and CTS systems, resulting in a X% increase in revenue.\\" \\n\\nYour involvement in building an AI chatbot for educating students on racial issues demonstrates your commitment to social responsibility, which is a valuable asset in today\'s job market.", "recommendations": ["Prioritize quantifiable results in each bullet point to demonstrate your impact. \\nUse bullet points with concise and impactful language. \\nConsider using a consistent format for bullet points to improve readability. \\nFor each experience, highlight the most relevant skills and achievements for the target job."]}, {"ats_match": "90%", "title": "Skills", "description": "You have a strong list of technical skills, including programming languages, frameworks, and tools.  The inclusion of both hard skills and soft skills (version control, documentation, training) is beneficial.   The skills section is well-organized and easy to read, allowing recruiters to quickly identify your qualifications.", "recommendations": ["Consider grouping skills into categories (e.g., Programming Languages, Frameworks, Tools, Soft Skills) to improve readability. \\nIf you have a large number of skills, consider listing the most relevant skills for each job application."]}, {"ats_match": "70%", "title": "Education", "description": "You have included your university degree, which is a relevant credential for most software development roles.  However, you could enhance this section by adding specific coursework or projects that demonstrate your technical abilities.", "recommendations": ["Consider adding relevant coursework or projects that showcase your technical skills and knowledge. \\nIf you have any certifications or relevant training programs, include them in this section."]}, {"ats_match": "65%", "title": "Lead Ambassador I4G CUCG", "description": "This section demonstrates your leadership and community involvement. However, it could be improved by adding specific achievements or outcomes of your work.  For example, \\"Organized hackathons that attracted X number of participants and resulted in Y projects.\\" ", "recommendations": ["Quantify your accomplishments and highlight the impact of your leadership role. \\nFocus on achievements that demonstrate your technical skills and leadership qualities."}\n]}\n'}
2024-09-02 13:51:03,191 - werkzeug - INFO - 127.0.0.1 - - [02/Sep/2024 13:51:03] "POST /get_feedback_page HTTP/1.1" 200 -
2024-09-02 13:51:22,304 - app - INFO - Starting Flask application
2024-09-02 13:51:22,316 - werkzeug - INFO - [31m[1mWARNING: This is a development server. Do not use it in a production deployment. Use a production WSGI server instead.[0m
 * Running on http://127.0.0.1:5000
2024-09-02 13:51:22,316 - werkzeug - INFO - [33mPress CTRL+C to quit[0m
2024-09-02 13:51:22,317 - werkzeug - INFO -  * Restarting with stat
2024-09-02 13:51:24,544 - app - INFO - Starting Flask application
2024-09-02 13:51:24,553 - werkzeug - WARNING -  * Debugger is active!
2024-09-02 13:51:24,554 - werkzeug - INFO -  * Debugger PIN: 736-784-721
2024-09-02 13:51:27,204 - app - INFO - Rendering index page
2024-09-02 13:51:27,211 - werkzeug - INFO - 127.0.0.1 - - [02/Sep/2024 13:51:27] "GET / HTTP/1.1" 200 -
2024-09-02 13:51:27,966 - werkzeug - INFO - 127.0.0.1 - - [02/Sep/2024 13:51:27] "[36mGET /static/images/oka.jpg HTTP/1.1[0m" 304 -
2024-09-02 13:51:30,078 - app - INFO - Rendering upload resume page
2024-09-02 13:51:30,081 - werkzeug - INFO - 127.0.0.1 - - [02/Sep/2024 13:51:30] "GET /upload_resume_page HTTP/1.1" 200 -
2024-09-02 13:51:38,975 - app - INFO - Received a file upload request
2024-09-02 13:51:39,583 - app - INFO - File OlusegunTewogbadeResume.pdf saved to /home/bishoptewogbade/genaiq/backend/static/uploads/temp_uploads/OlusegunTewogbadeResume.pdf
2024-09-02 13:51:39,597 - google.auth._default - WARNING - No project ID could be determined. Consider running `gcloud config set project` or setting the GOOGLE_CLOUD_PROJECT environment variable
2024-09-02 13:51:39,604 - google.auth._default - WARNING - No project ID could be determined. Consider running `gcloud config set project` or setting the GOOGLE_CLOUD_PROJECT environment variable
2024-09-02 13:51:40,648 - ai_service - INFO - File uploaded successfully to GCS: uploads/OlusegunTewogbadeResume.pdf
2024-09-02 13:51:40,649 - app - INFO - File URI: gs://genaiq_cloudbuild/uploads/OlusegunTewogbadeResume.pdf
2024-09-02 13:51:40,649 - app - INFO - Session data after upload: <SecureCookieSession {'file_uri': 'gs://genaiq_cloudbuild/uploads/OlusegunTewogbadeResume.pdf', 'filename': 'OlusegunTewogbadeResume.pdf'}>
2024-09-02 13:51:40,649 - app - INFO - File type is PDF
2024-09-02 13:51:40,649 - app - INFO - File OlusegunTewogbadeResume.pdf removed from local storage
2024-09-02 13:51:40,650 - werkzeug - INFO - 127.0.0.1 - - [02/Sep/2024 13:51:40] "POST /upload HTTP/1.1" 200 -
2024-09-02 13:51:42,072 - app - INFO - Received request to get feedback page
2024-09-02 13:51:42,072 - app - INFO - Session data at feedback page: filename=OlusegunTewogbadeResume.pdf, file_uri=gs://genaiq_cloudbuild/uploads/OlusegunTewogbadeResume.pdf
2024-09-02 13:51:42,072 - app - INFO - Calling AI service to process the file
2024-09-02 13:51:42,079 - google.auth._default - WARNING - No project ID could be determined. Consider running `gcloud config set project` or setting the GOOGLE_CLOUD_PROJECT environment variable
2024-09-02 13:51:42,085 - google.auth._default - WARNING - No project ID could be determined. Consider running `gcloud config set project` or setting the GOOGLE_CLOUD_PROJECT environment variable
2024-09-02 13:51:43,045 - ai_service - INFO - File downloaded successfully from GCS: gs://genaiq_cloudbuild/uploads/OlusegunTewogbadeResume.pdf
2024-09-02 13:51:43,138 - ai_service - INFO - Text extracted successfully from PDF.
2024-09-02 13:51:43,138 - ai_service - INFO - Initializing Vertex AI with the given project ID and location.
2024-09-02 13:51:43,138 - ai_service - INFO - Vertex AI initialized successfully.
2024-09-02 13:51:43,139 - ai_service - INFO - Loading the Vertex AI generative model.
2024-09-02 13:51:43,139 - ai_service - INFO - Preparing the prompt for Vertex AI.
2024-09-02 13:51:43,139 - ai_service - INFO - Creating a Part object from the extracted file text.
2024-09-02 13:51:43,139 - ai_service - INFO - Sending the prompt to Vertex AI for content generation.
2024-09-02 13:51:49,190 - ai_service - INFO - Received response from Vertex AI.
2024-09-02 13:51:49,192 - app - INFO - Analysis result: {'overall_feedback': "Olusegun's resume showcases a strong foundation in software development with a clear focus on fintech, AI, and mobile app development. He's demonstrated impressive experience in building impactful solutions, leading teams, optimizing systems, and integrating AI. The resume effectively highlights Olusegun's skills and achievements. However, some improvements can be made to further enhance its impact. ", 'feedback_cards': [{'ats_match': 85, 'title': 'Summary', 'description': "Olusegun's summary effectively captures his passion for software development and his key skills. He mentions specific technologies like Java Spring Boot, Python Flask, and Flutter, which are relevant to his target roles. However, it could be strengthened by quantifying some of his achievements. For instance, instead of saying 'designed and implemented impactful solutions', he could mention the impact of his work in terms of increased efficiency, reduced costs, or improved user satisfaction.", 'recommendations': ["Quantify your achievements in the summary. Instead of saying 'impactful solutions,' describe the impact using metrics like percentage increase in efficiency or reduced costs. ", 'Consider adding a specific career goal to give the reader a clearer understanding of your aspirations.']}, {'ats_match': 90, 'title': 'Experience', 'description': "The experience section is well-structured and provides a good overview of Olusegun's work history. He effectively describes his roles and responsibilities at each company, showcasing his technical proficiency and project management skills. The use of bullet points makes the information easily digestible.  Olusegun demonstrates a clear understanding of the value he brings to each employer.  He quantifies some achievements, such as the 70% reduction in response times and the 20% increase in performance. However, there is room to further strengthen the impact of his achievements.", 'recommendations': ["Further quantify your achievements in the Experience section. For example, instead of saying 'Led the refactoring of source code,' provide details about the improvements in performance, scalability, or efficiency.  ", 'Elaborate on the specific AI chatbots you developed and their impact on client engagement.  ', 'Highlight the specific business challenges you addressed for clients, and quantify the results you achieved.']}, {'ats_match': 80, 'title': 'Education', 'description': "Olusegun's education section is concise and clearly presents his degree. However, it could be enhanced by adding relevant coursework or projects that demonstrate his technical skills and knowledge.", 'recommendations': ['Consider including relevant coursework or projects that demonstrate your technical skills and knowledge, such as developing a specific application or solving a complex programming problem.', 'If you have any relevant certifications, such as Java or Python certifications, you can include them here.']}, {'ats_match': 90, 'title': 'Skills', 'description': "The skills section is well-organized and lists a variety of technical skills relevant to Olusegun's target roles. He lists programming languages, frameworks, libraries, and tools.  This is a strong section.", 'recommendations': ["Consider adding a few more skills that are specific to your target roles. For example, if you're applying for a role that requires data analysis, you could include data analysis skills like SQL, Python libraries (Pandas, NumPy), and data visualization tools like Tableau or Power BI."]}, {'ats_match': 75, 'title': 'Contact Information', 'description': 'The contact information is well-formatted.  However, it is too lengthy.  There is too much information at the top of the resume.  ', 'recommendations': ['You should edit your contact information at the top and only list your name, phone number, and email.  A link to your LinkedIn profile is good to include, but this information could be moved to the footer of the resume.  You should limit the contact information to the very top of the page.  Also, remove any unnecessary formatting such as bolding or extra spacing.  This is distracting to the reader.']}]}
2024-09-02 13:51:49,199 - werkzeug - INFO - 127.0.0.1 - - [02/Sep/2024 13:51:49] "POST /get_feedback_page HTTP/1.1" 200 -
2024-09-02 13:54:09,062 - werkzeug - INFO -  * Detected change in '/home/bishoptewogbade/genaiq/backend/app.py', reloading
2024-09-02 13:54:09,682 - werkzeug - INFO -  * Restarting with stat
2024-09-02 13:54:11,923 - app - INFO - Starting Flask application
2024-09-02 13:54:11,931 - werkzeug - WARNING -  * Debugger is active!
2024-09-02 13:54:11,932 - werkzeug - INFO -  * Debugger PIN: 736-784-721
2024-09-02 13:54:16,064 - werkzeug - INFO -  * Detected change in '/home/bishoptewogbade/genaiq/backend/app.py', reloading
2024-09-02 13:54:16,682 - werkzeug - INFO -  * Restarting with stat
2024-09-02 13:54:18,879 - app - INFO - Starting Flask application
2024-09-02 13:54:18,887 - werkzeug - WARNING -  * Debugger is active!
2024-09-02 13:54:18,887 - werkzeug - INFO -  * Debugger PIN: 736-784-721
2024-09-02 13:54:20,965 - werkzeug - INFO -  * Detected change in '/home/bishoptewogbade/genaiq/backend/app.py', reloading
2024-09-02 13:54:21,575 - werkzeug - INFO -  * Restarting with stat
2024-09-02 13:54:23,874 - app - INFO - Starting Flask application
2024-09-02 13:54:23,883 - werkzeug - WARNING -  * Debugger is active!
2024-09-02 13:54:23,883 - werkzeug - INFO -  * Debugger PIN: 736-784-721
2024-09-02 13:54:33,132 - werkzeug - INFO -  * Detected change in '/home/bishoptewogbade/genaiq/backend/app.py', reloading
2024-09-02 13:54:33,754 - werkzeug - INFO -  * Restarting with stat
2024-09-02 13:55:51,173 - app - INFO - Starting Flask application
2024-09-02 13:55:51,184 - werkzeug - INFO - [31m[1mWARNING: This is a development server. Do not use it in a production deployment. Use a production WSGI server instead.[0m
 * Running on http://127.0.0.1:5000
2024-09-02 13:55:51,185 - werkzeug - INFO - [33mPress CTRL+C to quit[0m
2024-09-02 13:55:51,185 - werkzeug - INFO -  * Restarting with stat
2024-09-02 13:55:53,383 - app - INFO - Starting Flask application
2024-09-02 13:55:53,392 - werkzeug - WARNING -  * Debugger is active!
2024-09-02 13:55:53,392 - werkzeug - INFO -  * Debugger PIN: 736-784-721
2024-09-02 13:55:56,175 - app - INFO - Rendering index page
2024-09-02 13:55:56,181 - werkzeug - INFO - 127.0.0.1 - - [02/Sep/2024 13:55:56] "GET / HTTP/1.1" 200 -
2024-09-02 13:55:57,048 - werkzeug - INFO - 127.0.0.1 - - [02/Sep/2024 13:55:57] "[36mGET /static/images/oka.jpg HTTP/1.1[0m" 304 -
2024-09-02 13:55:59,652 - app - INFO - Rendering upload resume page
2024-09-02 13:55:59,654 - werkzeug - INFO - 127.0.0.1 - - [02/Sep/2024 13:55:59] "GET /upload_resume_page HTTP/1.1" 200 -
2024-09-02 13:56:08,817 - app - INFO - Received a file upload request
2024-09-02 13:56:09,416 - app - INFO - File Olusegun_Tewogbade.pdf saved to /home/bishoptewogbade/genaiq/backend/static/uploads/temp_uploads/Olusegun_Tewogbade.pdf
2024-09-02 13:56:09,431 - google.auth._default - WARNING - No project ID could be determined. Consider running `gcloud config set project` or setting the GOOGLE_CLOUD_PROJECT environment variable
2024-09-02 13:56:09,437 - google.auth._default - WARNING - No project ID could be determined. Consider running `gcloud config set project` or setting the GOOGLE_CLOUD_PROJECT environment variable
2024-09-02 13:56:10,449 - ai_service - INFO - File uploaded successfully to GCS: uploads/Olusegun_Tewogbade.pdf
2024-09-02 13:56:10,449 - app - INFO - File URI: gs://genaiq_cloudbuild/uploads/Olusegun_Tewogbade.pdf
2024-09-02 13:56:10,449 - app - INFO - Session data after upload: <SecureCookieSession {'file_uri': 'gs://genaiq_cloudbuild/uploads/Olusegun_Tewogbade.pdf', 'filename': 'Olusegun_Tewogbade.pdf'}>
2024-09-02 13:56:10,449 - app - INFO - File type is PDF
2024-09-02 13:56:10,450 - app - INFO - File Olusegun_Tewogbade.pdf removed from local storage
2024-09-02 13:56:10,451 - werkzeug - INFO - 127.0.0.1 - - [02/Sep/2024 13:56:10] "POST /upload HTTP/1.1" 200 -
2024-09-02 13:56:11,328 - app - INFO - Received request to get feedback page
2024-09-02 13:56:11,329 - app - INFO - Session data at feedback page: filename=Olusegun_Tewogbade.pdf, file_uri=gs://genaiq_cloudbuild/uploads/Olusegun_Tewogbade.pdf
2024-09-02 13:56:11,329 - app - INFO - Calling AI service to process the file
2024-09-02 13:56:11,329 - app - ERROR - Error calling AI service: call_vertex_ai_test() takes 0 positional arguments but 1 was given
2024-09-02 13:56:11,329 - werkzeug - INFO - 127.0.0.1 - - [02/Sep/2024 13:56:11] "[35m[1mPOST /get_feedback_page HTTP/1.1[0m" 500 -
2024-09-02 13:56:25,106 - werkzeug - INFO -  * Detected change in '/home/bishoptewogbade/genaiq/backend/app.py', reloading
2024-09-02 13:56:25,704 - werkzeug - INFO -  * Restarting with stat
2024-09-02 13:56:27,877 - app - INFO - Starting Flask application
2024-09-02 13:56:27,885 - werkzeug - WARNING -  * Debugger is active!
2024-09-02 13:56:27,886 - werkzeug - INFO -  * Debugger PIN: 736-784-721
2024-09-02 13:56:29,685 - app - INFO - Received a file upload request
2024-09-02 13:56:30,197 - app - INFO - File Olusegun_Tewogbade.pdf saved to /home/bishoptewogbade/genaiq/backend/static/uploads/temp_uploads/Olusegun_Tewogbade.pdf
2024-09-02 13:56:30,211 - google.auth._default - WARNING - No project ID could be determined. Consider running `gcloud config set project` or setting the GOOGLE_CLOUD_PROJECT environment variable
2024-09-02 13:56:30,218 - google.auth._default - WARNING - No project ID could be determined. Consider running `gcloud config set project` or setting the GOOGLE_CLOUD_PROJECT environment variable
2024-09-02 13:56:31,292 - ai_service - INFO - File uploaded successfully to GCS: uploads/Olusegun_Tewogbade.pdf
2024-09-02 13:56:31,292 - app - INFO - File URI: gs://genaiq_cloudbuild/uploads/Olusegun_Tewogbade.pdf
2024-09-02 13:56:31,293 - app - INFO - Session data after upload: <SecureCookieSession {'file_uri': 'gs://genaiq_cloudbuild/uploads/Olusegun_Tewogbade.pdf', 'filename': 'Olusegun_Tewogbade.pdf'}>
2024-09-02 13:56:31,293 - app - INFO - File type is PDF
2024-09-02 13:56:31,293 - app - INFO - File Olusegun_Tewogbade.pdf removed from local storage
2024-09-02 13:56:31,294 - werkzeug - INFO - 127.0.0.1 - - [02/Sep/2024 13:56:31] "POST /upload HTTP/1.1" 200 -
2024-09-02 13:56:32,400 - app - INFO - Received request to get feedback page
2024-09-02 13:56:32,400 - app - INFO - Session data at feedback page: filename=Olusegun_Tewogbade.pdf, file_uri=gs://genaiq_cloudbuild/uploads/Olusegun_Tewogbade.pdf
2024-09-02 13:56:32,400 - app - INFO - Calling AI service to process the file
2024-09-02 13:56:32,401 - app - INFO - Analysis result: {'overall_feedback': 'Sample overall feedback from AI.', 'feedback_cards': [{'title': 'Summary', 'description': 'Sample description for Summary.', 'ats_match': '80%', 'recommendations': ['Recommendation 1 for Summary', 'Recommendation 2 for Summary']}, {'title': 'Experience', 'description': 'Sample description for Experience.', 'recommendations': ['Recommendation 1 for Experience', 'Recommendation 2 for Experience']}, {'title': 'Education', 'description': 'Sample description for Education.', 'recommendations': ['Recommendation 1 for Education', 'Recommendation 2 for Education']}, {'title': 'Skills', 'description': 'Sample description for Skills.', 'recommendations': ['Recommendation 1 for Skills', 'Recommendation 2 for Skills']}]}
2024-09-02 13:56:32,409 - werkzeug - INFO - 127.0.0.1 - - [02/Sep/2024 13:56:32] "POST /get_feedback_page HTTP/1.1" 200 -
2024-09-02 13:59:58,009 - app - INFO - Starting Flask application
2024-09-02 13:59:58,021 - werkzeug - INFO - [31m[1mWARNING: This is a development server. Do not use it in a production deployment. Use a production WSGI server instead.[0m
 * Running on http://127.0.0.1:5000
2024-09-02 13:59:58,021 - werkzeug - INFO - [33mPress CTRL+C to quit[0m
2024-09-02 13:59:58,022 - werkzeug - INFO -  * Restarting with stat
2024-09-02 14:00:00,338 - app - INFO - Starting Flask application
2024-09-02 14:00:00,347 - werkzeug - WARNING -  * Debugger is active!
2024-09-02 14:00:00,348 - werkzeug - INFO -  * Debugger PIN: 736-784-721
2024-09-02 14:00:03,585 - app - INFO - Rendering index page
2024-09-02 14:00:03,591 - werkzeug - INFO - 127.0.0.1 - - [02/Sep/2024 14:00:03] "GET / HTTP/1.1" 200 -
2024-09-02 14:00:04,464 - werkzeug - INFO - 127.0.0.1 - - [02/Sep/2024 14:00:04] "[36mGET /static/images/oka.jpg HTTP/1.1[0m" 304 -
2024-09-02 14:00:08,610 - app - INFO - Rendering upload resume page
2024-09-02 14:00:08,612 - werkzeug - INFO - 127.0.0.1 - - [02/Sep/2024 14:00:08] "GET /upload_resume_page HTTP/1.1" 200 -
2024-09-02 14:00:15,659 - app - INFO - Received a file upload request
2024-09-02 14:00:16,165 - app - INFO - File OlusegunTewogbadeResume.pdf saved to /home/bishoptewogbade/genaiq/backend/static/uploads/temp_uploads/OlusegunTewogbadeResume.pdf
2024-09-02 14:00:16,180 - google.auth._default - WARNING - No project ID could be determined. Consider running `gcloud config set project` or setting the GOOGLE_CLOUD_PROJECT environment variable
2024-09-02 14:00:16,186 - google.auth._default - WARNING - No project ID could be determined. Consider running `gcloud config set project` or setting the GOOGLE_CLOUD_PROJECT environment variable
2024-09-02 14:00:17,221 - ai_service - INFO - File uploaded successfully to GCS: uploads/OlusegunTewogbadeResume.pdf
2024-09-02 14:00:17,221 - app - INFO - File URI: gs://genaiq_cloudbuild/uploads/OlusegunTewogbadeResume.pdf
2024-09-02 14:00:17,221 - app - INFO - Session data after upload: <SecureCookieSession {'file_uri': 'gs://genaiq_cloudbuild/uploads/OlusegunTewogbadeResume.pdf', 'filename': 'OlusegunTewogbadeResume.pdf'}>
2024-09-02 14:00:17,222 - app - INFO - File type is PDF
2024-09-02 14:00:17,222 - app - INFO - File OlusegunTewogbadeResume.pdf removed from local storage
2024-09-02 14:00:17,223 - werkzeug - INFO - 127.0.0.1 - - [02/Sep/2024 14:00:17] "POST /upload HTTP/1.1" 200 -
2024-09-02 14:00:18,378 - app - INFO - Received request to get feedback page
2024-09-02 14:00:18,379 - app - INFO - Session data at feedback page: filename=OlusegunTewogbadeResume.pdf, file_uri=gs://genaiq_cloudbuild/uploads/OlusegunTewogbadeResume.pdf
2024-09-02 14:00:18,379 - app - INFO - Calling AI service to process the file
2024-09-02 14:00:18,379 - app - INFO - Analysis result: {'overall_feedback': 'Sample overall feedback from AI.', 'feedback_cards': [{'title': 'Summary', 'description': 'Sample description for Summary.', 'ats_match': '80%', 'recommendations': ['Recommendation 1 for Summary', 'Recommendation 2 for Summary']}, {'title': 'Experience', 'description': 'Sample description for Experience.', 'recommendations': ['Recommendation 1 for Experience', 'Recommendation 2 for Experience']}, {'title': 'Education', 'description': 'Sample description for Education.', 'recommendations': ['Recommendation 1 for Education', 'Recommendation 2 for Education']}, {'title': 'Skills', 'description': 'Sample description for Skills.', 'recommendations': ['Recommendation 1 for Skills', 'Recommendation 2 for Skills']}]}
2024-09-02 14:00:18,387 - werkzeug - INFO - 127.0.0.1 - - [02/Sep/2024 14:00:18] "POST /get_feedback_page HTTP/1.1" 200 -
2024-09-02 14:08:22,209 - app - INFO - Received request to get feedback page
2024-09-02 14:08:22,210 - app - INFO - Session data at feedback page: filename=OlusegunTewogbadeResume.pdf, file_uri=gs://genaiq_cloudbuild/uploads/OlusegunTewogbadeResume.pdf
2024-09-02 14:08:22,210 - app - INFO - Calling AI service to process the file
2024-09-02 14:08:22,210 - app - INFO - Analysis result: {'overall_feedback': 'Sample overall feedback from AI.', 'feedback_cards': [{'title': 'Summary', 'description': 'Sample description for Summary.', 'ats_match': '80%', 'recommendations': ['Recommendation 1 for Summary', 'Recommendation 2 for Summary']}, {'title': 'Experience', 'description': 'Sample description for Experience.', 'recommendations': ['Recommendation 1 for Experience', 'Recommendation 2 for Experience']}, {'title': 'Education', 'description': 'Sample description for Education.', 'recommendations': ['Recommendation 1 for Education', 'Recommendation 2 for Education']}, {'title': 'Skills', 'description': 'Sample description for Skills.', 'recommendations': ['Recommendation 1 for Skills', 'Recommendation 2 for Skills']}]}
2024-09-02 14:08:22,217 - werkzeug - INFO - 127.0.0.1 - - [02/Sep/2024 14:08:22] "POST /get_feedback_page HTTP/1.1" 200 -
2024-09-02 14:10:48,666 - app - INFO - Received request to get feedback page
2024-09-02 14:10:48,667 - app - INFO - Session data at feedback page: filename=OlusegunTewogbadeResume.pdf, file_uri=gs://genaiq_cloudbuild/uploads/OlusegunTewogbadeResume.pdf
2024-09-02 14:10:48,667 - app - INFO - Calling AI service to process the file
2024-09-02 14:10:48,667 - app - INFO - Analysis result: {'overall_feedback': 'Sample overall feedback from AI.', 'feedback_cards': [{'title': 'Summary', 'description': 'Sample description for Summary.', 'ats_match': '80%', 'recommendations': ['Recommendation 1 for Summary', 'Recommendation 2 for Summary']}, {'title': 'Experience', 'description': 'Sample description for Experience.', 'recommendations': ['Recommendation 1 for Experience', 'Recommendation 2 for Experience']}, {'title': 'Education', 'description': 'Sample description for Education.', 'recommendations': ['Recommendation 1 for Education', 'Recommendation 2 for Education']}, {'title': 'Skills', 'description': 'Sample description for Skills.', 'recommendations': ['Recommendation 1 for Skills', 'Recommendation 2 for Skills']}]}
2024-09-02 14:10:48,674 - werkzeug - INFO - 127.0.0.1 - - [02/Sep/2024 14:10:48] "POST /get_feedback_page HTTP/1.1" 200 -
2024-09-02 14:13:41,668 - app - INFO - Received request to get feedback page
2024-09-02 14:13:41,669 - app - INFO - Session data at feedback page: filename=OlusegunTewogbadeResume.pdf, file_uri=gs://genaiq_cloudbuild/uploads/OlusegunTewogbadeResume.pdf
2024-09-02 14:13:41,669 - app - INFO - Calling AI service to process the file
2024-09-02 14:13:41,669 - app - INFO - Analysis result: {'overall_feedback': 'Sample overall feedback from AI.', 'feedback_cards': [{'title': 'Summary', 'description': 'Sample description for Summary.', 'ats_match': '80%', 'recommendations': ['Recommendation 1 for Summary', 'Recommendation 2 for Summary']}, {'title': 'Experience', 'description': 'Sample description for Experience.', 'recommendations': ['Recommendation 1 for Experience', 'Recommendation 2 for Experience']}, {'title': 'Education', 'description': 'Sample description for Education.', 'recommendations': ['Recommendation 1 for Education', 'Recommendation 2 for Education']}, {'title': 'Skills', 'description': 'Sample description for Skills.', 'recommendations': ['Recommendation 1 for Skills', 'Recommendation 2 for Skills']}]}
2024-09-02 14:13:41,676 - werkzeug - INFO - 127.0.0.1 - - [02/Sep/2024 14:13:41] "POST /get_feedback_page HTTP/1.1" 200 -
2024-09-02 14:15:22,963 - app - INFO - Received request to get feedback page
2024-09-02 14:15:22,964 - app - INFO - Session data at feedback page: filename=OlusegunTewogbadeResume.pdf, file_uri=gs://genaiq_cloudbuild/uploads/OlusegunTewogbadeResume.pdf
2024-09-02 14:15:22,964 - app - INFO - Calling AI service to process the file
2024-09-02 14:15:22,964 - app - INFO - Analysis result: {'overall_feedback': 'Sample overall feedback from AI.', 'feedback_cards': [{'title': 'Summary', 'description': 'Sample description for Summary.', 'ats_match': '80%', 'recommendations': ['Recommendation 1 for Summary', 'Recommendation 2 for Summary']}, {'title': 'Experience', 'description': 'Sample description for Experience.', 'recommendations': ['Recommendation 1 for Experience', 'Recommendation 2 for Experience']}, {'title': 'Education', 'description': 'Sample description for Education.', 'recommendations': ['Recommendation 1 for Education', 'Recommendation 2 for Education']}, {'title': 'Skills', 'description': 'Sample description for Skills.', 'recommendations': ['Recommendation 1 for Skills', 'Recommendation 2 for Skills']}]}
2024-09-02 14:15:22,971 - werkzeug - INFO - 127.0.0.1 - - [02/Sep/2024 14:15:22] "POST /get_feedback_page HTTP/1.1" 200 -
2024-09-02 14:18:41,560 - app - INFO - Received request to get feedback page
2024-09-02 14:18:41,560 - app - INFO - Session data at feedback page: filename=OlusegunTewogbadeResume.pdf, file_uri=gs://genaiq_cloudbuild/uploads/OlusegunTewogbadeResume.pdf
2024-09-02 14:18:41,560 - app - INFO - Calling AI service to process the file
2024-09-02 14:18:41,560 - app - INFO - Analysis result: {'overall_feedback': 'Sample overall feedback from AI.', 'feedback_cards': [{'title': 'Summary', 'description': 'Sample description for Summary.', 'ats_match': '80%', 'recommendations': ['Recommendation 1 for Summary', 'Recommendation 2 for Summary']}, {'title': 'Experience', 'description': 'Sample description for Experience.', 'recommendations': ['Recommendation 1 for Experience', 'Recommendation 2 for Experience']}, {'title': 'Education', 'description': 'Sample description for Education.', 'recommendations': ['Recommendation 1 for Education', 'Recommendation 2 for Education']}, {'title': 'Skills', 'description': 'Sample description for Skills.', 'recommendations': ['Recommendation 1 for Skills', 'Recommendation 2 for Skills']}]}
2024-09-02 14:18:41,567 - werkzeug - INFO - 127.0.0.1 - - [02/Sep/2024 14:18:41] "POST /get_feedback_page HTTP/1.1" 200 -
2024-09-02 14:20:02,792 - app - INFO - Received request to get feedback page
2024-09-02 14:20:02,792 - app - INFO - Session data at feedback page: filename=OlusegunTewogbadeResume.pdf, file_uri=gs://genaiq_cloudbuild/uploads/OlusegunTewogbadeResume.pdf
2024-09-02 14:20:02,792 - app - INFO - Calling AI service to process the file
2024-09-02 14:20:02,792 - app - INFO - Analysis result: {'overall_feedback': 'Sample overall feedback from AI.', 'feedback_cards': [{'title': 'Summary', 'description': 'Sample description for Summary.', 'ats_match': '80%', 'recommendations': ['Recommendation 1 for Summary', 'Recommendation 2 for Summary']}, {'title': 'Experience', 'description': 'Sample description for Experience.', 'recommendations': ['Recommendation 1 for Experience', 'Recommendation 2 for Experience']}, {'title': 'Education', 'description': 'Sample description for Education.', 'recommendations': ['Recommendation 1 for Education', 'Recommendation 2 for Education']}, {'title': 'Skills', 'description': 'Sample description for Skills.', 'recommendations': ['Recommendation 1 for Skills', 'Recommendation 2 for Skills']}]}
2024-09-02 14:20:02,800 - werkzeug - INFO - 127.0.0.1 - - [02/Sep/2024 14:20:02] "POST /get_feedback_page HTTP/1.1" 200 -
2024-09-02 14:21:11,821 - app - INFO - Received request to get feedback page
2024-09-02 14:21:11,821 - app - INFO - Session data at feedback page: filename=OlusegunTewogbadeResume.pdf, file_uri=gs://genaiq_cloudbuild/uploads/OlusegunTewogbadeResume.pdf
2024-09-02 14:21:11,821 - app - INFO - Calling AI service to process the file
2024-09-02 14:21:11,821 - app - INFO - Analysis result: {'overall_feedback': 'Sample overall feedback from AI.', 'feedback_cards': [{'title': 'Summary', 'description': 'Sample description for Summary.', 'ats_match': '80%', 'recommendations': ['Recommendation 1 for Summary', 'Recommendation 2 for Summary']}, {'title': 'Experience', 'description': 'Sample description for Experience.', 'recommendations': ['Recommendation 1 for Experience', 'Recommendation 2 for Experience']}, {'title': 'Education', 'description': 'Sample description for Education.', 'recommendations': ['Recommendation 1 for Education', 'Recommendation 2 for Education']}, {'title': 'Skills', 'description': 'Sample description for Skills.', 'recommendations': ['Recommendation 1 for Skills', 'Recommendation 2 for Skills']}]}
2024-09-02 14:21:11,828 - werkzeug - INFO - 127.0.0.1 - - [02/Sep/2024 14:21:11] "POST /get_feedback_page HTTP/1.1" 200 -
2024-09-02 14:21:38,810 - werkzeug - INFO -  * Detected change in '/home/bishoptewogbade/genaiq/backend/app.py', reloading
2024-09-02 14:21:39,415 - werkzeug - INFO -  * Restarting with stat
2024-09-02 14:21:41,688 - app - INFO - Starting Flask application
2024-09-02 14:21:41,696 - werkzeug - WARNING -  * Debugger is active!
2024-09-02 14:21:41,697 - werkzeug - INFO -  * Debugger PIN: 736-784-721
2024-09-02 14:21:46,722 - app - INFO - Starting Flask application
2024-09-02 14:21:46,733 - werkzeug - INFO - [31m[1mWARNING: This is a development server. Do not use it in a production deployment. Use a production WSGI server instead.[0m
 * Running on http://127.0.0.1:5000
2024-09-02 14:21:46,734 - werkzeug - INFO - [33mPress CTRL+C to quit[0m
2024-09-02 14:21:46,734 - werkzeug - INFO -  * Restarting with stat
2024-09-02 14:21:48,930 - app - INFO - Starting Flask application
2024-09-02 14:21:48,938 - werkzeug - WARNING -  * Debugger is active!
2024-09-02 14:21:48,938 - werkzeug - INFO -  * Debugger PIN: 736-784-721
2024-09-02 14:21:52,023 - app - INFO - Rendering index page
2024-09-02 14:21:52,029 - werkzeug - INFO - 127.0.0.1 - - [02/Sep/2024 14:21:52] "GET / HTTP/1.1" 200 -
2024-09-02 14:21:52,909 - werkzeug - INFO - 127.0.0.1 - - [02/Sep/2024 14:21:52] "[36mGET /static/images/oka.jpg HTTP/1.1[0m" 304 -
2024-09-02 14:21:58,829 - app - INFO - Rendering upload resume page
2024-09-02 14:21:58,832 - werkzeug - INFO - 127.0.0.1 - - [02/Sep/2024 14:21:58] "GET /upload_resume_page HTTP/1.1" 200 -
2024-09-02 14:22:07,853 - app - INFO - Received a file upload request
2024-09-02 14:22:08,364 - app - INFO - File OlusegunTewogbadeResume.pdf saved to /home/bishoptewogbade/genaiq/backend/static/uploads/temp_uploads/OlusegunTewogbadeResume.pdf
2024-09-02 14:22:08,378 - google.auth._default - WARNING - No project ID could be determined. Consider running `gcloud config set project` or setting the GOOGLE_CLOUD_PROJECT environment variable
2024-09-02 14:22:08,385 - google.auth._default - WARNING - No project ID could be determined. Consider running `gcloud config set project` or setting the GOOGLE_CLOUD_PROJECT environment variable
2024-09-02 14:22:09,393 - ai_service - INFO - File uploaded successfully to GCS: uploads/OlusegunTewogbadeResume.pdf
2024-09-02 14:22:09,393 - app - INFO - File URI: gs://genaiq_cloudbuild/uploads/OlusegunTewogbadeResume.pdf
2024-09-02 14:22:09,394 - app - INFO - Session data after upload: <SecureCookieSession {'file_uri': 'gs://genaiq_cloudbuild/uploads/OlusegunTewogbadeResume.pdf', 'filename': 'OlusegunTewogbadeResume.pdf'}>
2024-09-02 14:22:09,394 - app - INFO - File type is PDF
2024-09-02 14:22:09,394 - app - INFO - File OlusegunTewogbadeResume.pdf removed from local storage
2024-09-02 14:22:09,395 - werkzeug - INFO - 127.0.0.1 - - [02/Sep/2024 14:22:09] "POST /upload HTTP/1.1" 200 -
2024-09-02 14:22:10,829 - app - INFO - Received request to get feedback page
2024-09-02 14:22:10,829 - app - INFO - Session data at feedback page: filename=OlusegunTewogbadeResume.pdf, file_uri=gs://genaiq_cloudbuild/uploads/OlusegunTewogbadeResume.pdf
2024-09-02 14:22:10,829 - app - INFO - Calling AI service to process the file
2024-09-02 14:22:10,829 - app - ERROR - Error calling AI service: call_vertex_ai() missing 1 required positional argument: 'file_uri'
2024-09-02 14:22:10,830 - werkzeug - INFO - 127.0.0.1 - - [02/Sep/2024 14:22:10] "[35m[1mPOST /get_feedback_page HTTP/1.1[0m" 500 -
2024-09-02 14:22:25,795 - werkzeug - INFO -  * Detected change in '/home/bishoptewogbade/genaiq/backend/app.py', reloading
2024-09-02 14:22:26,448 - werkzeug - INFO -  * Restarting with stat
2024-09-02 14:22:28,797 - app - INFO - Starting Flask application
2024-09-02 14:22:28,805 - werkzeug - WARNING -  * Debugger is active!
2024-09-02 14:22:28,806 - werkzeug - INFO -  * Debugger PIN: 736-784-721
2024-09-02 14:22:32,139 - app - INFO - Received a file upload request
2024-09-02 14:22:33,842 - app - INFO - File OlusegunTewogbadeResume.pdf saved to /home/bishoptewogbade/genaiq/backend/static/uploads/temp_uploads/OlusegunTewogbadeResume.pdf
2024-09-02 14:22:33,856 - google.auth._default - WARNING - No project ID could be determined. Consider running `gcloud config set project` or setting the GOOGLE_CLOUD_PROJECT environment variable
2024-09-02 14:22:33,862 - google.auth._default - WARNING - No project ID could be determined. Consider running `gcloud config set project` or setting the GOOGLE_CLOUD_PROJECT environment variable
2024-09-02 14:22:34,876 - ai_service - INFO - File uploaded successfully to GCS: uploads/OlusegunTewogbadeResume.pdf
2024-09-02 14:22:34,877 - app - INFO - File URI: gs://genaiq_cloudbuild/uploads/OlusegunTewogbadeResume.pdf
2024-09-02 14:22:34,877 - app - INFO - Session data after upload: <SecureCookieSession {'file_uri': 'gs://genaiq_cloudbuild/uploads/OlusegunTewogbadeResume.pdf', 'filename': 'OlusegunTewogbadeResume.pdf'}>
2024-09-02 14:22:34,877 - app - INFO - File type is PDF
2024-09-02 14:22:34,877 - app - INFO - File OlusegunTewogbadeResume.pdf removed from local storage
2024-09-02 14:22:34,878 - werkzeug - INFO - 127.0.0.1 - - [02/Sep/2024 14:22:34] "POST /upload HTTP/1.1" 200 -
2024-09-02 14:22:36,201 - app - INFO - Received request to get feedback page
2024-09-02 14:22:36,202 - app - INFO - Session data at feedback page: filename=OlusegunTewogbadeResume.pdf, file_uri=gs://genaiq_cloudbuild/uploads/OlusegunTewogbadeResume.pdf
2024-09-02 14:22:36,202 - app - INFO - Calling AI service to process the file
2024-09-02 14:22:36,202 - app - ERROR - Error calling AI service: name 'fil' is not defined
2024-09-02 14:22:36,202 - werkzeug - INFO - 127.0.0.1 - - [02/Sep/2024 14:22:36] "[35m[1mPOST /get_feedback_page HTTP/1.1[0m" 500 -
2024-09-02 14:22:59,847 - app - INFO - Rendering index page
2024-09-02 14:22:59,853 - werkzeug - INFO - 127.0.0.1 - - [02/Sep/2024 14:22:59] "GET / HTTP/1.1" 200 -
2024-09-02 14:23:00,646 - werkzeug - INFO - 127.0.0.1 - - [02/Sep/2024 14:23:00] "[36mGET /static/images/oka.jpg HTTP/1.1[0m" 304 -
2024-09-02 14:23:13,545 - app - INFO - Rendering upload resume page
2024-09-02 14:23:13,548 - werkzeug - INFO - 127.0.0.1 - - [02/Sep/2024 14:23:13] "GET /upload_resume_page HTTP/1.1" 200 -
2024-09-02 14:23:24,299 - app - INFO - Received a file upload request
2024-09-02 14:23:31,167 - app - INFO - Received a file upload request
2024-09-02 14:23:32,438 - app - INFO - File BamideleTewogbadeResume.pdf saved to /home/bishoptewogbade/genaiq/backend/static/uploads/temp_uploads/BamideleTewogbadeResume.pdf
2024-09-02 14:23:32,445 - google.auth._default - WARNING - No project ID could be determined. Consider running `gcloud config set project` or setting the GOOGLE_CLOUD_PROJECT environment variable
2024-09-02 14:23:32,451 - google.auth._default - WARNING - No project ID could be determined. Consider running `gcloud config set project` or setting the GOOGLE_CLOUD_PROJECT environment variable
2024-09-02 14:23:33,449 - ai_service - INFO - File uploaded successfully to GCS: uploads/BamideleTewogbadeResume.pdf
2024-09-02 14:23:33,449 - app - INFO - File URI: gs://genaiq_cloudbuild/uploads/BamideleTewogbadeResume.pdf
2024-09-02 14:23:33,449 - app - INFO - Session data after upload: <SecureCookieSession {'file_uri': 'gs://genaiq_cloudbuild/uploads/BamideleTewogbadeResume.pdf', 'filename': 'BamideleTewogbadeResume.pdf'}>
2024-09-02 14:23:33,449 - app - INFO - File type is PDF
2024-09-02 14:23:33,450 - app - INFO - File BamideleTewogbadeResume.pdf removed from local storage
2024-09-02 14:23:33,450 - werkzeug - INFO - 127.0.0.1 - - [02/Sep/2024 14:23:33] "POST /upload HTTP/1.1" 200 -
2024-09-02 14:23:34,344 - app - INFO - File BamideleTewogbadeResume.pdf saved to /home/bishoptewogbade/genaiq/backend/static/uploads/temp_uploads/BamideleTewogbadeResume.pdf
2024-09-02 14:23:34,351 - google.auth._default - WARNING - No project ID could be determined. Consider running `gcloud config set project` or setting the GOOGLE_CLOUD_PROJECT environment variable
2024-09-02 14:23:34,357 - google.auth._default - WARNING - No project ID could be determined. Consider running `gcloud config set project` or setting the GOOGLE_CLOUD_PROJECT environment variable
2024-09-02 14:23:35,358 - ai_service - INFO - File uploaded successfully to GCS: uploads/BamideleTewogbadeResume.pdf
2024-09-02 14:23:35,358 - app - INFO - File URI: gs://genaiq_cloudbuild/uploads/BamideleTewogbadeResume.pdf
2024-09-02 14:23:35,358 - app - INFO - Session data after upload: <SecureCookieSession {'file_uri': 'gs://genaiq_cloudbuild/uploads/BamideleTewogbadeResume.pdf', 'filename': 'BamideleTewogbadeResume.pdf'}>
2024-09-02 14:23:35,358 - app - INFO - File type is PDF
2024-09-02 14:23:35,359 - app - INFO - File BamideleTewogbadeResume.pdf removed from local storage
2024-09-02 14:23:35,360 - werkzeug - INFO - 127.0.0.1 - - [02/Sep/2024 14:23:35] "POST /upload HTTP/1.1" 200 -
2024-09-02 14:23:39,702 - app - INFO - Received request to get feedback page
2024-09-02 14:23:39,703 - app - INFO - Session data at feedback page: filename=BamideleTewogbadeResume.pdf, file_uri=gs://genaiq_cloudbuild/uploads/BamideleTewogbadeResume.pdf
2024-09-02 14:23:39,703 - app - INFO - Calling AI service to process the file
2024-09-02 14:23:39,703 - app - ERROR - Error calling AI service: name 'fil' is not defined
2024-09-02 14:23:39,704 - werkzeug - INFO - 127.0.0.1 - - [02/Sep/2024 14:23:39] "[35m[1mPOST /get_feedback_page HTTP/1.1[0m" 500 -
2024-09-02 14:29:17,693 - werkzeug - INFO -  * Detected change in '/home/bishoptewogbade/genaiq/backend/app.py', reloading
2024-09-02 14:29:18,360 - werkzeug - INFO -  * Restarting with stat
2024-09-02 14:29:20,722 - app - INFO - Starting Flask application
2024-09-02 14:29:20,731 - werkzeug - WARNING -  * Debugger is active!
2024-09-02 14:29:20,732 - werkzeug - INFO -  * Debugger PIN: 736-784-721
2024-09-02 14:29:23,835 - werkzeug - INFO -  * Detected change in '/home/bishoptewogbade/genaiq/backend/app.py', reloading
2024-09-02 14:29:24,479 - werkzeug - INFO -  * Restarting with stat
2024-09-02 14:29:26,903 - app - INFO - Starting Flask application
2024-09-02 14:29:26,911 - werkzeug - WARNING -  * Debugger is active!
2024-09-02 14:29:26,912 - werkzeug - INFO -  * Debugger PIN: 736-784-721
2024-09-02 14:29:33,096 - werkzeug - INFO -  * Detected change in '/home/bishoptewogbade/genaiq/backend/app.py', reloading
2024-09-02 14:29:33,776 - werkzeug - INFO -  * Restarting with stat
2024-09-02 14:29:36,244 - app - INFO - Starting Flask application
2024-09-02 14:29:36,253 - werkzeug - WARNING -  * Debugger is active!
2024-09-02 14:29:36,253 - werkzeug - INFO -  * Debugger PIN: 736-784-721
2024-09-02 14:31:14,385 - werkzeug - INFO -  * Detected change in '/home/bishoptewogbade/genaiq/backend/ai_service.py', reloading
2024-09-02 14:31:15,078 - werkzeug - INFO -  * Restarting with stat
2024-09-02 14:31:17,409 - app - INFO - Starting Flask application
2024-09-02 14:31:17,418 - werkzeug - WARNING -  * Debugger is active!
2024-09-02 14:31:17,418 - werkzeug - INFO -  * Debugger PIN: 736-784-721
2024-09-02 14:31:20,524 - werkzeug - INFO -  * Detected change in '/home/bishoptewogbade/genaiq/backend/ai_service.py', reloading
2024-09-02 14:31:21,138 - werkzeug - INFO -  * Restarting with stat
2024-09-02 14:31:23,401 - app - INFO - Starting Flask application
2024-09-02 14:31:23,410 - werkzeug - WARNING -  * Debugger is active!
2024-09-02 14:31:23,410 - werkzeug - INFO -  * Debugger PIN: 736-784-721
2024-09-02 14:31:33,669 - werkzeug - INFO -  * Detected change in '/home/bishoptewogbade/genaiq/backend/app.py', reloading
2024-09-02 14:31:34,316 - werkzeug - INFO -  * Restarting with stat
2024-09-02 14:32:04,647 - app - INFO - Starting Flask application
2024-09-02 14:32:04,658 - werkzeug - INFO - [31m[1mWARNING: This is a development server. Do not use it in a production deployment. Use a production WSGI server instead.[0m
 * Running on http://127.0.0.1:5000
2024-09-02 14:32:04,659 - werkzeug - INFO - [33mPress CTRL+C to quit[0m
2024-09-02 14:32:04,659 - werkzeug - INFO -  * Restarting with stat
2024-09-02 14:32:06,936 - app - INFO - Starting Flask application
2024-09-02 14:32:06,944 - werkzeug - WARNING -  * Debugger is active!
2024-09-02 14:32:06,944 - werkzeug - INFO -  * Debugger PIN: 736-784-721
2024-09-02 14:32:11,003 - app - INFO - Rendering index page
2024-09-02 14:32:11,009 - werkzeug - INFO - 127.0.0.1 - - [02/Sep/2024 14:32:11] "GET / HTTP/1.1" 200 -
2024-09-02 14:32:11,870 - werkzeug - INFO - 127.0.0.1 - - [02/Sep/2024 14:32:11] "[36mGET /static/images/oka.jpg HTTP/1.1[0m" 304 -
2024-09-02 14:32:16,483 - app - INFO - Rendering upload resume page
2024-09-02 14:32:16,486 - werkzeug - INFO - 127.0.0.1 - - [02/Sep/2024 14:32:16] "GET /upload_resume_page HTTP/1.1" 200 -
2024-09-02 14:32:23,413 - app - INFO - Received a file upload request
2024-09-02 14:32:26,103 - app - INFO - File BamideleTewogbadeResume.pdf saved to /home/bishoptewogbade/genaiq/backend/static/uploads/temp_uploads/BamideleTewogbadeResume.pdf
2024-09-02 14:32:26,118 - google.auth._default - WARNING - No project ID could be determined. Consider running `gcloud config set project` or setting the GOOGLE_CLOUD_PROJECT environment variable
2024-09-02 14:32:26,125 - google.auth._default - WARNING - No project ID could be determined. Consider running `gcloud config set project` or setting the GOOGLE_CLOUD_PROJECT environment variable
2024-09-02 14:32:27,150 - ai_service - INFO - File uploaded successfully to GCS: uploads/BamideleTewogbadeResume.pdf
2024-09-02 14:32:27,150 - app - INFO - File URI: gs://genaiq_cloudbuild/uploads/BamideleTewogbadeResume.pdf
2024-09-02 14:32:27,150 - app - INFO - Session data after upload: <SecureCookieSession {'file_uri': 'gs://genaiq_cloudbuild/uploads/BamideleTewogbadeResume.pdf', 'filename': 'BamideleTewogbadeResume.pdf'}>
2024-09-02 14:32:27,150 - app - INFO - File type is PDF
2024-09-02 14:32:27,151 - app - INFO - File BamideleTewogbadeResume.pdf removed from local storage
2024-09-02 14:32:27,151 - werkzeug - INFO - 127.0.0.1 - - [02/Sep/2024 14:32:27] "POST /upload HTTP/1.1" 200 -
2024-09-02 14:32:37,077 - app - INFO - Received request to get feedback page
2024-09-02 14:32:37,077 - app - INFO - Session data at feedback page: filename=BamideleTewogbadeResume.pdf, file_uri=gs://genaiq_cloudbuild/uploads/BamideleTewogbadeResume.pdf
2024-09-02 14:32:37,077 - app - INFO - Calling AI service to process the file
2024-09-02 14:32:37,084 - google.auth._default - WARNING - No project ID could be determined. Consider running `gcloud config set project` or setting the GOOGLE_CLOUD_PROJECT environment variable
2024-09-02 14:32:37,089 - google.auth._default - WARNING - No project ID could be determined. Consider running `gcloud config set project` or setting the GOOGLE_CLOUD_PROJECT environment variable
2024-09-02 14:32:37,956 - ai_service - INFO - File downloaded successfully from GCS: gs://genaiq_cloudbuild/uploads/BamideleTewogbadeResume.pdf
2024-09-02 14:32:38,047 - ai_service - INFO - Text extracted successfully from PDF.
2024-09-02 14:32:38,047 - ai_service - INFO - Initializing Vertex AI with the given project ID and location.
2024-09-02 14:32:38,048 - ai_service - INFO - Vertex AI initialized successfully.
2024-09-02 14:32:38,048 - ai_service - INFO - Loading the Vertex AI generative model.
2024-09-02 14:32:38,048 - ai_service - INFO - Preparing the prompt for Vertex AI.
2024-09-02 14:32:38,048 - ai_service - INFO - Creating a Part object from the extracted file text.
2024-09-02 14:32:38,049 - ai_service - INFO - Sending the prompt to Vertex AI for content generation.
2024-09-02 14:32:42,940 - ai_service - INFO - Received response from Vertex AI.
2024-09-02 14:32:42,942 - app - INFO - Analysis result: {'overall_feedback': "Bamidele, this resume showcases your strong technical skills and experience as a software developer. You've clearly built a diverse portfolio across fintech, AI, and mobile app development. However, to maximize your impact, I recommend focusing on quantifying your achievements and tailoring your resume to specific job applications.", 'feedback_cards': [{'title': 'Summary', 'description': 'This is a good start, but it could be even more compelling. Instead of stating your passions, demonstrate them. Mention a key project or achievement that highlights your fintech, AI, or mobile app development expertise.  Consider adding a quantifiable result to showcase your impact. For example, "Led the development of a mobile app that increased user engagement by 25% within the first quarter."', 'ats_match': '70%', 'recommendations': ['Rewrite the summary to highlight a specific achievement or project, demonstrating your value proposition.', 'Quantify your achievements wherever possible.']}, {'title': 'Experience', 'description': 'This section is your strength. You\'ve detailed impactful projects and responsibilities. Your involvement with Fasyl Technology Group demonstrates your experience in a demanding financial technology environment.  The diverse roles you\'ve held, from consultant programmer to lead ambassador, show your adaptability. However, you could further enhance your resume by  adding more specific details on the impact of your work on the company\'s bottom line. For example, instead of saying "Successfully deployed solutions at over 7 banks", quantify the impact.  Did these deployments lead to increased revenue, reduced costs, or improved customer satisfaction?  Highlighting these quantifiable results will make your achievements stand out.', 'ats_match': '85%', 'recommendations': ['Quantify the impact of your achievements by using numbers and metrics.', 'Prioritize the projects and responsibilities most relevant to the specific job you are applying for.', 'Use action verbs to describe your contributions, like "Developed", "Implemented", "Led", "Managed", etc.']}, {'title': 'Education', 'description': "You've presented your educational background well, showcasing your computer science degree from Catholic University College, Ghana. It's a good foundation for your career. ", 'ats_match': '90%', 'recommendations': ['Consider adding a relevant course or project from your university experience that showcases your technical skills or passion for software development.']}, {'title': 'Skills', 'description': "Bamidele, you have a strong set of skills! Your proficiency in various programming languages and frameworks, particularly Java, Python, Flutter, and Spring Boot, is valuable in today's market. The inclusion of tools like Kafka and Git demonstrates your experience with modern development practices. ", 'ats_match': '95%', 'recommendations': ["Consider listing specific technologies related to the job you're applying for.  For example, if the job requires React, you could mention it here. You can also categorize your skills to make them easier to scan."]}]}
2024-09-02 14:32:42,950 - werkzeug - INFO - 127.0.0.1 - - [02/Sep/2024 14:32:42] "POST /get_feedback_page HTTP/1.1" 200 -
2024-09-02 20:53:00,242 - app - INFO - Starting Flask application
2024-09-02 20:53:00,319 - werkzeug - INFO - [31m[1mWARNING: This is a development server. Do not use it in a production deployment. Use a production WSGI server instead.[0m
 * Running on http://127.0.0.1:5000
2024-09-02 20:53:00,320 - werkzeug - INFO - [33mPress CTRL+C to quit[0m
2024-09-02 20:53:00,322 - werkzeug - INFO -  * Restarting with stat
2024-09-02 20:53:02,596 - app - INFO - Starting Flask application
2024-09-02 20:53:02,605 - werkzeug - WARNING -  * Debugger is active!
2024-09-02 20:53:02,607 - werkzeug - INFO -  * Debugger PIN: 512-499-312
2024-09-02 20:53:09,496 - app - INFO - Rendering index page
2024-09-02 20:53:09,523 - werkzeug - INFO - 127.0.0.1 - - [02/Sep/2024 20:53:09] "GET /?redirectedPreviously=true HTTP/1.1" 200 -
2024-09-02 20:53:10,478 - werkzeug - INFO - 127.0.0.1 - - [02/Sep/2024 20:53:10] "GET /static/images/oka.jpg HTTP/1.1" 200 -
2024-09-02 20:53:14,626 - app - INFO - Rendering upload resume page
2024-09-02 20:53:14,639 - werkzeug - INFO - 127.0.0.1 - - [02/Sep/2024 20:53:14] "GET /upload_resume_page HTTP/1.1" 200 -
2024-09-02 20:53:16,857 - werkzeug - INFO - 127.0.0.1 - - [02/Sep/2024 20:53:16] "[33mGET /favicon.ico HTTP/1.1[0m" 404 -
2024-09-02 20:53:24,957 - app - INFO - Received a file upload request
2024-09-02 20:53:26,125 - app - INFO - File BamideleTewogbadeResume.pdf saved to /home/bishoptewogbade/genaiq/backend/static/uploads/temp_uploads/BamideleTewogbadeResume.pdf
2024-09-02 20:53:26,229 - google.auth._default - WARNING - No project ID could be determined. Consider running `gcloud config set project` or setting the GOOGLE_CLOUD_PROJECT environment variable
2024-09-02 20:53:26,236 - google.auth._default - WARNING - No project ID could be determined. Consider running `gcloud config set project` or setting the GOOGLE_CLOUD_PROJECT environment variable
2024-09-02 20:53:27,315 - ai_service - INFO - File uploaded successfully to GCS: uploads/BamideleTewogbadeResume.pdf
2024-09-02 20:53:27,315 - app - INFO - File URI: gs://genaiq_cloudbuild/uploads/BamideleTewogbadeResume.pdf
2024-09-02 20:53:27,316 - app - INFO - Session data after upload: <SecureCookieSession {'filename': 'BamideleTewogbadeResume.pdf', 'file_uri': 'gs://genaiq_cloudbuild/uploads/BamideleTewogbadeResume.pdf'}>
2024-09-02 20:53:27,316 - app - INFO - File type is PDF
2024-09-02 20:53:27,316 - app - INFO - File BamideleTewogbadeResume.pdf removed from local storage
2024-09-02 20:53:27,317 - werkzeug - INFO - 127.0.0.1 - - [02/Sep/2024 20:53:27] "POST /upload HTTP/1.1" 200 -
2024-09-02 20:53:28,708 - app - INFO - Received request to get feedback page
2024-09-02 20:53:28,708 - app - INFO - Session data at feedback page: filename=BamideleTewogbadeResume.pdf, file_uri=gs://genaiq_cloudbuild/uploads/BamideleTewogbadeResume.pdf
2024-09-02 20:53:28,708 - app - INFO - Calling AI service to process the file
2024-09-02 20:53:28,715 - google.auth._default - WARNING - No project ID could be determined. Consider running `gcloud config set project` or setting the GOOGLE_CLOUD_PROJECT environment variable
2024-09-02 20:53:28,721 - google.auth._default - WARNING - No project ID could be determined. Consider running `gcloud config set project` or setting the GOOGLE_CLOUD_PROJECT environment variable
2024-09-02 20:53:29,691 - ai_service - INFO - File downloaded successfully from GCS: gs://genaiq_cloudbuild/uploads/BamideleTewogbadeResume.pdf
2024-09-02 20:53:29,908 - ai_service - INFO - Text extracted successfully from PDF.
2024-09-02 20:53:29,909 - ai_service - INFO - Initializing Vertex AI with the given project ID and location.
2024-09-02 20:53:29,909 - ai_service - INFO - Vertex AI initialized successfully.
2024-09-02 20:53:29,909 - ai_service - INFO - Loading the Vertex AI generative model.
2024-09-02 20:53:29,910 - ai_service - INFO - Preparing the prompt for Vertex AI.
2024-09-02 20:53:29,910 - ai_service - INFO - Creating a Part object from the extracted file text.
2024-09-02 20:53:29,910 - ai_service - INFO - Sending the prompt to Vertex AI for content generation.
2024-09-02 20:53:38,206 - ai_service - INFO - Received response from Vertex AI.
2024-09-02 20:53:38,236 - app - INFO - Analysis result: {'overall_feedback': 'Bamidele, your resume showcases a strong technical foundation and impressive experience in software development, particularly in fintech and AI. However, it lacks a clear focus on the specific role you are applying for. Tailor the content to align with the requirements of each job application for maximum impact.', 'feedback_cards': [{'title': 'Summary', 'description': "Your summary effectively highlights your passion for software development, specifically mentioning fintech, AI, and mobile app development.  You've  demonstrated  your proficiency in  various technologies like Java Spring Boot, Python Flask, and Flutter.  However, consider  reframing  this  section  to  be  more  action-oriented and  quantifiable,  emphasizing  specific  achievements  that  align with the role you're targeting.  For  example,  you  could  mention  the  number  of  successful  projects  completed  or  the  percentage  increase  in  efficiency  you've  achieved  using  certain  technologies.", 'ats_match': '75%', 'recommendations': ["Quantify your achievements using metrics and numbers. For example, instead of saying you 'optimized systems,' mention the percentage increase in efficiency you achieved.  \nFocus on achievements that are directly relevant to the role you're applying for.  Tailor  this  section  for  each  job  application, highlighting  skills  and  experiences  that  align  with  the  specific  requirements.  \nMake  it  action-oriented.  Instead  of  stating  'I'm dedicated to solving real-world problems,'  explain  how you  have  done  this  in  the  past  and  the  positive  outcomes  achieved."]}, {'title': 'Experience', 'description': "Your experience section provides a good overview of your diverse roles in software development. You've  demonstrated  your  ability  to  work  on various projects, from developing RESTful APIs to leading AI development initiatives. The use of specific examples and quantifiable results, like the 70% reduction in response times and 20% increase in performance, adds credibility to your claims.  \nHowever, you can further strengthen this section by highlighting your contributions to each project in a more concise and impactful manner. Consider using bullet points to list your key responsibilities and achievements within each role, focusing on the skills and experiences most relevant to the target job.", 'ats_match': '85%', 'recommendations': ["Use bullet points to list your responsibilities and achievements. This will make it easier for recruiters to quickly understand your contributions.  \nPrioritize the skills and experiences that are most relevant to the job you're applying for.  Tailor  each  role  description  to  highlight  the  skills  and  experiences  that  are  most  aligned  with  the  specific  job  requirements.  \nQuantify  your  achievements.  Whenever  possible,  use  metrics  and  numbers  to  demonstrate  the  impact  of  your  work."]}, {'title': 'Education', 'description': 'Your educational background in Computer Science from Catholic University College, Ghana, is a solid foundation for your software development career. The dates of your study are clearly stated, which is helpful for potential employers. However, you can enhance this section by adding relevant coursework or projects that showcase your technical skills and abilities.  \nConsider highlighting any academic honors, awards, or research projects that demonstrate your capabilities.', 'ats_match': '90%', 'recommendations': ["List  any  relevant  coursework  or  projects  that  showcase  your  technical  skills  and  abilities.  For  example,  mention  specific  programming  languages  you  learned  or  projects  you  completed  that  are  related  to  the  job  you're  applying  for. \nHighlight  any  academic  honors,  awards,  or  research  projects  that  demonstrate  your  capabilities.  This  can  help  to  set  you  apart  from  other  candidates  and  show  your  commitment  to  your  field."]}, {'title': 'Skills', 'description': "This section provides a comprehensive list of your technical skills, including programming languages, frameworks, and tools. You've  effectively  highlighted  your  proficiency  in  Java, Python, Dart, SQL, PL/SQL, JavaScript, Spring Boot, Angular, Flutter, Flask, Kafka, Git, and Jenkins. This demonstrates a strong foundation in various technologies.  \nHowever, consider customizing this list based on the specific job requirements. For example, if the job description emphasizes experience with specific frameworks or tools, highlight those skills prominently.", 'ats_match': '95%', 'recommendations': ["Prioritize  the  skills  that  are  most  relevant  to  the  job  you're  applying  for.  You  can  do  this  by  placing  those  skills  at  the  top  of  the  list  or  by  grouping  them  together  in  a  separate  section.  \nConsider adding a few soft skills, such as communication, teamwork, problem-solving, and critical thinking. These skills are  important  for  any  role  and  can  help  you  to  stand  out  from  other  candidates."]}]}
2024-09-02 20:53:38,237 - app - ERROR - Error calling AI service: name 'redirect' is not defined
2024-09-02 20:53:38,238 - werkzeug - INFO - 127.0.0.1 - - [02/Sep/2024 20:53:38] "[35m[1mPOST /get_feedback_page HTTP/1.1[0m" 500 -
2024-09-02 20:55:07,415 - werkzeug - INFO -  * Detected change in '/home/bishoptewogbade/genaiq/backend/app.py', reloading
2024-09-02 20:55:08,224 - werkzeug - INFO -  * Restarting with stat
2024-09-02 20:55:10,485 - app - INFO - Starting Flask application
2024-09-02 20:55:10,493 - werkzeug - WARNING -  * Debugger is active!
2024-09-02 20:55:10,494 - werkzeug - INFO -  * Debugger PIN: 512-499-312
2024-09-02 20:55:18,590 - app - INFO - Starting Flask application
2024-09-02 20:55:18,602 - werkzeug - INFO - [31m[1mWARNING: This is a development server. Do not use it in a production deployment. Use a production WSGI server instead.[0m
 * Running on http://127.0.0.1:5000
2024-09-02 20:55:18,602 - werkzeug - INFO - [33mPress CTRL+C to quit[0m
2024-09-02 20:55:18,603 - werkzeug - INFO -  * Restarting with stat
2024-09-02 20:55:20,868 - app - INFO - Starting Flask application
2024-09-02 20:55:20,877 - werkzeug - WARNING -  * Debugger is active!
2024-09-02 20:55:20,877 - werkzeug - INFO -  * Debugger PIN: 512-499-312
2024-09-02 20:55:26,462 - app - INFO - Rendering index page
2024-09-02 20:55:26,468 - werkzeug - INFO - 127.0.0.1 - - [02/Sep/2024 20:55:26] "GET / HTTP/1.1" 200 -
2024-09-02 20:55:27,347 - werkzeug - INFO - 127.0.0.1 - - [02/Sep/2024 20:55:27] "[36mGET /static/images/oka.jpg HTTP/1.1[0m" 304 -
2024-09-02 20:55:29,812 - app - INFO - Rendering upload resume page
2024-09-02 20:55:29,815 - werkzeug - INFO - 127.0.0.1 - - [02/Sep/2024 20:55:29] "GET /upload_resume_page HTTP/1.1" 200 -
2024-09-02 20:55:38,972 - app - INFO - Received a file upload request
2024-09-02 20:55:39,599 - app - INFO - File OlusegunTewogbadeResume.pdf saved to /home/bishoptewogbade/genaiq/backend/static/uploads/temp_uploads/OlusegunTewogbadeResume.pdf
2024-09-02 20:55:39,614 - google.auth._default - WARNING - No project ID could be determined. Consider running `gcloud config set project` or setting the GOOGLE_CLOUD_PROJECT environment variable
2024-09-02 20:55:39,621 - google.auth._default - WARNING - No project ID could be determined. Consider running `gcloud config set project` or setting the GOOGLE_CLOUD_PROJECT environment variable
2024-09-02 20:55:40,691 - ai_service - INFO - File uploaded successfully to GCS: uploads/OlusegunTewogbadeResume.pdf
2024-09-02 20:55:40,692 - app - INFO - File URI: gs://genaiq_cloudbuild/uploads/OlusegunTewogbadeResume.pdf
2024-09-02 20:55:40,692 - app - INFO - Session data after upload: <SecureCookieSession {'ai_response': {'feedback_cards': [{'ats_match': '75%', 'description': "Your summary effectively highlights your passion for software development, specifically mentioning fintech, AI, and mobile app development.  You've  demonstrated  your proficiency in  various technologies like Java Spring Boot, Python Flask, and Flutter.  However, consider  reframing  this  section  to  be  more  action-oriented and  quantifiable,  emphasizing  specific  achievements  that  align with the role you're targeting.  For  example,  you  could  mention  the  number  of  successful  projects  completed  or  the  percentage  increase  in  efficiency  you've  achieved  using  certain  technologies.", 'recommendations': ["Quantify your achievements using metrics and numbers. For example, instead of saying you 'optimized systems,' mention the percentage increase in efficiency you achieved.  \nFocus on achievements that are directly relevant to the role you're applying for.  Tailor  this  section  for  each  job  application, highlighting  skills  and  experiences  that  align  with  the  specific  requirements.  \nMake  it  action-oriented.  Instead  of  stating  'I'm dedicated to solving real-world problems,'  explain  how you  have  done  this  in  the  past  and  the  positive  outcomes  achieved."], 'title': 'Summary'}, {'ats_match': '85%', 'description': "Your experience section provides a good overview of your diverse roles in software development. You've  demonstrated  your  ability  to  work  on various projects, from developing RESTful APIs to leading AI development initiatives. The use of specific examples and quantifiable results, like the 70% reduction in response times and 20% increase in performance, adds credibility to your claims.  \nHowever, you can further strengthen this section by highlighting your contributions to each project in a more concise and impactful manner. Consider using bullet points to list your key responsibilities and achievements within each role, focusing on the skills and experiences most relevant to the target job.", 'recommendations': ["Use bullet points to list your responsibilities and achievements. This will make it easier for recruiters to quickly understand your contributions.  \nPrioritize the skills and experiences that are most relevant to the job you're applying for.  Tailor  each  role  description  to  highlight  the  skills  and  experiences  that  are  most  aligned  with  the  specific  job  requirements.  \nQuantify  your  achievements.  Whenever  possible,  use  metrics  and  numbers  to  demonstrate  the  impact  of  your  work."], 'title': 'Experience'}, {'ats_match': '90%', 'description': 'Your educational background in Computer Science from Catholic University College, Ghana, is a solid foundation for your software development career. The dates of your study are clearly stated, which is helpful for potential employers. However, you can enhance this section by adding relevant coursework or projects that showcase your technical skills and abilities.  \nConsider highlighting any academic honors, awards, or research projects that demonstrate your capabilities.', 'recommendations': ["List  any  relevant  coursework  or  projects  that  showcase  your  technical  skills  and  abilities.  For  example,  mention  specific  programming  languages  you  learned  or  projects  you  completed  that  are  related  to  the  job  you're  applying  for. \nHighlight  any  academic  honors,  awards,  or  research  projects  that  demonstrate  your  capabilities.  This  can  help  to  set  you  apart  from  other  candidates  and  show  your  commitment  to  your  field."], 'title': 'Education'}, {'ats_match': '95%', 'description': "This section provides a comprehensive list of your technical skills, including programming languages, frameworks, and tools. You've  effectively  highlighted  your  proficiency  in  Java, Python, Dart, SQL, PL/SQL, JavaScript, Spring Boot, Angular, Flutter, Flask, Kafka, Git, and Jenkins. This demonstrates a strong foundation in various technologies.  \nHowever, consider customizing this list based on the specific job requirements. For example, if the job description emphasizes experience with specific frameworks or tools, highlight those skills prominently.", 'recommendations': ["Prioritize  the  skills  that  are  most  relevant  to  the  job  you're  applying  for.  You  can  do  this  by  placing  those  skills  at  the  top  of  the  list  or  by  grouping  them  together  in  a  separate  section.  \nConsider adding a few soft skills, such as communication, teamwork, problem-solving, and critical thinking. These skills are  important  for  any  role  and  can  help  you  to  stand  out  from  other  candidates."], 'title': 'Skills'}], 'overall_feedback': 'Bamidele, your resume showcases a strong technical foundation and impressive experience in software development, particularly in fintech and AI. However, it lacks a clear focus on the specific role you are applying for. Tailor the content to align with the requirements of each job application for maximum impact.'}, 'file_uri': 'gs://genaiq_cloudbuild/uploads/OlusegunTewogbadeResume.pdf', 'filename': 'OlusegunTewogbadeResume.pdf'}>
2024-09-02 20:55:40,692 - app - INFO - File type is PDF
2024-09-02 20:55:40,693 - app - INFO - File OlusegunTewogbadeResume.pdf removed from local storage
2024-09-02 20:55:40,694 - werkzeug - INFO - 127.0.0.1 - - [02/Sep/2024 20:55:40] "POST /upload HTTP/1.1" 200 -
2024-09-02 20:55:41,981 - app - INFO - Received request to get feedback page
2024-09-02 20:55:41,982 - app - INFO - Session data at feedback page: filename=OlusegunTewogbadeResume.pdf, file_uri=gs://genaiq_cloudbuild/uploads/OlusegunTewogbadeResume.pdf
2024-09-02 20:55:41,982 - app - INFO - Calling AI service to process the file
2024-09-02 20:55:41,988 - google.auth._default - WARNING - No project ID could be determined. Consider running `gcloud config set project` or setting the GOOGLE_CLOUD_PROJECT environment variable
2024-09-02 20:55:41,994 - google.auth._default - WARNING - No project ID could be determined. Consider running `gcloud config set project` or setting the GOOGLE_CLOUD_PROJECT environment variable
2024-09-02 20:55:42,950 - ai_service - INFO - File downloaded successfully from GCS: gs://genaiq_cloudbuild/uploads/OlusegunTewogbadeResume.pdf
2024-09-02 20:55:43,166 - ai_service - INFO - Text extracted successfully from PDF.
2024-09-02 20:55:43,166 - ai_service - INFO - Initializing Vertex AI with the given project ID and location.
2024-09-02 20:55:43,166 - ai_service - INFO - Vertex AI initialized successfully.
2024-09-02 20:55:43,166 - ai_service - INFO - Loading the Vertex AI generative model.
2024-09-02 20:55:43,167 - ai_service - INFO - Preparing the prompt for Vertex AI.
2024-09-02 20:55:43,167 - ai_service - INFO - Creating a Part object from the extracted file text.
2024-09-02 20:55:43,167 - ai_service - INFO - Sending the prompt to Vertex AI for content generation.
2024-09-02 20:55:49,162 - ai_service - INFO - Received response from Vertex AI.
2024-09-02 20:55:49,164 - app - INFO - Analysis result: {'overall_feedback': "Olusegun's resume highlights a strong foundation in software development, demonstrating experience with popular languages and frameworks like Java Spring Boot, Python Flask, Flutter, and SQL. His work history showcases his ability to build and deploy solutions across various industries, including fintech, AI, and mobile development.  However, there are areas where the resume can be improved to highlight his accomplishments more effectively and optimize it for ATS scanning.", 'feedback_cards': [{'title': 'Summary', 'description': "Olusegun's summary effectively highlights his passion for software development, his expertise in fintech, AI, and mobile app development, and his experience with Java Spring Boot, Python Flask, and Flutter. He also emphasizes his problem-solving approach and dedication to user-centric solutions. However, it could benefit from quantifying achievements to make the impact more tangible.", 'ats_match': '75%', 'recommendations': ['Consider adding quantifiable results to your summary. For example, instead of "I\'ve designed and implemented impactful solutions", you could say "I designed and implemented solutions that increased user engagement by 20%" or "I led the development of a mobile app that achieved a 4.8-star rating on the app store." ']}, {'title': 'Experience', 'description': "This section provides a solid overview of Olusegun's experience. He effectively describes his roles and responsibilities, highlighting key achievements like developing RESTful APIs, leading implementation of eAlert services, and contributing to mobile app development. The use of specific examples and quantifiable results is a strength, demonstrating the tangible impact of his work.", 'ats_match': '85%', 'recommendations': ['Use action verbs at the start of each bullet point to make your accomplishments stand out. For example, "Developed and deployed RESTful APIs" could be changed to "Developed and deployed robust RESTful APIs." You could also consider adding a brief description of the project\'s objectives and challenges to provide context and further showcase your skills.']}, {'title': 'Skills', 'description': 'Olusegun lists a good range of skills, including programming languages, frameworks and libraries, and tools and platforms. This section effectively showcases his technical expertise and demonstrates his ability to work with different technologies.', 'ats_match': '90%', 'recommendations': ['Consider organizing your skills into categories to make it easier for recruiters to quickly identify relevant skills. For example, you could have sections for "Programming Languages", "Frameworks and Libraries", and "Tools and Platforms". This will also make the section more visually appealing and improve readability.']}, {'title': 'Education', 'description': "Olusegun's educational background is clearly presented, highlighting his degree in Computer Science from Catholic University College, Ghana. This section demonstrates his academic foundation in the field.", 'ats_match': '80%', 'recommendations': ['Consider including any relevant coursework or projects that showcase your skills and experience. If you have any relevant certifications, include those as well.']}, {'title': 'Additional Tips', 'description': "Overall, Olusegun's resume is well-structured and presents a compelling case for his qualifications. However, there are a few minor improvements that could be made to enhance its impact.", 'ats_match': None, 'recommendations': ['Use a consistent font throughout your resume. Use a professional-looking font like Arial, Times New Roman, or Calibri. Ensure your resume is formatted consistently. Use clear headings, bullet points, and white space to make your resume easy to read. Proofread carefully for any typos or grammatical errors.  Keep your resume concise and to the point.  Avoid using jargon or technical terms that may not be understood by a general audience. Tailor your resume to each specific job application. Highlight the skills and experience that are most relevant to the position you are applying for.']}]}
2024-09-02 20:55:49,166 - werkzeug - INFO - 127.0.0.1 - - [02/Sep/2024 20:55:49] "[32mPOST /get_feedback_page HTTP/1.1[0m" 302 -
2024-09-02 20:55:49,403 - werkzeug - INFO - 127.0.0.1 - - [02/Sep/2024 20:55:49] "GET /feedback_summary HTTP/1.1" 200 -
2024-09-02 21:00:16,257 - app - INFO - Starting Flask application
2024-09-02 21:00:16,269 - werkzeug - INFO - [31m[1mWARNING: This is a development server. Do not use it in a production deployment. Use a production WSGI server instead.[0m
 * Running on http://127.0.0.1:5000
2024-09-02 21:00:16,269 - werkzeug - INFO - [33mPress CTRL+C to quit[0m
2024-09-02 21:00:16,270 - werkzeug - INFO -  * Restarting with stat
2024-09-02 21:00:18,561 - app - INFO - Starting Flask application
2024-09-02 21:00:18,569 - werkzeug - WARNING -  * Debugger is active!
2024-09-02 21:00:18,570 - werkzeug - INFO -  * Debugger PIN: 512-499-312
2024-09-02 21:00:21,381 - app - INFO - Rendering index page
2024-09-02 21:00:21,388 - werkzeug - INFO - 127.0.0.1 - - [02/Sep/2024 21:00:21] "GET / HTTP/1.1" 200 -
2024-09-02 21:00:22,337 - werkzeug - INFO - 127.0.0.1 - - [02/Sep/2024 21:00:22] "[36mGET /static/images/oka.jpg HTTP/1.1[0m" 304 -
2024-09-02 21:00:26,081 - app - INFO - Rendering upload resume page
2024-09-02 21:00:26,084 - werkzeug - INFO - 127.0.0.1 - - [02/Sep/2024 21:00:26] "GET /upload_resume_page HTTP/1.1" 200 -
2024-09-02 21:00:32,612 - app - INFO - Received a file upload request
2024-09-02 21:00:33,300 - app - INFO - File OlusegunTewogbadeResume.pdf saved to /home/bishoptewogbade/genaiq/backend/static/uploads/temp_uploads/OlusegunTewogbadeResume.pdf
2024-09-02 21:00:33,314 - google.auth._default - WARNING - No project ID could be determined. Consider running `gcloud config set project` or setting the GOOGLE_CLOUD_PROJECT environment variable
2024-09-02 21:00:33,321 - google.auth._default - WARNING - No project ID could be determined. Consider running `gcloud config set project` or setting the GOOGLE_CLOUD_PROJECT environment variable
2024-09-02 21:00:34,343 - ai_service - INFO - File uploaded successfully to GCS: uploads/OlusegunTewogbadeResume.pdf
2024-09-02 21:00:34,343 - app - INFO - File URI: gs://genaiq_cloudbuild/uploads/OlusegunTewogbadeResume.pdf
2024-09-02 21:00:34,343 - app - INFO - Session data after upload: <SecureCookieSession {'ai_response': {'feedback_cards': [{'ats_match': '75%', 'description': "Olusegun's summary effectively highlights his passion for software development, his expertise in fintech, AI, and mobile app development, and his experience with Java Spring Boot, Python Flask, and Flutter. He also emphasizes his problem-solving approach and dedication to user-centric solutions. However, it could benefit from quantifying achievements to make the impact more tangible.", 'recommendations': ['Consider adding quantifiable results to your summary. For example, instead of "I\'ve designed and implemented impactful solutions", you could say "I designed and implemented solutions that increased user engagement by 20%" or "I led the development of a mobile app that achieved a 4.8-star rating on the app store." '], 'title': 'Summary'}, {'ats_match': '85%', 'description': "This section provides a solid overview of Olusegun's experience. He effectively describes his roles and responsibilities, highlighting key achievements like developing RESTful APIs, leading implementation of eAlert services, and contributing to mobile app development. The use of specific examples and quantifiable results is a strength, demonstrating the tangible impact of his work.", 'recommendations': ['Use action verbs at the start of each bullet point to make your accomplishments stand out. For example, "Developed and deployed RESTful APIs" could be changed to "Developed and deployed robust RESTful APIs." You could also consider adding a brief description of the project\'s objectives and challenges to provide context and further showcase your skills.'], 'title': 'Experience'}, {'ats_match': '90%', 'description': 'Olusegun lists a good range of skills, including programming languages, frameworks and libraries, and tools and platforms. This section effectively showcases his technical expertise and demonstrates his ability to work with different technologies.', 'recommendations': ['Consider organizing your skills into categories to make it easier for recruiters to quickly identify relevant skills. For example, you could have sections for "Programming Languages", "Frameworks and Libraries", and "Tools and Platforms". This will also make the section more visually appealing and improve readability.'], 'title': 'Skills'}, {'ats_match': '80%', 'description': "Olusegun's educational background is clearly presented, highlighting his degree in Computer Science from Catholic University College, Ghana. This section demonstrates his academic foundation in the field.", 'recommendations': ['Consider including any relevant coursework or projects that showcase your skills and experience. If you have any relevant certifications, include those as well.'], 'title': 'Education'}, {'ats_match': None, 'description': "Overall, Olusegun's resume is well-structured and presents a compelling case for his qualifications. However, there are a few minor improvements that could be made to enhance its impact.", 'recommendations': ['Use a consistent font throughout your resume. Use a professional-looking font like Arial, Times New Roman, or Calibri. Ensure your resume is formatted consistently. Use clear headings, bullet points, and white space to make your resume easy to read. Proofread carefully for any typos or grammatical errors.  Keep your resume concise and to the point.  Avoid using jargon or technical terms that may not be understood by a general audience. Tailor your resume to each specific job application. Highlight the skills and experience that are most relevant to the position you are applying for.'], 'title': 'Additional Tips'}], 'overall_feedback': "Olusegun's resume highlights a strong foundation in software development, demonstrating experience with popular languages and frameworks like Java Spring Boot, Python Flask, Flutter, and SQL. His work history showcases his ability to build and deploy solutions across various industries, including fintech, AI, and mobile development.  However, there are areas where the resume can be improved to highlight his accomplishments more effectively and optimize it for ATS scanning."}, 'file_uri': 'gs://genaiq_cloudbuild/uploads/OlusegunTewogbadeResume.pdf', 'filename': 'OlusegunTewogbadeResume.pdf'}>
2024-09-02 21:00:34,344 - app - INFO - File type is PDF
2024-09-02 21:00:34,344 - app - INFO - File OlusegunTewogbadeResume.pdf removed from local storage
2024-09-02 21:00:34,346 - werkzeug - INFO - 127.0.0.1 - - [02/Sep/2024 21:00:34] "POST /upload HTTP/1.1" 200 -
2024-09-02 21:00:35,301 - app - INFO - Received request to get feedback page
2024-09-02 21:00:35,301 - app - INFO - Session data at feedback page: filename=OlusegunTewogbadeResume.pdf, file_uri=gs://genaiq_cloudbuild/uploads/OlusegunTewogbadeResume.pdf
2024-09-02 21:00:35,302 - app - INFO - Calling AI service to process the file
2024-09-02 21:00:35,308 - google.auth._default - WARNING - No project ID could be determined. Consider running `gcloud config set project` or setting the GOOGLE_CLOUD_PROJECT environment variable
2024-09-02 21:00:35,315 - google.auth._default - WARNING - No project ID could be determined. Consider running `gcloud config set project` or setting the GOOGLE_CLOUD_PROJECT environment variable
2024-09-02 21:00:36,273 - ai_service - INFO - File downloaded successfully from GCS: gs://genaiq_cloudbuild/uploads/OlusegunTewogbadeResume.pdf
2024-09-02 21:00:36,490 - ai_service - INFO - Text extracted successfully from PDF.
2024-09-02 21:00:36,490 - ai_service - INFO - Initializing Vertex AI with the given project ID and location.
2024-09-02 21:00:36,491 - ai_service - INFO - Vertex AI initialized successfully.
2024-09-02 21:00:36,491 - ai_service - INFO - Loading the Vertex AI generative model.
2024-09-02 21:00:36,491 - ai_service - INFO - Preparing the prompt for Vertex AI.
2024-09-02 21:00:36,491 - ai_service - INFO - Creating a Part object from the extracted file text.
2024-09-02 21:00:36,492 - ai_service - INFO - Sending the prompt to Vertex AI for content generation.
2024-09-02 21:00:42,629 - ai_service - INFO - Received response from Vertex AI.
2024-09-02 21:00:42,631 - app - INFO - Analysis result: {'overall_feedback': "Olusegun, your resume showcases a strong foundation in software development with a clear focus on fintech and AI. You've demonstrated impressive technical skills, leadership qualities, and a proven ability to deliver impactful solutions. Your experience at Fasyl Technology Group, where you designed and deployed RESTful APIs for banks across Africa, is particularly impressive. However, there are areas where you can enhance your resume to further highlight your achievements and make it more ATS-friendly.", 'feedback_cards': [{'title': 'Summary', 'description': 'Your summary is concise and captures your passion for software development and focus on fintech, AI, and mobile app development.  It effectively highlights your key skills and experience.  However, it could be more impactful by quantifying your achievements.  For instance, instead of saying "I\'ve designed and implemented impactful solutions," you could say "I\'ve designed and implemented solutions that resulted in X% increase in efficiency." ', 'ats_match': '60%', 'recommendations': ['Quantify your achievements in the summary using metrics and numbers.', 'Use strong action verbs and keywords relevant to the target roles you are applying for.']}, {'title': 'Experience', 'description': "This section is well-structured and provides a good overview of your work experience. You've effectively demonstrated your responsibilities and accomplishments at each role, showcasing your technical skills, leadership, and problem-solving abilities. Your contributions at Fasyl Technology Group stand out, highlighting your expertise in API development and your experience working with major banks across Africa.", 'ats_match': '85%', 'recommendations': ['Use the STAR method (Situation, Task, Action, Result) to provide more detailed and impactful descriptions of your achievements.  This will help you demonstrate your skills and quantify your impact.  For example, instead of saying "Led implementation and deployment of eAlert service for OmniBSIC Ghana," you could say "Led the implementation and deployment of a new eAlert service for OmniBSIC Ghana, which resulted in a 70% reduction in response times and improved system reliability by integrating Kafka."', 'Use action verbs to start each bullet point, making your achievements more prominent and easily scannable for recruiters.', 'Consider adding a specific project title to each bullet point, making it easier for recruiters to quickly grasp the nature of your work.']}, {'title': 'Skills', 'description': 'This section effectively lists your technical skills and demonstrates your proficiency in various programming languages, frameworks, and tools.  However, it could be improved by categorizing the skills and prioritizing the most relevant ones for the target roles.', 'ats_match': '70%', 'recommendations': ['Organize your skills into categories (e.g., Programming Languages, Frameworks and Libraries, Tools and Platforms) to make them more scannable.', 'Highlight the most relevant skills for each job application by placing them at the top of the list.']}, {'title': 'Education', 'description': "This section is concise and clearly presents your educational background. You've mentioned your degree, institution, and graduation dates.", 'ats_match': '80%', 'recommendations': ['If applicable, consider adding any relevant coursework or projects that showcase your technical abilities.']}, {'title': 'Additional Information', 'description': 'While your personal information is clearly presented, consider adding a section for awards, certifications, or other relevant accomplishments. This can add value to your resume and demonstrate your commitment to professional development.', 'ats_match': '50%', 'recommendations': ['Add a section for awards, certifications, volunteer work, or relevant projects that showcase your skills and achievements beyond your professional experience.']}, {'title': 'ATS Match', 'description': 'Overall, your resume has a strong ATS match percentage. However, further optimization can improve its chances of being selected by ATS systems. By incorporating the suggested improvements, you can increase its visibility to recruiters and improve your chances of landing your dream job.', 'ats_match': '75%', 'recommendations': ['Use keywords relevant to the target roles you are applying for throughout your resume, especially in the summary, experience, and skills sections.', 'Ensure that your contact information is properly formatted and easily accessible.  Use a consistent font and font size throughout your resume to maintain a professional appearance.']}]}
2024-09-02 21:00:42,633 - werkzeug - INFO - 127.0.0.1 - - [02/Sep/2024 21:00:42] "[32mPOST /get_feedback_page HTTP/1.1[0m" 302 -
2024-09-02 21:00:42,853 - werkzeug - INFO - 127.0.0.1 - - [02/Sep/2024 21:00:42] "GET /feedback_summary HTTP/1.1" 200 -
2024-09-02 21:00:53,753 - werkzeug - INFO - 127.0.0.1 - - [02/Sep/2024 21:00:53] "GET /payment HTTP/1.1" 200 -
2024-09-02 21:00:57,002 - werkzeug - INFO - 127.0.0.1 - - [02/Sep/2024 21:00:57] "[32mPOST /payment HTTP/1.1[0m" 302 -
2024-09-02 21:00:57,201 - app - INFO - Received request to get feedback page
2024-09-02 21:00:57,201 - app - INFO - Session data at feedback page: filename=OlusegunTewogbadeResume.pdf, file_uri=gs://genaiq_cloudbuild/uploads/OlusegunTewogbadeResume.pdf
2024-09-02 21:00:57,202 - app - INFO - Calling AI service to process the file
2024-09-02 21:00:57,209 - google.auth._default - WARNING - No project ID could be determined. Consider running `gcloud config set project` or setting the GOOGLE_CLOUD_PROJECT environment variable
2024-09-02 21:00:57,214 - google.auth._default - WARNING - No project ID could be determined. Consider running `gcloud config set project` or setting the GOOGLE_CLOUD_PROJECT environment variable
2024-09-02 21:00:58,194 - ai_service - INFO - File downloaded successfully from GCS: gs://genaiq_cloudbuild/uploads/OlusegunTewogbadeResume.pdf
2024-09-02 21:00:58,285 - ai_service - INFO - Text extracted successfully from PDF.
2024-09-02 21:00:58,285 - ai_service - INFO - Initializing Vertex AI with the given project ID and location.
2024-09-02 21:00:58,285 - ai_service - INFO - Vertex AI initialized successfully.
2024-09-02 21:00:58,285 - ai_service - INFO - Loading the Vertex AI generative model.
2024-09-02 21:00:58,286 - ai_service - INFO - Preparing the prompt for Vertex AI.
2024-09-02 21:00:58,286 - ai_service - INFO - Creating a Part object from the extracted file text.
2024-09-02 21:00:58,286 - ai_service - INFO - Sending the prompt to Vertex AI for content generation.
2024-09-02 21:01:03,974 - ai_service - INFO - Received response from Vertex AI.
2024-09-02 21:01:03,977 - app - INFO - Analysis result: {'overall_feedback': "Olusegun has a strong resume that highlights his diverse technical skills, leadership experience, and commitment to making a positive impact.  He's clearly passionate about technology and has a proven track record of successfully delivering projects in various domains.  The resume could benefit from a more concise and structured approach, making it easier for recruiters to quickly identify key strengths and achievements.", 'feedback_cards': [{'title': 'Contact Information', 'description': "Olusegun's contact information is well presented and easy to find.  The links provided, however, are not formatted in a way that would be recognized by an ATS. ", 'ats_match': '70%', 'recommendations': ['Ensure all links are formatted correctly within the resume text. Use hyphens instead of spaces (e.g., https://www.linkedin.com/in/bamidele-tewogbade/) or use a standard URL shortener for a cleaner look.']}, {'title': 'Summary', 'description': "The summary effectively highlights Olusegun's passion for technology and his focus on fintech, AI, and mobile development.  The language is confident and conveys his desire to solve real-world problems. ", 'ats_match': '85%', 'recommendations': ["Consider adding a quantifiable achievement or two to demonstrate the impact of his work.  For example, 'Led a team of developers to implement a new AI-powered solution, resulting in a 20% increase in customer satisfaction.'"]}, {'title': 'Experience', 'description': "Olusegun's work experience showcases a breadth of skills and responsibilities.  The bullet points provide details of his accomplishments and contributions, but they could be more concise and impactful.  The information is presented chronologically, which is helpful, but the descriptions of each role could be more streamlined. ", 'ats_match': '90%', 'recommendations': ["Use the STAR method to write each bullet point.  Start with a concise action verb, describe the situation, the task you accomplished, and the results you achieved.  Quantify results whenever possible.  For example, instead of 'Developed and deployed RESTful APIs', you could write 'Developed and deployed RESTful APIs using Java Spring Boot, resulting in a 30% increase in transaction processing efficiency.'  Also, consider combining similar experiences under a single heading to create a more concise and impactful presentation."]}, {'title': 'Education', 'description': "The education section is well-presented, providing essential information about Olusegun's degree and institution. ", 'ats_match': '95%', 'recommendations': ["Consider adding a GPA if it's strong and relevant to the position you're applying for.  You could also mention any relevant coursework or projects that showcase your skills and interests."]}, {'title': 'Skills', 'description': "The skills section accurately lists Olusegun's technical expertise, demonstrating a strong foundation in programming languages, frameworks, and tools.  It would be helpful to include a brief description or example of how he has applied these skills in his past roles. ", 'ats_match': '80%', 'recommendations': ["Consider grouping the skills into categories (e.g., Programming Languages, Frameworks, Tools) for easier readability.  You could also add specific skills related to the position you're applying for, even if they are not listed in your summary."]}, {'title': 'Achievements', 'description': 'While the resume highlights achievements, it could be improved by quantifying them and adding details about the impact. ', 'ats_match': '65%', 'recommendations': ["Include specific achievements related to the job you're applying for.  Use action verbs and quantify results whenever possible.  For example, 'Led a team of developers to implement a new AI-powered solution, resulting in a 20% increase in customer satisfaction.'"]}]}
2024-09-02 21:01:03,981 - werkzeug - INFO - 127.0.0.1 - - [02/Sep/2024 21:01:03] "GET /full_report HTTP/1.1" 200 -
2024-09-02 21:03:52,390 - app - INFO - Starting Flask application
2024-09-02 21:03:52,403 - werkzeug - INFO - [31m[1mWARNING: This is a development server. Do not use it in a production deployment. Use a production WSGI server instead.[0m
 * Running on http://127.0.0.1:5000
2024-09-02 21:03:52,403 - werkzeug - INFO - [33mPress CTRL+C to quit[0m
2024-09-02 21:03:52,404 - werkzeug - INFO -  * Restarting with stat
2024-09-02 21:03:54,710 - app - INFO - Starting Flask application
2024-09-02 21:03:54,719 - werkzeug - WARNING -  * Debugger is active!
2024-09-02 21:03:54,720 - werkzeug - INFO -  * Debugger PIN: 512-499-312
2024-09-02 21:03:58,342 - app - INFO - Rendering index page
2024-09-02 21:03:58,348 - werkzeug - INFO - 127.0.0.1 - - [02/Sep/2024 21:03:58] "GET / HTTP/1.1" 200 -
2024-09-02 21:03:59,338 - werkzeug - INFO - 127.0.0.1 - - [02/Sep/2024 21:03:59] "[36mGET /static/images/oka.jpg HTTP/1.1[0m" 304 -
2024-09-02 21:04:03,572 - app - INFO - Rendering upload resume page
2024-09-02 21:04:03,575 - werkzeug - INFO - 127.0.0.1 - - [02/Sep/2024 21:04:03] "GET /upload_resume_page HTTP/1.1" 200 -
2024-09-02 21:04:12,842 - app - INFO - Received a file upload request
2024-09-02 21:04:13,700 - app - INFO - File Olusegun_Tewogbade.pdf saved to /home/bishoptewogbade/genaiq/backend/static/uploads/temp_uploads/Olusegun_Tewogbade.pdf
2024-09-02 21:04:13,715 - google.auth._default - WARNING - No project ID could be determined. Consider running `gcloud config set project` or setting the GOOGLE_CLOUD_PROJECT environment variable
2024-09-02 21:04:13,721 - google.auth._default - WARNING - No project ID could be determined. Consider running `gcloud config set project` or setting the GOOGLE_CLOUD_PROJECT environment variable
2024-09-02 21:04:14,652 - ai_service - INFO - File uploaded successfully to GCS: uploads/Olusegun_Tewogbade.pdf
2024-09-02 21:04:14,652 - app - INFO - File URI: gs://genaiq_cloudbuild/uploads/Olusegun_Tewogbade.pdf
2024-09-02 21:04:14,653 - app - INFO - Session data after upload: <SecureCookieSession {'ai_response': {'feedback_cards': [{'ats_match': '60%', 'description': 'Your summary is concise and captures your passion for software development and focus on fintech, AI, and mobile app development.  It effectively highlights your key skills and experience.  However, it could be more impactful by quantifying your achievements.  For instance, instead of saying "I\'ve designed and implemented impactful solutions," you could say "I\'ve designed and implemented solutions that resulted in X% increase in efficiency." ', 'recommendations': ['Quantify your achievements in the summary using metrics and numbers.', 'Use strong action verbs and keywords relevant to the target roles you are applying for.'], 'title': 'Summary'}, {'ats_match': '85%', 'description': "This section is well-structured and provides a good overview of your work experience. You've effectively demonstrated your responsibilities and accomplishments at each role, showcasing your technical skills, leadership, and problem-solving abilities. Your contributions at Fasyl Technology Group stand out, highlighting your expertise in API development and your experience working with major banks across Africa.", 'recommendations': ['Use the STAR method (Situation, Task, Action, Result) to provide more detailed and impactful descriptions of your achievements.  This will help you demonstrate your skills and quantify your impact.  For example, instead of saying "Led implementation and deployment of eAlert service for OmniBSIC Ghana," you could say "Led the implementation and deployment of a new eAlert service for OmniBSIC Ghana, which resulted in a 70% reduction in response times and improved system reliability by integrating Kafka."', 'Use action verbs to start each bullet point, making your achievements more prominent and easily scannable for recruiters.', 'Consider adding a specific project title to each bullet point, making it easier for recruiters to quickly grasp the nature of your work.'], 'title': 'Experience'}, {'ats_match': '70%', 'description': 'This section effectively lists your technical skills and demonstrates your proficiency in various programming languages, frameworks, and tools.  However, it could be improved by categorizing the skills and prioritizing the most relevant ones for the target roles.', 'recommendations': ['Organize your skills into categories (e.g., Programming Languages, Frameworks and Libraries, Tools and Platforms) to make them more scannable.', 'Highlight the most relevant skills for each job application by placing them at the top of the list.'], 'title': 'Skills'}, {'ats_match': '80%', 'description': "This section is concise and clearly presents your educational background. You've mentioned your degree, institution, and graduation dates.", 'recommendations': ['If applicable, consider adding any relevant coursework or projects that showcase your technical abilities.'], 'title': 'Education'}, {'ats_match': '50%', 'description': 'While your personal information is clearly presented, consider adding a section for awards, certifications, or other relevant accomplishments. This can add value to your resume and demonstrate your commitment to professional development.', 'recommendations': ['Add a section for awards, certifications, volunteer work, or relevant projects that showcase your skills and achievements beyond your professional experience.'], 'title': 'Additional Information'}, {'ats_match': '75%', 'description': 'Overall, your resume has a strong ATS match percentage. However, further optimization can improve its chances of being selected by ATS systems. By incorporating the suggested improvements, you can increase its visibility to recruiters and improve your chances of landing your dream job.', 'recommendations': ['Use keywords relevant to the target roles you are applying for throughout your resume, especially in the summary, experience, and skills sections.', 'Ensure that your contact information is properly formatted and easily accessible.  Use a consistent font and font size throughout your resume to maintain a professional appearance.'], 'title': 'ATS Match'}], 'overall_feedback': "Olusegun, your resume showcases a strong foundation in software development with a clear focus on fintech and AI. You've demonstrated impressive technical skills, leadership qualities, and a proven ability to deliver impactful solutions. Your experience at Fasyl Technology Group, where you designed and deployed RESTful APIs for banks across Africa, is particularly impressive. However, there are areas where you can enhance your resume to further highlight your achievements and make it more ATS-friendly."}, 'file_uri': 'gs://genaiq_cloudbuild/uploads/Olusegun_Tewogbade.pdf', 'filename': 'Olusegun_Tewogbade.pdf'}>
2024-09-02 21:04:14,653 - app - INFO - File type is PDF
2024-09-02 21:04:14,653 - app - INFO - File Olusegun_Tewogbade.pdf removed from local storage
2024-09-02 21:04:14,654 - werkzeug - INFO - 127.0.0.1 - - [02/Sep/2024 21:04:14] "POST /upload HTTP/1.1" 200 -
2024-09-02 21:04:16,772 - app - INFO - Received request to get feedback page
2024-09-02 21:04:16,772 - app - INFO - Session data at feedback page: filename=Olusegun_Tewogbade.pdf, file_uri=gs://genaiq_cloudbuild/uploads/Olusegun_Tewogbade.pdf
2024-09-02 21:04:16,773 - app - INFO - Calling AI service to process the file
2024-09-02 21:04:16,779 - google.auth._default - WARNING - No project ID could be determined. Consider running `gcloud config set project` or setting the GOOGLE_CLOUD_PROJECT environment variable
2024-09-02 21:04:16,785 - google.auth._default - WARNING - No project ID could be determined. Consider running `gcloud config set project` or setting the GOOGLE_CLOUD_PROJECT environment variable
2024-09-02 21:04:17,892 - ai_service - INFO - File downloaded successfully from GCS: gs://genaiq_cloudbuild/uploads/Olusegun_Tewogbade.pdf
2024-09-02 21:04:17,988 - ai_service - INFO - Text extracted successfully from PDF.
2024-09-02 21:04:17,988 - ai_service - INFO - Initializing Vertex AI with the given project ID and location.
2024-09-02 21:04:17,989 - ai_service - INFO - Vertex AI initialized successfully.
2024-09-02 21:04:17,989 - ai_service - INFO - Loading the Vertex AI generative model.
2024-09-02 21:04:17,990 - ai_service - INFO - Preparing the prompt for Vertex AI.
2024-09-02 21:04:17,990 - ai_service - INFO - Creating a Part object from the extracted file text.
2024-09-02 21:04:17,990 - ai_service - INFO - Sending the prompt to Vertex AI for content generation.
2024-09-02 21:04:23,889 - ai_service - INFO - Received response from Vertex AI.
2024-09-02 21:04:23,891 - app - INFO - Analysis result: {'overall_feedback': "Olusegun's resume showcases a solid foundation in software development with a strong focus on fintech, AI, and mobile app development. He has demonstrated his skills in various languages and frameworks through a diverse set of experiences. The resume is well-structured and highlights his achievements. However, it could benefit from further refining some of the details to enhance the overall impact.", 'feedback_cards': [{'title': 'Summary', 'description': 'Olusegun\'s summary effectively captures his passion for software development and his key areas of expertise. It highlights his experience with Fintech, AI, and mobile app development. While it\'s concise and to the point, it could be made more impactful by quantifying some of the achievements mentioned. For example, instead of saying "designed and implemented impactful solutions", consider highlighting the specific impact, such as "designed and implemented solutions that increased user engagement by 20%" or "developed AI models that improved efficiency by 15%."', 'ats_match': '80%', 'recommendations': ['Quantify achievements in the summary to make it more impactful.', 'Consider adding a keyword or two related to your target job description.', 'Use a strong action verb to start the summary.']}, {'title': 'Experience', 'description': 'Olusegun provides detailed descriptions of his work experience, highlighting his key responsibilities and accomplishments. The use of numbers and percentages to quantify achievements is commendable and adds weight to his claims. For example, mentioning that he "reduced response times by 60%" and "increased efficiency by 40%" demonstrates tangible results. However, consider using more concise language to convey the information efficiently. The paragraphs could be shortened by removing unnecessary words or phrases.', 'ats_match': '90%', 'recommendations': ['Focus on the most relevant and impactful achievements for each role.', 'Use bullet points to structure the information for easier readability.', 'Replace lengthy sentences with concise phrases.', 'Highlight your contributions to the specific projects you worked on.']}, {'title': 'Skills', 'description': 'Olusegun lists a comprehensive set of skills, including programming languages, frameworks and libraries, and tools and platforms. This is a valuable section for showcasing his technical proficiency. However, it could be enhanced by grouping the skills more strategically to align with the specific roles he\'s targeting. For example, consider organizing the skills into categories like "Programming Languages", "Frameworks & Libraries", "Database Technologies", "Cloud Technologies", etc.', 'ats_match': '95%', 'recommendations': ['Group skills into relevant categories.', 'Prioritize the most relevant skills for the target job description.', 'Consider adding a few quantifiable skills, such as "Proficient in Agile methodologies" or "Experienced in Test-Driven Development".']}, {'title': 'Education', 'description': "The education section is well-formatted and clearly outlines Olusegun's academic background. It includes the name of the institution, the degree obtained, and the duration of study. However, it could benefit from including relevant coursework or projects that demonstrate his technical abilities and align with his career aspirations. For example, mentioning a project involving Fintech, AI, or mobile app development would further strengthen this section.", 'ats_match': '85%', 'recommendations': ['Highlight relevant coursework or projects.', 'Consider adding a brief description of a capstone project or thesis.', 'Use action verbs to describe your contributions.']}, {'title': 'Overall Resume', 'description': "Olusegun's resume demonstrates strong technical skills and experience in various software development domains. He has successfully utilized quantifiable results to showcase his impact. The resume is well-organized and easy to read. However, minor refinements, such as streamlining the language and grouping skills strategically, could further enhance its effectiveness.", 'ats_match': '85%', 'recommendations': ['Ensure the resume is tailored to the specific job description.', 'Proofread carefully for any errors in grammar or spelling.', 'Use a professional resume template that is visually appealing.']}]}
2024-09-02 21:04:23,892 - werkzeug - INFO - 127.0.0.1 - - [02/Sep/2024 21:04:23] "[32mPOST /get_feedback_page HTTP/1.1[0m" 302 -
2024-09-02 21:04:24,144 - werkzeug - INFO - 127.0.0.1 - - [02/Sep/2024 21:04:24] "GET /feedback_summary HTTP/1.1" 200 -
2024-09-02 21:04:47,545 - werkzeug - INFO - 127.0.0.1 - - [02/Sep/2024 21:04:47] "GET /payment HTTP/1.1" 200 -
2024-09-02 21:06:50,221 - werkzeug - INFO - 127.0.0.1 - - [02/Sep/2024 21:06:50] "GET /payment HTTP/1.1" 200 -
2024-09-02 21:06:58,321 - werkzeug - INFO - 127.0.0.1 - - [02/Sep/2024 21:06:58] "GET /payment HTTP/1.1" 200 -
2024-09-02 21:09:32,781 - app - INFO - Starting Flask application
2024-09-02 21:09:32,793 - werkzeug - INFO - [31m[1mWARNING: This is a development server. Do not use it in a production deployment. Use a production WSGI server instead.[0m
 * Running on http://127.0.0.1:5000
2024-09-02 21:09:32,793 - werkzeug - INFO - [33mPress CTRL+C to quit[0m
2024-09-02 21:09:32,794 - werkzeug - INFO -  * Restarting with stat
2024-09-02 21:09:35,089 - app - INFO - Starting Flask application
2024-09-02 21:09:35,099 - werkzeug - WARNING -  * Debugger is active!
2024-09-02 21:09:35,099 - werkzeug - INFO -  * Debugger PIN: 512-499-312
2024-09-02 21:09:38,581 - app - INFO - Rendering index page
2024-09-02 21:09:38,588 - werkzeug - INFO - 127.0.0.1 - - [02/Sep/2024 21:09:38] "GET / HTTP/1.1" 200 -
2024-09-02 21:09:39,457 - werkzeug - INFO - 127.0.0.1 - - [02/Sep/2024 21:09:39] "[36mGET /static/images/oka.jpg HTTP/1.1[0m" 304 -
2024-09-02 21:09:43,551 - app - INFO - Rendering upload resume page
2024-09-02 21:09:43,554 - werkzeug - INFO - 127.0.0.1 - - [02/Sep/2024 21:09:43] "GET /upload_resume_page HTTP/1.1" 200 -
2024-09-02 21:09:51,791 - app - INFO - Received a file upload request
2024-09-02 21:09:52,458 - app - INFO - File Olusegun_Tewogbade.pdf saved to /home/bishoptewogbade/genaiq/backend/static/uploads/temp_uploads/Olusegun_Tewogbade.pdf
2024-09-02 21:09:52,473 - google.auth._default - WARNING - No project ID could be determined. Consider running `gcloud config set project` or setting the GOOGLE_CLOUD_PROJECT environment variable
2024-09-02 21:09:52,480 - google.auth._default - WARNING - No project ID could be determined. Consider running `gcloud config set project` or setting the GOOGLE_CLOUD_PROJECT environment variable
2024-09-02 21:09:53,412 - ai_service - INFO - File uploaded successfully to GCS: uploads/Olusegun_Tewogbade.pdf
2024-09-02 21:09:53,413 - app - INFO - File URI: gs://genaiq_cloudbuild/uploads/Olusegun_Tewogbade.pdf
2024-09-02 21:09:53,413 - app - INFO - Session data after upload: <SecureCookieSession {'ai_response': {'feedback_cards': [{'ats_match': '80%', 'description': 'Olusegun\'s summary effectively captures his passion for software development and his key areas of expertise. It highlights his experience with Fintech, AI, and mobile app development. While it\'s concise and to the point, it could be made more impactful by quantifying some of the achievements mentioned. For example, instead of saying "designed and implemented impactful solutions", consider highlighting the specific impact, such as "designed and implemented solutions that increased user engagement by 20%" or "developed AI models that improved efficiency by 15%."', 'recommendations': ['Quantify achievements in the summary to make it more impactful.', 'Consider adding a keyword or two related to your target job description.', 'Use a strong action verb to start the summary.'], 'title': 'Summary'}, {'ats_match': '90%', 'description': 'Olusegun provides detailed descriptions of his work experience, highlighting his key responsibilities and accomplishments. The use of numbers and percentages to quantify achievements is commendable and adds weight to his claims. For example, mentioning that he "reduced response times by 60%" and "increased efficiency by 40%" demonstrates tangible results. However, consider using more concise language to convey the information efficiently. The paragraphs could be shortened by removing unnecessary words or phrases.', 'recommendations': ['Focus on the most relevant and impactful achievements for each role.', 'Use bullet points to structure the information for easier readability.', 'Replace lengthy sentences with concise phrases.', 'Highlight your contributions to the specific projects you worked on.'], 'title': 'Experience'}, {'ats_match': '95%', 'description': 'Olusegun lists a comprehensive set of skills, including programming languages, frameworks and libraries, and tools and platforms. This is a valuable section for showcasing his technical proficiency. However, it could be enhanced by grouping the skills more strategically to align with the specific roles he\'s targeting. For example, consider organizing the skills into categories like "Programming Languages", "Frameworks & Libraries", "Database Technologies", "Cloud Technologies", etc.', 'recommendations': ['Group skills into relevant categories.', 'Prioritize the most relevant skills for the target job description.', 'Consider adding a few quantifiable skills, such as "Proficient in Agile methodologies" or "Experienced in Test-Driven Development".'], 'title': 'Skills'}, {'ats_match': '85%', 'description': "The education section is well-formatted and clearly outlines Olusegun's academic background. It includes the name of the institution, the degree obtained, and the duration of study. However, it could benefit from including relevant coursework or projects that demonstrate his technical abilities and align with his career aspirations. For example, mentioning a project involving Fintech, AI, or mobile app development would further strengthen this section.", 'recommendations': ['Highlight relevant coursework or projects.', 'Consider adding a brief description of a capstone project or thesis.', 'Use action verbs to describe your contributions.'], 'title': 'Education'}, {'ats_match': '85%', 'description': "Olusegun's resume demonstrates strong technical skills and experience in various software development domains. He has successfully utilized quantifiable results to showcase his impact. The resume is well-organized and easy to read. However, minor refinements, such as streamlining the language and grouping skills strategically, could further enhance its effectiveness.", 'recommendations': ['Ensure the resume is tailored to the specific job description.', 'Proofread carefully for any errors in grammar or spelling.', 'Use a professional resume template that is visually appealing.'], 'title': 'Overall Resume'}], 'overall_feedback': "Olusegun's resume showcases a solid foundation in software development with a strong focus on fintech, AI, and mobile app development. He has demonstrated his skills in various languages and frameworks through a diverse set of experiences. The resume is well-structured and highlights his achievements. However, it could benefit from further refining some of the details to enhance the overall impact."}, 'file_uri': 'gs://genaiq_cloudbuild/uploads/Olusegun_Tewogbade.pdf', 'filename': 'Olusegun_Tewogbade.pdf'}>
2024-09-02 21:09:53,413 - app - INFO - File type is PDF
2024-09-02 21:09:53,414 - app - INFO - File Olusegun_Tewogbade.pdf removed from local storage
2024-09-02 21:09:53,415 - werkzeug - INFO - 127.0.0.1 - - [02/Sep/2024 21:09:53] "POST /upload HTTP/1.1" 200 -
2024-09-02 21:09:54,942 - app - INFO - Received request to get feedback page
2024-09-02 21:09:54,942 - app - INFO - Session data at feedback page: filename=Olusegun_Tewogbade.pdf, file_uri=gs://genaiq_cloudbuild/uploads/Olusegun_Tewogbade.pdf
2024-09-02 21:09:54,942 - app - INFO - Calling AI service to process the file
2024-09-02 21:09:54,949 - google.auth._default - WARNING - No project ID could be determined. Consider running `gcloud config set project` or setting the GOOGLE_CLOUD_PROJECT environment variable
2024-09-02 21:09:54,954 - google.auth._default - WARNING - No project ID could be determined. Consider running `gcloud config set project` or setting the GOOGLE_CLOUD_PROJECT environment variable
2024-09-02 21:09:55,909 - ai_service - INFO - File downloaded successfully from GCS: gs://genaiq_cloudbuild/uploads/Olusegun_Tewogbade.pdf
2024-09-02 21:09:56,001 - ai_service - INFO - Text extracted successfully from PDF.
2024-09-02 21:09:56,001 - ai_service - INFO - Initializing Vertex AI with the given project ID and location.
2024-09-02 21:09:56,002 - ai_service - INFO - Vertex AI initialized successfully.
2024-09-02 21:09:56,002 - ai_service - INFO - Loading the Vertex AI generative model.
2024-09-02 21:09:56,002 - ai_service - INFO - Preparing the prompt for Vertex AI.
2024-09-02 21:09:56,002 - ai_service - INFO - Creating a Part object from the extracted file text.
2024-09-02 21:09:56,003 - ai_service - INFO - Sending the prompt to Vertex AI for content generation.
2024-09-02 21:10:01,206 - ai_service - INFO - Received response from Vertex AI.
2024-09-02 21:10:01,208 - app - INFO - Analysis result: {'overall_feedback': "Olusegun's resume showcases a strong foundation in software development with a clear focus on fintech and AI. The resume highlights impressive experience in diverse roles, showcasing both technical prowess and leadership qualities.  He demonstrates a knack for problem-solving and driving efficiency through technological solutions. However, some areas could be strengthened to enhance the resume's impact.", 'feedback_cards': [{'title': 'Summary', 'description': "Olusegun's summary effectively captures his passion for software development, emphasizing his expertise in fintech, AI, and mobile development. The mention of specific technologies like Java Spring Boot, Python Flask, and Flutter adds credibility to his claims. It effectively communicates his core strengths and career aspirations.", 'ats_match': '75%', 'recommendations': ["Consider adding a quantifiable achievement to highlight the impact of your work. For example, 'Developed and implemented a solution that increased customer satisfaction by 15%'."]}, {'title': 'Experience', 'description': "Olusegun's work experience section is robust and well-structured. He provides detailed descriptions of his responsibilities and achievements at each company, emphasizing his technical skills and contributions to impactful projects. The specific examples, like integrating Kafka to improve performance and transitioning services from Python Flask to Java Spring Boot, demonstrate his problem-solving abilities and drive for efficiency. The mention of leading the AI department at Abeyie Innovation Studios underscores his leadership potential.", 'ats_match': '85%', 'recommendations': ["For each role, consider quantifying your accomplishments further. For example, instead of 'Improved performance for over 500 SMEs,' mention 'Increased user engagement by 20% for 500 SMEs through improved app performance.'", "Consider using action verbs to start each bullet point to emphasize your active role, such as 'Led the development,' 'Developed and implemented,' 'Successfully integrated,' etc."]}, {'title': 'Education', 'description': "The education section adequately provides details about Olusegun's academic background. Mentioning the degree and the institution is sufficient. However,  consider adding a relevant coursework or project that demonstrates your technical skills.", 'ats_match': '70%', 'recommendations': ["Highlight a relevant project or coursework that demonstrates your technical skills and aligns with your career goals. For example, 'Developed a mobile application using Flutter for a specific purpose' or 'Led a team to design and implement a project using Java Spring Boot.'"]}, {'title': 'Skills', 'description': "Olusegun's skills section effectively showcases his programming language proficiency and familiarity with frameworks and tools. This provides a clear understanding of his technical capabilities.  The inclusion of specific technologies like Spring Boot, Angular, Flutter, Flask, Kafka, and Git is valuable for recruiters.", 'ats_match': '90%', 'recommendations': ['Consider using a skills matrix format to organize your skills. This can improve readability and make it easier for recruiters to quickly assess your abilities. \n For example:\n **Programming Languages:**\n  - Java - Expert \n  - Python - Expert\n  - Dart - Proficient\n **Frameworks and Libraries:** \n  - Spring Boot - Expert\n  - Angular - Proficient\n  - Flutter - Advanced']}]}
2024-09-02 21:10:01,209 - werkzeug - INFO - 127.0.0.1 - - [02/Sep/2024 21:10:01] "[32mPOST /get_feedback_page HTTP/1.1[0m" 302 -
2024-09-02 21:10:01,422 - werkzeug - INFO - 127.0.0.1 - - [02/Sep/2024 21:10:01] "GET /feedback_summary HTTP/1.1" 200 -
2024-09-02 21:10:15,003 - werkzeug - INFO - 127.0.0.1 - - [02/Sep/2024 21:10:15] "GET /payment HTTP/1.1" 200 -
2024-09-02 21:10:17,930 - app - INFO - Received request to get feedback page
2024-09-02 21:10:17,931 - app - INFO - Session data at feedback page: filename=Olusegun_Tewogbade.pdf, file_uri=gs://genaiq_cloudbuild/uploads/Olusegun_Tewogbade.pdf
2024-09-02 21:10:17,931 - app - INFO - Calling AI service to process the file
2024-09-02 21:10:17,938 - google.auth._default - WARNING - No project ID could be determined. Consider running `gcloud config set project` or setting the GOOGLE_CLOUD_PROJECT environment variable
2024-09-02 21:10:17,945 - google.auth._default - WARNING - No project ID could be determined. Consider running `gcloud config set project` or setting the GOOGLE_CLOUD_PROJECT environment variable
2024-09-02 21:10:18,947 - ai_service - INFO - File downloaded successfully from GCS: gs://genaiq_cloudbuild/uploads/Olusegun_Tewogbade.pdf
2024-09-02 21:10:19,164 - ai_service - INFO - Text extracted successfully from PDF.
2024-09-02 21:10:19,164 - ai_service - INFO - Initializing Vertex AI with the given project ID and location.
2024-09-02 21:10:19,165 - ai_service - INFO - Vertex AI initialized successfully.
2024-09-02 21:10:19,165 - ai_service - INFO - Loading the Vertex AI generative model.
2024-09-02 21:10:19,165 - ai_service - INFO - Preparing the prompt for Vertex AI.
2024-09-02 21:10:19,165 - ai_service - INFO - Creating a Part object from the extracted file text.
2024-09-02 21:10:19,166 - ai_service - INFO - Sending the prompt to Vertex AI for content generation.
2024-09-02 21:10:25,178 - ai_service - INFO - Received response from Vertex AI.
2024-09-02 21:10:25,180 - app - INFO - Analysis result: {'overall_feedback': "Olusegun's resume showcases a strong foundation in software development with a focus on fintech and AI. His experience with various languages and frameworks demonstrates his technical skills and adaptability. The resume effectively highlights his accomplishments with quantifiable results, demonstrating his impact in previous roles. However, some formatting and content improvements can enhance its readability and impact on potential employers.", 'feedback_cards': [{'title': 'Summary', 'description': "Olusegun's summary provides a good overview of his skills and interests, showcasing his passion for fintech, AI, and mobile app development. It effectively highlights his ability to deliver impactful solutions using various technologies. However, it could benefit from a more concise and impactful statement. Consider starting with a strong action verb and quantifying his achievements.", 'ats_match': '75%', 'recommendations': ["Revise the summary to be more concise and impactful. Start with a strong action verb and quantify achievements.  For example,  'Highly motivated software developer with 2+ years of experience in building robust fintech solutions using Java Spring Boot, Python Flask, and Flutter. Proven track record of successfully implementing solutions that have improved efficiency by 60% and user satisfaction by 20%.'", "Include keywords related to your target roles, like 'Fintech Developer,' 'AI Engineer,' or 'Mobile App Developer'"]}, {'title': 'Experience', 'description': "Olusegun's work experience section demonstrates a solid track record in software development. He effectively quantifies his achievements, providing specific examples of his contributions and their impact. His experience with various projects, technologies, and roles highlights his versatility and problem-solving abilities.  The bullet points in his experience sections are well-structured and clear. The descriptions are detailed and provide clear insights into Olusegun's responsibilities and accomplishments. He also uses strong action verbs and quantifiable metrics, which makes his achievements more impactful.", 'ats_match': '85%', 'recommendations': ['Consider using a consistent format for each experience entry to improve readability. For example, start each bullet point with an action verb, followed by a brief description of the task, and then the results achieved.  This structure ensures clarity and consistency.', 'Highlight his leadership experience by emphasizing his role in leading the AI department at Abeyie Innovation Studios.']}, {'title': 'Skills', 'description': "Olusegun's skills section showcases a comprehensive set of technical abilities, including programming languages, frameworks, and tools. This section effectively demonstrates his competency in various technologies relevant to his field.  The section includes a broad range of relevant skills, demonstrating Olusegun's proficiency in popular programming languages, frameworks, and tools.", 'ats_match': '80%', 'recommendations': ["Group skills into categories (e.g., Programming Languages, Frameworks, Tools) to improve readability.  This helps recruiters quickly identify relevant skills.  Consider adding specific skills that are highly desired in your target roles, such as 'Microservices,' 'Cloud Computing,' or 'DevOps.'", "Consider including soft skills like 'Communication,' 'Teamwork,' 'Problem-solving,' or 'Time Management' to highlight your well-rounded abilities"]}, {'title': 'Education', 'description': "Olusegun's educational background aligns well with his professional experience. He earned a BSC in Computer Science from Catholic University College, Ghana. This qualification provides a solid foundation for his work in software development.", 'ats_match': '75%', 'recommendations': ['You can optionally include any relevant coursework or projects from your degree that are aligned with your career goals to highlight your specific skills and knowledge.']}, {'title': 'Overall ATS Match', 'description': "Olusegun's resume has a strong ATS match percentage, which signifies that his resume is effectively conveying his skills and experience to Applicant Tracking Systems. However, optimizing the resume further by incorporating relevant keywords and refining the structure can boost its score even more.", 'ats_match': '80%', 'recommendations': ['Use a tool like Jobscan to analyze your resume against specific job descriptions. This will identify areas for improvement and help you tailor your resume for each application.']}]}
2024-09-02 21:10:25,183 - werkzeug - INFO - 127.0.0.1 - - [02/Sep/2024 21:10:25] "GET /full_report HTTP/1.1" 200 -
2024-09-02 21:10:43,972 - werkzeug - INFO - 127.0.0.1 - - [02/Sep/2024 21:10:43] "GET /payment HTTP/1.1" 200 -
2024-09-02 21:11:53,241 - werkzeug - INFO - 127.0.0.1 - - [02/Sep/2024 21:11:53] "[32mPOST /payment HTTP/1.1[0m" 302 -
2024-09-02 21:11:53,441 - app - INFO - Received request to get feedback page
2024-09-02 21:11:53,441 - app - INFO - Session data at feedback page: filename=Olusegun_Tewogbade.pdf, file_uri=gs://genaiq_cloudbuild/uploads/Olusegun_Tewogbade.pdf
2024-09-02 21:11:53,442 - app - INFO - Calling AI service to process the file
2024-09-02 21:11:53,449 - google.auth._default - WARNING - No project ID could be determined. Consider running `gcloud config set project` or setting the GOOGLE_CLOUD_PROJECT environment variable
2024-09-02 21:11:53,456 - google.auth._default - WARNING - No project ID could be determined. Consider running `gcloud config set project` or setting the GOOGLE_CLOUD_PROJECT environment variable
2024-09-02 21:11:54,443 - ai_service - INFO - File downloaded successfully from GCS: gs://genaiq_cloudbuild/uploads/Olusegun_Tewogbade.pdf
2024-09-02 21:11:54,532 - ai_service - INFO - Text extracted successfully from PDF.
2024-09-02 21:11:54,533 - ai_service - INFO - Initializing Vertex AI with the given project ID and location.
2024-09-02 21:11:54,533 - ai_service - INFO - Vertex AI initialized successfully.
2024-09-02 21:11:54,533 - ai_service - INFO - Loading the Vertex AI generative model.
2024-09-02 21:11:54,533 - ai_service - INFO - Preparing the prompt for Vertex AI.
2024-09-02 21:11:54,533 - ai_service - INFO - Creating a Part object from the extracted file text.
2024-09-02 21:11:54,534 - ai_service - INFO - Sending the prompt to Vertex AI for content generation.
2024-09-02 21:11:58,389 - ai_service - INFO - Received response from Vertex AI.
2024-09-02 21:11:58,391 - app - INFO - Analysis result: {'overall_feedback': "Olusegun's resume showcases a strong foundation in software development with notable experience in Fintech, AI, and mobile app development. He demonstrates a clear understanding of key technologies and possesses a strong track record of delivering impactful solutions.  However, there are areas where the resume could be strengthened to better highlight his accomplishments and make him stand out to recruiters.", 'feedback_cards': [{'title': 'Summary', 'description': "Olusegun's summary effectively introduces his passion for software development and highlights his key skill areas in Fintech, AI, and mobile app development.  It would be even more impactful if he could quantify his achievements in the summary, for example, mentioning a specific project where he successfully implemented AI to improve efficiency by a certain percentage.", 'ats_match': '80%', 'recommendations': ["Consider quantifying achievements in the summary using metrics or specific examples.  For instance, instead of mentioning 'making technology work for people', try 'driving  X% improvement in efficiency through AI-powered solutions.'"]}, {'title': 'Experience', 'description': "Olusegun's experience section is strong, showcasing his diverse roles and accomplishments.  He effectively demonstrates his technical proficiency with technologies like Java Spring Boot, Python Flask, Flutter, and various databases. The resume provides good detail on his responsibilities and projects, giving a clear picture of his contributions. However, the quantifiable results could be further emphasized.", 'ats_match': '90%', 'recommendations': ["Focus on quantifying results for each role. For example, instead of 'reduced response times by 60%', mention 'reduced response times by 60% from X to Y, resulting in improved customer satisfaction and a Z% increase in system reliability.'", "Consider using action verbs to start each bullet point, making the achievements more impactful.  Instead of 'Designed and deployed', try 'Developed and deployed.'"]}, {'title': 'Skills', 'description': 'The skills section lists a strong set of programming languages, frameworks, and tools that Olusegun is proficient in. This section clearly demonstrates his technical expertise and adaptability.', 'ats_match': '95%', 'recommendations': ["Consider organizing the skills into categories such as 'Programming Languages', 'Frameworks & Libraries', and 'Tools & Platforms' for better readability."]}]}
2024-09-02 21:11:58,392 - werkzeug - INFO - 127.0.0.1 - - [02/Sep/2024 21:11:58] "GET /full_report HTTP/1.1" 200 -
2024-09-02 21:22:18,430 - app - INFO - Starting Flask application
2024-09-02 21:22:18,442 - werkzeug - INFO - [31m[1mWARNING: This is a development server. Do not use it in a production deployment. Use a production WSGI server instead.[0m
 * Running on http://127.0.0.1:5000
2024-09-02 21:22:18,442 - werkzeug - INFO - [33mPress CTRL+C to quit[0m
2024-09-02 21:22:18,443 - werkzeug - INFO -  * Restarting with stat
2024-09-02 21:22:20,734 - app - INFO - Starting Flask application
2024-09-02 21:22:20,742 - werkzeug - WARNING -  * Debugger is active!
2024-09-02 21:22:20,743 - werkzeug - INFO -  * Debugger PIN: 512-499-312
2024-09-02 21:22:23,846 - app - INFO - Rendering index page
2024-09-02 21:22:23,852 - werkzeug - INFO - 127.0.0.1 - - [02/Sep/2024 21:22:23] "GET / HTTP/1.1" 200 -
2024-09-02 21:22:24,751 - werkzeug - INFO - 127.0.0.1 - - [02/Sep/2024 21:22:24] "[36mGET /static/images/oka.jpg HTTP/1.1[0m" 304 -
2024-09-02 21:26:51,816 - app - INFO - Rendering index page
2024-09-02 21:26:51,819 - werkzeug - INFO - 127.0.0.1 - - [02/Sep/2024 21:26:51] "GET / HTTP/1.1" 200 -
2024-09-02 21:26:52,666 - werkzeug - INFO - 127.0.0.1 - - [02/Sep/2024 21:26:52] "[36mGET /static/images/oka.jpg HTTP/1.1[0m" 304 -
2024-09-02 21:32:18,228 - app - INFO - Rendering index page
2024-09-02 21:32:18,231 - werkzeug - INFO - 127.0.0.1 - - [02/Sep/2024 21:32:18] "GET / HTTP/1.1" 200 -
2024-09-02 21:32:32,930 - app - INFO - Rendering index page
2024-09-02 21:32:32,935 - werkzeug - INFO - 127.0.0.1 - - [02/Sep/2024 21:32:32] "GET / HTTP/1.1" 200 -
2024-09-02 21:32:33,469 - werkzeug - INFO - 127.0.0.1 - - [02/Sep/2024 21:32:33] "[36mGET /static/images/oka.jpg HTTP/1.1[0m" 304 -
2024-09-02 21:33:07,538 - app - INFO - Rendering index page
2024-09-02 21:33:07,541 - werkzeug - INFO - 127.0.0.1 - - [02/Sep/2024 21:33:07] "GET / HTTP/1.1" 200 -
2024-09-02 21:33:08,048 - werkzeug - INFO - 127.0.0.1 - - [02/Sep/2024 21:33:08] "[36mGET /static/images/oka.jpg HTTP/1.1[0m" 304 -
2024-09-02 21:47:16,829 - app - INFO - Rendering index page
2024-09-02 21:47:16,833 - werkzeug - INFO - 127.0.0.1 - - [02/Sep/2024 21:47:16] "GET / HTTP/1.1" 200 -
2024-09-02 21:47:17,390 - werkzeug - INFO - 127.0.0.1 - - [02/Sep/2024 21:47:17] "[36mGET /static/images/oka.jpg HTTP/1.1[0m" 304 -
2024-09-02 21:47:31,399 - app - INFO - Rendering upload resume page
2024-09-02 21:47:31,401 - werkzeug - INFO - 127.0.0.1 - - [02/Sep/2024 21:47:31] "GET /upload_resume_page HTTP/1.1" 200 -
2024-09-02 21:47:40,620 - app - INFO - Received a file upload request
2024-09-02 21:47:41,458 - app - INFO - File BamideleTewogbadeResume.pdf saved to /home/bishoptewogbade/genaiq/backend/static/uploads/temp_uploads/BamideleTewogbadeResume.pdf
2024-09-02 21:47:41,472 - google.auth._default - WARNING - No project ID could be determined. Consider running `gcloud config set project` or setting the GOOGLE_CLOUD_PROJECT environment variable
2024-09-02 21:47:41,479 - google.auth._default - WARNING - No project ID could be determined. Consider running `gcloud config set project` or setting the GOOGLE_CLOUD_PROJECT environment variable
2024-09-02 21:47:42,540 - ai_service - INFO - File uploaded successfully to GCS: uploads/BamideleTewogbadeResume.pdf
2024-09-02 21:47:42,541 - app - INFO - File URI: gs://genaiq_cloudbuild/uploads/BamideleTewogbadeResume.pdf
2024-09-02 21:47:42,541 - app - INFO - Session data after upload: <SecureCookieSession {'ai_response': {'feedback_cards': [{'ats_match': '80%', 'description': "Olusegun's summary effectively introduces his passion for software development and highlights his key skill areas in Fintech, AI, and mobile app development.  It would be even more impactful if he could quantify his achievements in the summary, for example, mentioning a specific project where he successfully implemented AI to improve efficiency by a certain percentage.", 'recommendations': ["Consider quantifying achievements in the summary using metrics or specific examples.  For instance, instead of mentioning 'making technology work for people', try 'driving  X% improvement in efficiency through AI-powered solutions.'"], 'title': 'Summary'}, {'ats_match': '90%', 'description': "Olusegun's experience section is strong, showcasing his diverse roles and accomplishments.  He effectively demonstrates his technical proficiency with technologies like Java Spring Boot, Python Flask, Flutter, and various databases. The resume provides good detail on his responsibilities and projects, giving a clear picture of his contributions. However, the quantifiable results could be further emphasized.", 'recommendations': ["Focus on quantifying results for each role. For example, instead of 'reduced response times by 60%', mention 'reduced response times by 60% from X to Y, resulting in improved customer satisfaction and a Z% increase in system reliability.'", "Consider using action verbs to start each bullet point, making the achievements more impactful.  Instead of 'Designed and deployed', try 'Developed and deployed.'"], 'title': 'Experience'}, {'ats_match': '95%', 'description': 'The skills section lists a strong set of programming languages, frameworks, and tools that Olusegun is proficient in. This section clearly demonstrates his technical expertise and adaptability.', 'recommendations': ["Consider organizing the skills into categories such as 'Programming Languages', 'Frameworks & Libraries', and 'Tools & Platforms' for better readability."], 'title': 'Skills'}], 'overall_feedback': "Olusegun's resume showcases a strong foundation in software development with notable experience in Fintech, AI, and mobile app development. He demonstrates a clear understanding of key technologies and possesses a strong track record of delivering impactful solutions.  However, there are areas where the resume could be strengthened to better highlight his accomplishments and make him stand out to recruiters."}, 'file_uri': 'gs://genaiq_cloudbuild/uploads/BamideleTewogbadeResume.pdf', 'filename': 'BamideleTewogbadeResume.pdf'}>
2024-09-02 21:47:42,541 - app - INFO - File type is PDF
2024-09-02 21:47:42,542 - app - INFO - File BamideleTewogbadeResume.pdf removed from local storage
2024-09-02 21:47:42,543 - werkzeug - INFO - 127.0.0.1 - - [02/Sep/2024 21:47:42] "POST /upload HTTP/1.1" 200 -
2024-09-02 21:47:45,039 - app - INFO - Received request to get feedback page
2024-09-02 21:47:45,039 - app - INFO - Session data at feedback page: filename=BamideleTewogbadeResume.pdf, file_uri=gs://genaiq_cloudbuild/uploads/BamideleTewogbadeResume.pdf
2024-09-02 21:47:45,040 - app - INFO - Calling AI service to process the file
2024-09-02 21:47:45,046 - google.auth._default - WARNING - No project ID could be determined. Consider running `gcloud config set project` or setting the GOOGLE_CLOUD_PROJECT environment variable
2024-09-02 21:47:45,052 - google.auth._default - WARNING - No project ID could be determined. Consider running `gcloud config set project` or setting the GOOGLE_CLOUD_PROJECT environment variable
2024-09-02 21:47:46,017 - ai_service - INFO - File downloaded successfully from GCS: gs://genaiq_cloudbuild/uploads/BamideleTewogbadeResume.pdf
2024-09-02 21:47:46,237 - ai_service - INFO - Text extracted successfully from PDF.
2024-09-02 21:47:46,237 - ai_service - INFO - Initializing Vertex AI with the given project ID and location.
2024-09-02 21:47:46,238 - ai_service - INFO - Vertex AI initialized successfully.
2024-09-02 21:47:46,238 - ai_service - INFO - Loading the Vertex AI generative model.
2024-09-02 21:47:46,238 - ai_service - INFO - Preparing the prompt for Vertex AI.
2024-09-02 21:47:46,239 - ai_service - INFO - Creating a Part object from the extracted file text.
2024-09-02 21:47:46,239 - ai_service - INFO - Sending the prompt to Vertex AI for content generation.
2024-09-02 21:47:52,630 - ai_service - INFO - Received response from Vertex AI.
2024-09-02 21:47:52,632 - app - INFO - Analysis result: {'overall_feedback': "Bamidele, your resume showcases a strong foundation in software development, particularly in Fintech, AI, and mobile app development.  You've demonstrated a diverse range of skills and experience through your roles at Fasyl Technology Group, Abeyie Innovation Studios, and Blue Vision Multimedia. Your contributions to projects, especially the focus on AI integration and performance optimization, highlight your potential for growth in a tech-driven environment. However, there are areas for improvement that could make your resume even more impactful.", 'feedback_cards': [{'title': 'Summary', 'description': "Your summary effectively captures your passion for software development, focusing on your key strengths in Fintech, AI, and mobile development.  You've highlighted impactful solutions you've built using various technologies. However, consider adding a specific career goal or desired role to give the reader a clear understanding of your aspirations.", 'ats_match': '75%', 'recommendations': ['Consider adding a specific career goal or desired role. For example, "Seeking a challenging role as a Senior Software Developer in Fintech, leveraging expertise in AI and mobile app development." ', 'Quantify your achievements further. For example, "Led the AI development team to integrate and deploy AI chatbots resulting in a 20% increase in customer engagement."', "Use strong action verbs to emphasize your impact.  For example, instead of 'I've designed and implemented,' use 'Designed and implemented' to make it more concise and impactful."]}, {'title': 'Experience', 'description': "You've presented a comprehensive overview of your work experience, highlighting your contributions at each company. The bullet points effectively describe your responsibilities and achievements.  The use of quantifiable metrics adds weight to your accomplishments, showcasing your impact on various projects.  However, you can enhance the clarity and impact of some bullet points.", 'ats_match': '85%', 'recommendations': ['Prioritize the most relevant experience for the target role.  For example, if applying for a Fintech role, emphasize your work at Fasyl Technology Group and your contributions to financial solutions.', "Use more powerful action verbs to describe your accomplishments.  For example, instead of 'Developed and deployed,' consider using verbs like 'Architected,' 'Implemented,' or 'Streamlined.'", 'Avoid overly technical jargon.  Use clear and concise language that can be understood by a wider audience.', 'Consider using a consistent format for the experience section.  For example, use the same bullet point style for all roles.']}, {'title': 'Education', 'description': "You've clearly outlined your academic background, showcasing your Computer Science degree from Catholic University College, Ghana.  This information is important for demonstrating your foundational knowledge and qualifications.", 'ats_match': '90%', 'recommendations': ["Consider adding any relevant coursework or projects that highlight your skills and experience.  For example, 'Completed a capstone project on the development of a fintech application using Java Spring Boot and AI algorithms.'", 'If you have any relevant certifications or training, include them here to further showcase your expertise.']}, {'title': 'Skills', 'description': "You've listed a good range of technical skills, covering programming languages, frameworks, and tools. However, you can further improve the presentation of your skills to maximize their visibility and relevance.", 'ats_match': '80%', 'recommendations': ["Group skills by category for easier readability. For example, 'Programming Languages', 'Frameworks', 'Tools.'", 'Highlight skills that are most relevant to the target role. For example, if applying for a Fintech position, prominently feature Java Spring Boot, Python Flask, and your experience with financial systems.', "Consider adding a 'Soft Skills' section to showcase your communication, teamwork, and problem-solving abilities. These are highly valued in any role."]}, {'title': 'Other', 'description': "The additional information about your experience as a Lead Ambassador for Ingressive For Good showcases your leadership and community engagement. It's a valuable addition to your resume.", 'ats_match': '75%', 'recommendations': ['Use a consistent font and formatting throughout the resume. This will enhance its overall professionalism and readability.', 'Ensure your contact information is accurate and easily accessible.  Review the formatting of your email address and the URL to make sure they are properly displayed.', 'Proofread carefully for any grammatical or spelling errors.', 'Consider adding a portfolio link or GitHub profile to showcase your work and projects.']}], 'ats_match': '82%'}
2024-09-02 21:47:52,634 - werkzeug - INFO - 127.0.0.1 - - [02/Sep/2024 21:47:52] "[32mPOST /get_feedback_page HTTP/1.1[0m" 302 -
2024-09-02 21:47:53,091 - werkzeug - INFO - 127.0.0.1 - - [02/Sep/2024 21:47:53] "GET /feedback_summary HTTP/1.1" 200 -
2024-09-02 21:47:58,171 - werkzeug - INFO - 127.0.0.1 - - [02/Sep/2024 21:47:58] "GET /payment HTTP/1.1" 200 -
2024-09-02 21:48:01,419 - app - INFO - Received request to get feedback page
2024-09-02 21:48:01,419 - app - INFO - Session data at feedback page: filename=BamideleTewogbadeResume.pdf, file_uri=gs://genaiq_cloudbuild/uploads/BamideleTewogbadeResume.pdf
2024-09-02 21:48:01,419 - app - INFO - Calling AI service to process the file
2024-09-02 21:48:01,427 - google.auth._default - WARNING - No project ID could be determined. Consider running `gcloud config set project` or setting the GOOGLE_CLOUD_PROJECT environment variable
2024-09-02 21:48:01,433 - google.auth._default - WARNING - No project ID could be determined. Consider running `gcloud config set project` or setting the GOOGLE_CLOUD_PROJECT environment variable
2024-09-02 21:48:02,322 - ai_service - INFO - File downloaded successfully from GCS: gs://genaiq_cloudbuild/uploads/BamideleTewogbadeResume.pdf
2024-09-02 21:48:02,412 - ai_service - INFO - Text extracted successfully from PDF.
2024-09-02 21:48:02,412 - ai_service - INFO - Initializing Vertex AI with the given project ID and location.
2024-09-02 21:48:02,412 - ai_service - INFO - Vertex AI initialized successfully.
2024-09-02 21:48:02,413 - ai_service - INFO - Loading the Vertex AI generative model.
2024-09-02 21:48:02,413 - ai_service - INFO - Preparing the prompt for Vertex AI.
2024-09-02 21:48:02,413 - ai_service - INFO - Creating a Part object from the extracted file text.
2024-09-02 21:48:02,413 - ai_service - INFO - Sending the prompt to Vertex AI for content generation.
2024-09-02 21:48:08,326 - ai_service - INFO - Received response from Vertex AI.
2024-09-02 21:48:08,328 - app - INFO - Analysis result: {'overall_feedback': 'Bamidele, your resume is a strong showcase of your skills and experience as a software developer, especially in the Fintech, AI, and mobile app development spaces. It highlights your technical expertise, leadership qualities, and commitment to solving real-world problems. However, there are areas where it can be further improved to make it even more impactful and optimize your ATS match percentage.', 'feedback_cards': [{'title': 'Summary', 'description': 'Your summary effectively captures your passion for software development and your key areas of expertise. It also highlights your skills and accomplishments in a concise and engaging way.  The use of specific examples, like "impactful solutions using Java Spring Boot, Python Flask, and Flutter," adds credibility to your claims.', 'ats_match': '75%', 'recommendations': ['Consider adding a quantifiable achievement in the summary, such as "Increased client engagement by 20% through AI chatbot implementation." This will make your summary even more impactful.']}, {'title': 'Experience', 'description': 'This section is well-structured and provides a detailed account of your professional experience. You effectively use bullet points to showcase your achievements and responsibilities in each role.  You provide specific examples of projects and accomplishments, such as "Successfully deployed these solutions at over 7 banks" and "Led the refactoring of source code for various solutions." These examples demonstrate your impact and highlight your technical skills.', 'ats_match': '85%', 'recommendations': ['Consider using action verbs at the beginning of each bullet point to make your achievements more impactful. For example, instead of "Developed and deployed RESTful APIs," write "Developed and deployed high-performing RESTful APIs."  Also, quantify your achievements wherever possible. For example, instead of "Reduced processing time by 40%", write "Reduced processing time by 40% for over 5,000 participants." ']}, {'title': 'Skills', 'description': 'You provide a good overview of your technical skills, including programming languages, frameworks, libraries, and tools. However, the format could be improved for better readability.', 'ats_match': '70%', 'recommendations': ['Organize your skills into categories, such as "Programming Languages," "Frameworks and Libraries," and "Tools and Platforms."  This will make it easier for recruiters to quickly identify your relevant skills.  Consider adding a short description of your proficiency level for each skill.  For example, "Java (Expert)", "Python (Advanced)".  Make sure to include both hard and soft skills, such as problem-solving, communication, teamwork, and leadership.']}, {'title': 'Education', 'description': 'This section is concise and well-presented. It clearly states your degree, institution, and dates of attendance.', 'ats_match': '90%', 'recommendations': ['You can add a brief description of your academic achievements, such as a relevant course project or a high GPA, to showcase your academic excellence.']}, {'title': 'Additional Information', 'description': 'The additional information provided, like the Ingressive For Good experience, adds value to your resume by showcasing your involvement in extracurricular activities and your commitment to community development.', 'ats_match': '80%', 'recommendations': ['Consider adding a separate section for "Awards and Recognition" to highlight any awards, certifications, or honors you have received. This can further demonstrate your achievements and skills.']}, {'title': 'Overall', 'description': 'Bamidele, you have a strong resume showcasing your technical skills and accomplishments.  By implementing the suggested improvements, you can further enhance its impact and increase your chances of landing your dream job.', 'ats_match': '80%', 'recommendations': ['Proofread your resume carefully for any typos or grammatical errors.  Use a professional resume template for a polished look.  Keep your resume concise and relevant to the job you are applying for.  Tailor your resume to each job description by highlighting the skills and experiences that are most relevant.  Network with professionals in your field and ask for feedback on your resume.']}]}
2024-09-02 21:48:08,332 - werkzeug - INFO - 127.0.0.1 - - [02/Sep/2024 21:48:08] "GET /full_report HTTP/1.1" 200 -
2024-09-02 21:50:45,541 - werkzeug - INFO - 127.0.0.1 - - [02/Sep/2024 21:50:45] "GET /payment HTTP/1.1" 200 -
2024-09-02 21:50:49,290 - app - INFO - Received request to get feedback page
2024-09-02 21:50:49,290 - app - INFO - Session data at feedback page: filename=BamideleTewogbadeResume.pdf, file_uri=gs://genaiq_cloudbuild/uploads/BamideleTewogbadeResume.pdf
2024-09-02 21:50:49,290 - app - INFO - Calling AI service to process the file
2024-09-02 21:50:49,298 - google.auth._default - WARNING - No project ID could be determined. Consider running `gcloud config set project` or setting the GOOGLE_CLOUD_PROJECT environment variable
2024-09-02 21:50:49,304 - google.auth._default - WARNING - No project ID could be determined. Consider running `gcloud config set project` or setting the GOOGLE_CLOUD_PROJECT environment variable
2024-09-02 21:50:50,277 - ai_service - INFO - File downloaded successfully from GCS: gs://genaiq_cloudbuild/uploads/BamideleTewogbadeResume.pdf
2024-09-02 21:50:50,366 - ai_service - INFO - Text extracted successfully from PDF.
2024-09-02 21:50:50,367 - ai_service - INFO - Initializing Vertex AI with the given project ID and location.
2024-09-02 21:50:50,367 - ai_service - INFO - Vertex AI initialized successfully.
2024-09-02 21:50:50,367 - ai_service - INFO - Loading the Vertex AI generative model.
2024-09-02 21:50:50,367 - ai_service - INFO - Preparing the prompt for Vertex AI.
2024-09-02 21:50:50,367 - ai_service - INFO - Creating a Part object from the extracted file text.
2024-09-02 21:50:50,368 - ai_service - INFO - Sending the prompt to Vertex AI for content generation.
2024-09-02 21:50:54,833 - ai_service - INFO - Received response from Vertex AI.
2024-09-02 21:50:54,835 - app - INFO - Analysis result: {'overall_feedback': "Bamidele's resume demonstrates a strong technical foundation and impressive experience in software development, particularly in fintech and AI.  His experience with various frameworks and technologies like Spring Boot, Flask, Flutter, and Kafka showcases his adaptability and problem-solving skills. However, some sections could be improved for better clarity and ATS compatibility. ", 'feedback_cards': [{'title': 'Summary', 'description': "The summary is strong and concise, effectively conveying Bamidele's passion for software development and his expertise in fintech, AI, and mobile app development. It highlights his key skills and accomplishments, making a clear impression on the reader.", 'ats_match': '80%', 'recommendations': ['Consider adding keywords related to the specific role you are applying for. This will help the ATS recognize relevant skills and experience.']}, {'title': 'Experience', 'description': "This section is well-organized and provides detailed descriptions of Bamidele's work experience. He effectively quantifies his achievements using metrics such as performance increases and time reductions. The bullet points clearly demonstrate his contributions and leadership roles in various projects. ", 'ats_match': '90%', 'recommendations': ["Use action verbs at the beginning of each bullet point to make them more impactful.  Consider using a consistent format for describing his responsibilities and achievements. For example, instead of 'Developed and deployed RESTful APIs', try 'Developed and deployed RESTful APIs using Java Spring Boot, Python Flask, and Angular, enabling clients to...',  This approach makes the bullet points more concise and impactful."]}, {'title': 'Education', 'description': "The education section is well-formatted and clearly presents Bamidele's academic background.  It mentions his degree in Computer Science, which is relevant to the field he is working in.", 'ats_match': '70%', 'recommendations': ['Consider adding any relevant coursework, projects, or extracurricular activities related to software development or your desired field.  This will showcase your knowledge and skills in more detail.']}, {'title': 'Skills', 'description': "Bamidele's skills section effectively lists his programming languages, frameworks, tools, and platforms. This demonstrates his technical expertise.", 'ats_match': '85%', 'recommendations': ['Consider adding specific skills related to the specific role you are applying for.  For example, if the role requires experience with cloud computing, you might include relevant skills like AWS, Azure, or GCP.  Also, consider grouping related skills together for better readability. ']}, {'title': 'Lead Ambassador I4G CUCG', 'description': "This section effectively showcases Bamidele's leadership skills and involvement in the tech community.  It demonstrates his initiative and passion for supporting other developers.", 'ats_match': '75%', 'recommendations': ['Consider adding specific achievements and quantifiable results related to your role as Lead Campus Ambassador.  For example, you could mention the number of hackathons you organized, the size of the developer community you built, or the impact of your initiatives.']}]}
2024-09-02 21:50:54,836 - werkzeug - INFO - 127.0.0.1 - - [02/Sep/2024 21:50:54] "GET /full_report HTTP/1.1" 200 -
2024-09-02 21:53:34,671 - app - INFO - Rendering index page
2024-09-02 21:53:34,672 - werkzeug - INFO - 127.0.0.1 - - [02/Sep/2024 21:53:34] "GET / HTTP/1.1" 200 -
2024-09-02 21:53:35,096 - werkzeug - INFO - 127.0.0.1 - - [02/Sep/2024 21:53:35] "[36mGET /static/images/oka.jpg HTTP/1.1[0m" 304 -
2024-09-03 09:29:32,656 - app - INFO - Starting Flask application
2024-09-03 09:29:32,695 - werkzeug - INFO - [31m[1mWARNING: This is a development server. Do not use it in a production deployment. Use a production WSGI server instead.[0m
 * Running on http://127.0.0.1:5000
2024-09-03 09:29:32,695 - werkzeug - INFO - [33mPress CTRL+C to quit[0m
2024-09-03 09:29:32,697 - werkzeug - INFO -  * Restarting with stat
2024-09-03 09:29:35,082 - app - INFO - Starting Flask application
2024-09-03 09:29:35,091 - werkzeug - WARNING -  * Debugger is active!
2024-09-03 09:29:35,093 - werkzeug - INFO -  * Debugger PIN: 894-470-847
2024-09-03 09:29:42,217 - app - INFO - Rendering index page
2024-09-03 09:29:42,222 - werkzeug - INFO - 127.0.0.1 - - [03/Sep/2024 09:29:42] "GET /?redirectedPreviously=true HTTP/1.1" 200 -
2024-09-03 09:29:43,305 - werkzeug - INFO - 127.0.0.1 - - [03/Sep/2024 09:29:43] "GET /static/images/oka.jpg HTTP/1.1" 200 -
2024-09-03 09:37:39,340 - app - INFO - Rendering index page
2024-09-03 09:37:39,343 - werkzeug - INFO - 127.0.0.1 - - [03/Sep/2024 09:37:39] "GET /?redirectedPreviously=true HTTP/1.1" 200 -
2024-09-03 09:37:40,440 - werkzeug - INFO - 127.0.0.1 - - [03/Sep/2024 09:37:40] "[36mGET /static/images/oka.jpg HTTP/1.1[0m" 304 -
2024-09-03 09:38:05,850 - app - INFO - Starting Flask application
2024-09-03 09:38:05,862 - werkzeug - INFO - [31m[1mWARNING: This is a development server. Do not use it in a production deployment. Use a production WSGI server instead.[0m
 * Running on http://127.0.0.1:5000
2024-09-03 09:38:05,862 - werkzeug - INFO - [33mPress CTRL+C to quit[0m
2024-09-03 09:38:05,863 - werkzeug - INFO -  * Restarting with stat
2024-09-03 09:38:08,173 - app - INFO - Starting Flask application
2024-09-03 09:38:08,181 - werkzeug - WARNING -  * Debugger is active!
2024-09-03 09:38:08,182 - werkzeug - INFO -  * Debugger PIN: 894-470-847
2024-09-03 09:38:11,810 - app - INFO - Rendering index page
2024-09-03 09:38:11,815 - werkzeug - INFO - 127.0.0.1 - - [03/Sep/2024 09:38:11] "GET / HTTP/1.1" 200 -
2024-09-03 09:38:13,436 - werkzeug - INFO - 127.0.0.1 - - [03/Sep/2024 09:38:13] "[36mGET /static/images/oka.jpg HTTP/1.1[0m" 304 -
2024-09-03 09:38:42,120 - app - INFO - Rendering index page
2024-09-03 09:38:42,123 - werkzeug - INFO - 127.0.0.1 - - [03/Sep/2024 09:38:42] "GET / HTTP/1.1" 200 -
2024-09-03 09:38:42,560 - werkzeug - INFO - 127.0.0.1 - - [03/Sep/2024 09:38:42] "[36mGET /static/images/oka.jpg HTTP/1.1[0m" 304 -
2024-09-03 09:38:51,462 - app - INFO - Rendering upload resume page
2024-09-03 09:38:51,494 - werkzeug - INFO - 127.0.0.1 - - [03/Sep/2024 09:38:51] "GET /upload_resume_page HTTP/1.1" 200 -
2024-09-03 09:39:09,270 - app - INFO - Received a file upload request
2024-09-03 09:39:10,058 - app - INFO - File OlusegunTewogbadeResume.pdf saved to /home/bishoptewogbade/genaiq/backend/static/uploads/temp_uploads/OlusegunTewogbadeResume.pdf
2024-09-03 09:39:10,143 - google.auth._default - WARNING - No project ID could be determined. Consider running `gcloud config set project` or setting the GOOGLE_CLOUD_PROJECT environment variable
2024-09-03 09:39:10,150 - google.auth._default - WARNING - No project ID could be determined. Consider running `gcloud config set project` or setting the GOOGLE_CLOUD_PROJECT environment variable
2024-09-03 09:39:16,181 - app - INFO - Received a file upload request
2024-09-03 09:39:17,128 - app - INFO - File OlusegunTewogbadeResume.pdf saved to /home/bishoptewogbade/genaiq/backend/static/uploads/temp_uploads/OlusegunTewogbadeResume.pdf
2024-09-03 09:39:17,135 - google.auth._default - WARNING - No project ID could be determined. Consider running `gcloud config set project` or setting the GOOGLE_CLOUD_PROJECT environment variable
2024-09-03 09:39:17,142 - google.auth._default - WARNING - No project ID could be determined. Consider running `gcloud config set project` or setting the GOOGLE_CLOUD_PROJECT environment variable
2024-09-03 09:39:24,185 - ai_service - ERROR - Error uploading to GCS: string indices must be integers
2024-09-03 09:39:24,186 - app - INFO - File URI: None
2024-09-03 09:39:24,186 - app - INFO - Session data after upload: <SecureCookieSession {'ai_response': {'feedback_cards': [{'ats_match': '80%', 'description': "The summary is strong and concise, effectively conveying Bamidele's passion for software development and his expertise in fintech, AI, and mobile app development. It highlights his key skills and accomplishments, making a clear impression on the reader.", 'recommendations': ['Consider adding keywords related to the specific role you are applying for. This will help the ATS recognize relevant skills and experience.'], 'title': 'Summary'}, {'ats_match': '90%', 'description': "This section is well-organized and provides detailed descriptions of Bamidele's work experience. He effectively quantifies his achievements using metrics such as performance increases and time reductions. The bullet points clearly demonstrate his contributions and leadership roles in various projects. ", 'recommendations': ["Use action verbs at the beginning of each bullet point to make them more impactful.  Consider using a consistent format for describing his responsibilities and achievements. For example, instead of 'Developed and deployed RESTful APIs', try 'Developed and deployed RESTful APIs using Java Spring Boot, Python Flask, and Angular, enabling clients to...',  This approach makes the bullet points more concise and impactful."], 'title': 'Experience'}, {'ats_match': '70%', 'description': "The education section is well-formatted and clearly presents Bamidele's academic background.  It mentions his degree in Computer Science, which is relevant to the field he is working in.", 'recommendations': ['Consider adding any relevant coursework, projects, or extracurricular activities related to software development or your desired field.  This will showcase your knowledge and skills in more detail.'], 'title': 'Education'}, {'ats_match': '85%', 'description': "Bamidele's skills section effectively lists his programming languages, frameworks, tools, and platforms. This demonstrates his technical expertise.", 'recommendations': ['Consider adding specific skills related to the specific role you are applying for.  For example, if the role requires experience with cloud computing, you might include relevant skills like AWS, Azure, or GCP.  Also, consider grouping related skills together for better readability. '], 'title': 'Skills'}, {'ats_match': '75%', 'description': "This section effectively showcases Bamidele's leadership skills and involvement in the tech community.  It demonstrates his initiative and passion for supporting other developers.", 'recommendations': ['Consider adding specific achievements and quantifiable results related to your role as Lead Campus Ambassador.  For example, you could mention the number of hackathons you organized, the size of the developer community you built, or the impact of your initiatives.'], 'title': 'Lead Ambassador I4G CUCG'}], 'overall_feedback': "Bamidele's resume demonstrates a strong technical foundation and impressive experience in software development, particularly in fintech and AI.  His experience with various frameworks and technologies like Spring Boot, Flask, Flutter, and Kafka showcases his adaptability and problem-solving skills. However, some sections could be improved for better clarity and ATS compatibility. "}, 'file_uri': None, 'filename': 'OlusegunTewogbadeResume.pdf'}>
2024-09-03 09:39:24,186 - app - INFO - File type is PDF
2024-09-03 09:39:24,186 - app - INFO - File OlusegunTewogbadeResume.pdf removed from local storage
2024-09-03 09:39:24,188 - werkzeug - INFO - 127.0.0.1 - - [03/Sep/2024 09:39:24] "POST /upload HTTP/1.1" 200 -
2024-09-03 09:39:31,176 - ai_service - ERROR - Error uploading to GCS: string indices must be integers
2024-09-03 09:39:31,176 - app - INFO - File URI: None
2024-09-03 09:39:31,176 - app - INFO - Session data after upload: <SecureCookieSession {'ai_response': {'feedback_cards': [{'ats_match': '80%', 'description': "The summary is strong and concise, effectively conveying Bamidele's passion for software development and his expertise in fintech, AI, and mobile app development. It highlights his key skills and accomplishments, making a clear impression on the reader.", 'recommendations': ['Consider adding keywords related to the specific role you are applying for. This will help the ATS recognize relevant skills and experience.'], 'title': 'Summary'}, {'ats_match': '90%', 'description': "This section is well-organized and provides detailed descriptions of Bamidele's work experience. He effectively quantifies his achievements using metrics such as performance increases and time reductions. The bullet points clearly demonstrate his contributions and leadership roles in various projects. ", 'recommendations': ["Use action verbs at the beginning of each bullet point to make them more impactful.  Consider using a consistent format for describing his responsibilities and achievements. For example, instead of 'Developed and deployed RESTful APIs', try 'Developed and deployed RESTful APIs using Java Spring Boot, Python Flask, and Angular, enabling clients to...',  This approach makes the bullet points more concise and impactful."], 'title': 'Experience'}, {'ats_match': '70%', 'description': "The education section is well-formatted and clearly presents Bamidele's academic background.  It mentions his degree in Computer Science, which is relevant to the field he is working in.", 'recommendations': ['Consider adding any relevant coursework, projects, or extracurricular activities related to software development or your desired field.  This will showcase your knowledge and skills in more detail.'], 'title': 'Education'}, {'ats_match': '85%', 'description': "Bamidele's skills section effectively lists his programming languages, frameworks, tools, and platforms. This demonstrates his technical expertise.", 'recommendations': ['Consider adding specific skills related to the specific role you are applying for.  For example, if the role requires experience with cloud computing, you might include relevant skills like AWS, Azure, or GCP.  Also, consider grouping related skills together for better readability. '], 'title': 'Skills'}, {'ats_match': '75%', 'description': "This section effectively showcases Bamidele's leadership skills and involvement in the tech community.  It demonstrates his initiative and passion for supporting other developers.", 'recommendations': ['Consider adding specific achievements and quantifiable results related to your role as Lead Campus Ambassador.  For example, you could mention the number of hackathons you organized, the size of the developer community you built, or the impact of your initiatives.'], 'title': 'Lead Ambassador I4G CUCG'}], 'overall_feedback': "Bamidele's resume demonstrates a strong technical foundation and impressive experience in software development, particularly in fintech and AI.  His experience with various frameworks and technologies like Spring Boot, Flask, Flutter, and Kafka showcases his adaptability and problem-solving skills. However, some sections could be improved for better clarity and ATS compatibility. "}, 'file_uri': None, 'filename': 'OlusegunTewogbadeResume.pdf'}>
2024-09-03 09:39:31,176 - app - INFO - File type is PDF
2024-09-03 09:39:31,178 - werkzeug - INFO - 127.0.0.1 - - [03/Sep/2024 09:39:31] "POST /upload HTTP/1.1" 200 -
2024-09-03 09:39:31,770 - app - INFO - Received request to get feedback page
2024-09-03 09:39:31,770 - app - INFO - Session data at feedback page: filename=OlusegunTewogbadeResume.pdf, file_uri=None
2024-09-03 09:39:31,770 - app - ERROR - Required session data missing
2024-09-03 09:39:31,771 - werkzeug - INFO - 127.0.0.1 - - [03/Sep/2024 09:39:31] "[31m[1mPOST /get_feedback_page HTTP/1.1[0m" 400 -
2024-09-03 09:39:40,601 - app - INFO - Received a file upload request
2024-09-03 09:39:41,278 - app - INFO - File OlusegunTewogbadeResume.pdf saved to /home/bishoptewogbade/genaiq/backend/static/uploads/temp_uploads/OlusegunTewogbadeResume.pdf
2024-09-03 09:39:41,286 - google.auth._default - WARNING - No project ID could be determined. Consider running `gcloud config set project` or setting the GOOGLE_CLOUD_PROJECT environment variable
2024-09-03 09:39:41,293 - google.auth._default - WARNING - No project ID could be determined. Consider running `gcloud config set project` or setting the GOOGLE_CLOUD_PROJECT environment variable
2024-09-03 09:39:42,461 - ai_service - INFO - File uploaded successfully to GCS: uploads/OlusegunTewogbadeResume.pdf
2024-09-03 09:39:42,462 - app - INFO - File URI: gs://genaiq_cloudbuild/uploads/OlusegunTewogbadeResume.pdf
2024-09-03 09:39:42,462 - app - INFO - Session data after upload: <SecureCookieSession {'ai_response': {'feedback_cards': [{'ats_match': '80%', 'description': "The summary is strong and concise, effectively conveying Bamidele's passion for software development and his expertise in fintech, AI, and mobile app development. It highlights his key skills and accomplishments, making a clear impression on the reader.", 'recommendations': ['Consider adding keywords related to the specific role you are applying for. This will help the ATS recognize relevant skills and experience.'], 'title': 'Summary'}, {'ats_match': '90%', 'description': "This section is well-organized and provides detailed descriptions of Bamidele's work experience. He effectively quantifies his achievements using metrics such as performance increases and time reductions. The bullet points clearly demonstrate his contributions and leadership roles in various projects. ", 'recommendations': ["Use action verbs at the beginning of each bullet point to make them more impactful.  Consider using a consistent format for describing his responsibilities and achievements. For example, instead of 'Developed and deployed RESTful APIs', try 'Developed and deployed RESTful APIs using Java Spring Boot, Python Flask, and Angular, enabling clients to...',  This approach makes the bullet points more concise and impactful."], 'title': 'Experience'}, {'ats_match': '70%', 'description': "The education section is well-formatted and clearly presents Bamidele's academic background.  It mentions his degree in Computer Science, which is relevant to the field he is working in.", 'recommendations': ['Consider adding any relevant coursework, projects, or extracurricular activities related to software development or your desired field.  This will showcase your knowledge and skills in more detail.'], 'title': 'Education'}, {'ats_match': '85%', 'description': "Bamidele's skills section effectively lists his programming languages, frameworks, tools, and platforms. This demonstrates his technical expertise.", 'recommendations': ['Consider adding specific skills related to the specific role you are applying for.  For example, if the role requires experience with cloud computing, you might include relevant skills like AWS, Azure, or GCP.  Also, consider grouping related skills together for better readability. '], 'title': 'Skills'}, {'ats_match': '75%', 'description': "This section effectively showcases Bamidele's leadership skills and involvement in the tech community.  It demonstrates his initiative and passion for supporting other developers.", 'recommendations': ['Consider adding specific achievements and quantifiable results related to your role as Lead Campus Ambassador.  For example, you could mention the number of hackathons you organized, the size of the developer community you built, or the impact of your initiatives.'], 'title': 'Lead Ambassador I4G CUCG'}], 'overall_feedback': "Bamidele's resume demonstrates a strong technical foundation and impressive experience in software development, particularly in fintech and AI.  His experience with various frameworks and technologies like Spring Boot, Flask, Flutter, and Kafka showcases his adaptability and problem-solving skills. However, some sections could be improved for better clarity and ATS compatibility. "}, 'file_uri': 'gs://genaiq_cloudbuild/uploads/OlusegunTewogbadeResume.pdf', 'filename': 'OlusegunTewogbadeResume.pdf'}>
2024-09-03 09:39:42,462 - app - INFO - File type is PDF
2024-09-03 09:39:42,463 - app - INFO - File OlusegunTewogbadeResume.pdf removed from local storage
2024-09-03 09:39:42,464 - werkzeug - INFO - 127.0.0.1 - - [03/Sep/2024 09:39:42] "POST /upload HTTP/1.1" 200 -
2024-09-03 09:39:43,690 - app - INFO - Received request to get feedback page
2024-09-03 09:39:43,690 - app - INFO - Session data at feedback page: filename=OlusegunTewogbadeResume.pdf, file_uri=gs://genaiq_cloudbuild/uploads/OlusegunTewogbadeResume.pdf
2024-09-03 09:39:43,690 - app - INFO - Calling AI service to process the file
2024-09-03 09:39:43,697 - google.auth._default - WARNING - No project ID could be determined. Consider running `gcloud config set project` or setting the GOOGLE_CLOUD_PROJECT environment variable
2024-09-03 09:39:43,704 - google.auth._default - WARNING - No project ID could be determined. Consider running `gcloud config set project` or setting the GOOGLE_CLOUD_PROJECT environment variable
2024-09-03 09:39:44,707 - ai_service - INFO - File downloaded successfully from GCS: gs://genaiq_cloudbuild/uploads/OlusegunTewogbadeResume.pdf
2024-09-03 09:39:44,939 - ai_service - INFO - Text extracted successfully from PDF.
2024-09-03 09:39:44,939 - ai_service - INFO - Initializing Vertex AI with the given project ID and location.
2024-09-03 09:39:44,939 - ai_service - INFO - Vertex AI initialized successfully.
2024-09-03 09:39:44,939 - ai_service - INFO - Loading the Vertex AI generative model.
2024-09-03 09:39:44,940 - ai_service - INFO - Preparing the prompt for Vertex AI.
2024-09-03 09:39:44,940 - ai_service - INFO - Creating a Part object from the extracted file text.
2024-09-03 09:39:44,940 - ai_service - INFO - Sending the prompt to Vertex AI for content generation.
2024-09-03 09:39:51,211 - ai_service - INFO - Received response from Vertex AI.
2024-09-03 09:39:51,216 - app - INFO - Analysis result: {'overall_feedback': "Olusegun, this resume showcases your impressive experience and skills as a software developer with a focus on fintech and AI. You've demonstrated your ability to work on complex projects, lead teams, and implement impactful solutions. While the resume is well-structured and informative, there are some areas that could be enhanced to maximize its impact.", 'feedback_cards': [{'title': 'Summary', 'description': "Your summary effectively highlights your passion for software development, particularly in fintech, AI, and mobile app development.  It's great to see you mention your experience with Java Spring Boot, Python Flask, and Flutter.  Consider adding a quantifiable achievement to make it even more impactful, such as 'Increased system efficiency by 20% by migrating to Kafka.'", 'ats_match': '80%', 'recommendations': ['Include a quantifiable achievement in your summary.', 'Briefly highlight your areas of specialization within fintech and AI.']}, {'title': 'Experience', 'description': "You've provided a detailed and impressive overview of your experience.  You've effectively showcased your technical skills and responsibilities in each role. The descriptions are engaging and highlight your accomplishments.  It's also positive that you've provided specific examples of projects, such as the eAlert service for OmniBSIC Ghana and the AI chatbot for UK universities.", 'ats_match': '90%', 'recommendations': ['Use action verbs to start each bullet point for a more dynamic feel.', 'Consider adding a sentence or two at the beginning of each experience section to provide context about the company and your role.']}, {'title': 'Skills', 'description': "The list of your skills is comprehensive and demonstrates your technical abilities. However, you could organize them more effectively to make them more impactful. Consider separating your skills into categories like 'Programming Languages', 'Frameworks & Libraries', and 'Tools & Platforms.'", 'ats_match': '75%', 'recommendations': ['Organize your skills into categories to improve readability.', 'Consider using a bulleted list for each category instead of a single line.']}, {'title': 'Education', 'description': 'This section is well-presented and provides basic information about your academic background.  You could expand on your academic achievements, such as relevant projects, awards, or research experience, to further enhance your qualifications.', 'ats_match': '65%', 'recommendations': ['Consider adding a brief description of any relevant academic projects or coursework.', 'Highlight any relevant extracurricular activities or leadership roles.']}, {'title': 'Additional Information', 'description': "The section 'Which of your achievements match the job you're applying to?' is an excellent way to directly address the hiring manager's expectations.  This shows initiative and proactive thinking. However, it's best to keep this information within the main sections of your resume.  This section is a bit too informal and could be better integrated into your experience descriptions.", 'ats_match': '50%', 'recommendations': ["Remove the 'Additional Information' section and integrate its content into relevant sections of your resume."]}, {'title': 'Overall', 'description': 'Olusegun, you have a strong resume that showcases your impressive technical skills and experience. By implementing the suggested improvements, you can further strengthen its impact and increase your chances of landing your desired role.', 'ats_match': '80%', 'recommendations': ['Consider using a professional resume template for a more polished look.', 'Ensure your resume is tailored to each job application by highlighting relevant skills and experiences.']}]}
2024-09-03 09:39:51,217 - werkzeug - INFO - 127.0.0.1 - - [03/Sep/2024 09:39:51] "[32mPOST /get_feedback_page HTTP/1.1[0m" 302 -
2024-09-03 09:39:51,472 - werkzeug - INFO - 127.0.0.1 - - [03/Sep/2024 09:39:51] "GET /feedback_summary HTTP/1.1" 200 -
2024-09-03 09:40:03,555 - werkzeug - INFO - 127.0.0.1 - - [03/Sep/2024 09:40:03] "GET /payment HTTP/1.1" 200 -
2024-09-03 09:40:07,440 - app - INFO - Received request to get feedback page
2024-09-03 09:40:07,440 - app - INFO - Session data at feedback page: filename=OlusegunTewogbadeResume.pdf, file_uri=gs://genaiq_cloudbuild/uploads/OlusegunTewogbadeResume.pdf
2024-09-03 09:40:07,441 - app - INFO - Calling AI service to process the file
2024-09-03 09:40:07,448 - google.auth._default - WARNING - No project ID could be determined. Consider running `gcloud config set project` or setting the GOOGLE_CLOUD_PROJECT environment variable
2024-09-03 09:40:07,455 - google.auth._default - WARNING - No project ID could be determined. Consider running `gcloud config set project` or setting the GOOGLE_CLOUD_PROJECT environment variable
2024-09-03 09:40:08,500 - ai_service - INFO - File downloaded successfully from GCS: gs://genaiq_cloudbuild/uploads/OlusegunTewogbadeResume.pdf
2024-09-03 09:40:08,591 - ai_service - INFO - Text extracted successfully from PDF.
2024-09-03 09:40:08,591 - ai_service - INFO - Initializing Vertex AI with the given project ID and location.
2024-09-03 09:40:08,591 - ai_service - INFO - Vertex AI initialized successfully.
2024-09-03 09:40:08,591 - ai_service - INFO - Loading the Vertex AI generative model.
2024-09-03 09:40:08,592 - ai_service - INFO - Preparing the prompt for Vertex AI.
2024-09-03 09:40:08,592 - ai_service - INFO - Creating a Part object from the extracted file text.
2024-09-03 09:40:08,592 - ai_service - INFO - Sending the prompt to Vertex AI for content generation.
2024-09-03 09:40:14,425 - ai_service - INFO - Received response from Vertex AI.
2024-09-03 09:40:14,427 - app - INFO - Analysis result: {'overall_feedback': "Olusegun, your resume showcases a strong foundation in software development, particularly in fintech and AI. You have a solid track record of building and deploying impactful solutions using various technologies. Your experience with Java Spring Boot, Python Flask, and Flutter demonstrates your adaptability and technical breadth. However, some improvements can be made to enhance your resume's effectiveness for ATS and human reviewers.", 'feedback_cards': [{'title': 'Summary', 'description': 'Your summary effectively highlights your passion for software development and your specific areas of expertise, including fintech, AI, and mobile app development. The mention of impactful solutions and real-world problem-solving is great. Consider adding a quantifiable achievement or impact to make it even stronger.', 'ats_match': '70%', 'recommendations': ["Quantify your achievements in the summary, using numbers and metrics to demonstrate impact. For example, 'Designed and implemented solutions that resulted in a 20% increase in customer engagement.'", "Tailor the summary to align more closely with the specific requirements of the job you're applying for.", 'Include keywords that are relevant to the target role and industry.']}, {'title': 'Experience', 'description': 'This section is well-structured and provides detailed insights into your projects and contributions. You effectively use action verbs and quantify your achievements wherever possible. The descriptions of your roles at Fasyl Technology Group, Abeyie Innovation Studios, and Blue Vision Multimedia demonstrate your technical skills and leadership capabilities.', 'ats_match': '85%', 'recommendations': ['Consider using a consistent format for bullet points, particularly in terms of tense and starting verbs. ', 'Prioritize accomplishments over responsibilities. Focus on the tangible results you achieved in each role.', 'Add more keywords related to the technologies you used, including specific frameworks and libraries.']}, {'title': 'Lead Ambassador I4G CUCG', 'description': 'This section effectively showcases your leadership and community involvement.  The mention of organizing hackathons and coding events demonstrates your ability to build and foster a tech community. Consider adding specific achievements or metrics to quantify your impact in this role.', 'ats_match': '75%', 'recommendations': ['Quantify your achievements as a Lead Campus Ambassador, such as the number of participants in hackathons, the growth of the developer community, or any tangible benefits you contributed to.', 'Highlight specific skills or qualities you developed in this role that are relevant to software development, such as leadership, communication, or teamwork.']}, {'title': 'Education', 'description': 'Your education section is concise and well-presented. It clearly indicates your degree, major, and institution. Consider adding a GPA or relevant coursework to further enhance this section.', 'ats_match': '80%', 'recommendations': ['Include your GPA if it is above a 3.5 (or the relevant threshold for your field).', 'List any relevant coursework or projects that demonstrate your technical skills and knowledge.', 'Consider mentioning any awards, honors, or scholarships received during your studies.']}, {'title': 'Skills', 'description': 'This section lists several relevant skills, including programming languages, frameworks, and tools. However, the formatting could be improved for better readability and ATS compatibility.', 'ats_match': '65%', 'recommendations': ['Organize skills into categories for better readability, such as "Programming Languages," "Frameworks & Libraries," and "Tools & Platforms." ', 'Use a bullet-point format for each skill.', 'Consider including additional relevant skills, such as cloud computing, databases, or agile methodologies.']}]}
2024-09-03 09:40:14,431 - werkzeug - INFO - 127.0.0.1 - - [03/Sep/2024 09:40:14] "GET /full_report HTTP/1.1" 200 -
2024-09-03 09:44:18,427 - app - INFO - Starting Flask application
2024-09-03 09:44:18,438 - werkzeug - INFO - [31m[1mWARNING: This is a development server. Do not use it in a production deployment. Use a production WSGI server instead.[0m
 * Running on http://127.0.0.1:5000
2024-09-03 09:44:18,438 - werkzeug - INFO - [33mPress CTRL+C to quit[0m
2024-09-03 09:44:18,439 - werkzeug - INFO -  * Restarting with stat
2024-09-03 09:44:20,835 - app - INFO - Starting Flask application
2024-09-03 09:44:20,844 - werkzeug - WARNING -  * Debugger is active!
2024-09-03 09:44:20,845 - werkzeug - INFO -  * Debugger PIN: 894-470-847
2024-09-03 09:44:24,150 - app - INFO - Rendering index page
2024-09-03 09:44:24,156 - werkzeug - INFO - 127.0.0.1 - - [03/Sep/2024 09:44:24] "GET / HTTP/1.1" 200 -
2024-09-03 09:44:25,096 - werkzeug - INFO - 127.0.0.1 - - [03/Sep/2024 09:44:25] "[36mGET /static/images/oka.jpg HTTP/1.1[0m" 304 -
2024-09-03 09:44:29,390 - app - INFO - Rendering upload resume page
2024-09-03 09:44:29,392 - werkzeug - INFO - 127.0.0.1 - - [03/Sep/2024 09:44:29] "GET /upload_resume_page HTTP/1.1" 200 -
2024-09-03 09:44:38,291 - app - INFO - Received a file upload request
2024-09-03 09:44:38,968 - app - INFO - File OlusegunTewogbadeResume.pdf saved to /home/bishoptewogbade/genaiq/backend/static/uploads/temp_uploads/OlusegunTewogbadeResume.pdf
2024-09-03 09:44:38,985 - google.auth._default - WARNING - No project ID could be determined. Consider running `gcloud config set project` or setting the GOOGLE_CLOUD_PROJECT environment variable
2024-09-03 09:44:38,993 - google.auth._default - WARNING - No project ID could be determined. Consider running `gcloud config set project` or setting the GOOGLE_CLOUD_PROJECT environment variable
2024-09-03 09:44:40,110 - ai_service - INFO - File uploaded successfully to GCS: uploads/OlusegunTewogbadeResume.pdf
2024-09-03 09:44:40,111 - app - INFO - File URI: gs://genaiq_cloudbuild/uploads/OlusegunTewogbadeResume.pdf
2024-09-03 09:44:40,111 - app - INFO - Session data after upload: <SecureCookieSession {'ai_response': {'feedback_cards': [{'ats_match': '70%', 'description': 'Your summary effectively highlights your passion for software development and your specific areas of expertise, including fintech, AI, and mobile app development. The mention of impactful solutions and real-world problem-solving is great. Consider adding a quantifiable achievement or impact to make it even stronger.', 'recommendations': ["Quantify your achievements in the summary, using numbers and metrics to demonstrate impact. For example, 'Designed and implemented solutions that resulted in a 20% increase in customer engagement.'", "Tailor the summary to align more closely with the specific requirements of the job you're applying for.", 'Include keywords that are relevant to the target role and industry.'], 'title': 'Summary'}, {'ats_match': '85%', 'description': 'This section is well-structured and provides detailed insights into your projects and contributions. You effectively use action verbs and quantify your achievements wherever possible. The descriptions of your roles at Fasyl Technology Group, Abeyie Innovation Studios, and Blue Vision Multimedia demonstrate your technical skills and leadership capabilities.', 'recommendations': ['Consider using a consistent format for bullet points, particularly in terms of tense and starting verbs. ', 'Prioritize accomplishments over responsibilities. Focus on the tangible results you achieved in each role.', 'Add more keywords related to the technologies you used, including specific frameworks and libraries.'], 'title': 'Experience'}, {'ats_match': '75%', 'description': 'This section effectively showcases your leadership and community involvement.  The mention of organizing hackathons and coding events demonstrates your ability to build and foster a tech community. Consider adding specific achievements or metrics to quantify your impact in this role.', 'recommendations': ['Quantify your achievements as a Lead Campus Ambassador, such as the number of participants in hackathons, the growth of the developer community, or any tangible benefits you contributed to.', 'Highlight specific skills or qualities you developed in this role that are relevant to software development, such as leadership, communication, or teamwork.'], 'title': 'Lead Ambassador I4G CUCG'}, {'ats_match': '80%', 'description': 'Your education section is concise and well-presented. It clearly indicates your degree, major, and institution. Consider adding a GPA or relevant coursework to further enhance this section.', 'recommendations': ['Include your GPA if it is above a 3.5 (or the relevant threshold for your field).', 'List any relevant coursework or projects that demonstrate your technical skills and knowledge.', 'Consider mentioning any awards, honors, or scholarships received during your studies.'], 'title': 'Education'}, {'ats_match': '65%', 'description': 'This section lists several relevant skills, including programming languages, frameworks, and tools. However, the formatting could be improved for better readability and ATS compatibility.', 'recommendations': ['Organize skills into categories for better readability, such as "Programming Languages," "Frameworks & Libraries," and "Tools & Platforms." ', 'Use a bullet-point format for each skill.', 'Consider including additional relevant skills, such as cloud computing, databases, or agile methodologies.'], 'title': 'Skills'}], 'overall_feedback': "Olusegun, your resume showcases a strong foundation in software development, particularly in fintech and AI. You have a solid track record of building and deploying impactful solutions using various technologies. Your experience with Java Spring Boot, Python Flask, and Flutter demonstrates your adaptability and technical breadth. However, some improvements can be made to enhance your resume's effectiveness for ATS and human reviewers."}, 'file_uri': 'gs://genaiq_cloudbuild/uploads/OlusegunTewogbadeResume.pdf', 'filename': 'OlusegunTewogbadeResume.pdf'}>
2024-09-03 09:44:40,111 - app - INFO - File type is PDF
2024-09-03 09:44:40,112 - app - INFO - File OlusegunTewogbadeResume.pdf removed from local storage
2024-09-03 09:44:40,113 - werkzeug - INFO - 127.0.0.1 - - [03/Sep/2024 09:44:40] "POST /upload HTTP/1.1" 200 -
2024-09-03 09:44:41,390 - app - INFO - Received request to get feedback page
2024-09-03 09:44:41,390 - app - INFO - Session data at feedback page: filename=OlusegunTewogbadeResume.pdf, file_uri=gs://genaiq_cloudbuild/uploads/OlusegunTewogbadeResume.pdf
2024-09-03 09:44:41,390 - app - INFO - Calling AI service to process the file
2024-09-03 09:44:41,398 - google.auth._default - WARNING - No project ID could be determined. Consider running `gcloud config set project` or setting the GOOGLE_CLOUD_PROJECT environment variable
2024-09-03 09:44:41,404 - google.auth._default - WARNING - No project ID could be determined. Consider running `gcloud config set project` or setting the GOOGLE_CLOUD_PROJECT environment variable
2024-09-03 09:44:42,369 - ai_service - INFO - File downloaded successfully from GCS: gs://genaiq_cloudbuild/uploads/OlusegunTewogbadeResume.pdf
2024-09-03 09:44:42,588 - ai_service - INFO - Text extracted successfully from PDF.
2024-09-03 09:44:42,588 - ai_service - INFO - Initializing Vertex AI with the given project ID and location.
2024-09-03 09:44:42,589 - ai_service - INFO - Vertex AI initialized successfully.
2024-09-03 09:44:42,589 - ai_service - INFO - Loading the Vertex AI generative model.
2024-09-03 09:44:42,589 - ai_service - INFO - Preparing the prompt for Vertex AI.
2024-09-03 09:44:42,589 - ai_service - INFO - Creating a Part object from the extracted file text.
2024-09-03 09:44:42,590 - ai_service - INFO - Sending the prompt to Vertex AI for content generation.
2024-09-03 09:44:47,952 - ai_service - INFO - Received response from Vertex AI.
2024-09-03 09:44:47,955 - app - INFO - Analysis result: {'overall_feedback': "Olusegun, your resume presents a strong foundation in software development with a clear focus on fintech, AI, and mobile app development. You have impressive experience working on projects that demonstrate your technical skills and problem-solving abilities. The resume effectively showcases your achievements and experience but could be further optimized to highlight your strengths and maximize your chances of landing your dream role.  Let's fine-tune it to make it even more impactful.", 'feedback_cards': [{'title': 'Summary', 'description': "Your summary is a strong start, highlighting your passion for software development and your expertise in key technologies like Java Spring Boot, Python Flask, and Flutter.  It's clear you are driven by solving real-world problems, which is a great message to convey to potential employers. I would suggest adding a quantifiable achievement from your experience to further strengthen the impact of your summary.", 'ats_match': 80, 'recommendations': ['Add a quantifiable achievement from your experience to the summary. For example, "Increased efficiency by 20% by implementing a new system using Java Spring Boot".']}, {'title': 'Experience', 'description': 'You present a detailed and impressive account of your work experience. You effectively use action verbs and quantify your accomplishments. The specific examples of your work at Fasyl Technology Group, Abeyie Innovation Studios, and Blue Vision Multimedia demonstrate your capabilities in various roles and technologies. ', 'ats_match': 90, 'recommendations': ['Consider using bullet points to break down each accomplishment for better readability. For example, "Developed and deployed RESTful APIs using Java Spring Boot, Python Flask, and Angular. These APIs successfully extended product offerings and enabled integration with ACH and CTS systems for clients, primarily banks." This breakdown enhances clarity and highlights the specific technologies and achievements.']}, {'title': 'Education', 'description': 'Your educational background is well presented. Including the specific degree and institution adds credibility to your qualifications.  ', 'ats_match': 85, 'recommendations': ['Add a brief description of any relevant coursework or projects related to the roles you are targeting. This could include mentions of courses in fintech, AI, mobile development, or any other relevant areas.']}, {'title': 'Skills', 'description': 'The skills section effectively lists your technical proficiencies. The categories of Programming Languages, Frameworks and Libraries, and Tools and Platforms provide a clear overview of your expertise.', 'ats_match': 90, 'recommendations': ['Consider adding a few specific skills related to your desired role. For example, if you are targeting a specific AI role, including relevant AI frameworks or libraries would be beneficial.  Also, you might consider highlighting any cloud platforms you are familiar with.']}, {'title': 'Additional', 'description': 'You have included some additional sections, such as a lead ambassador role. This adds valuable information about your leadership skills and involvement in the tech community.', 'ats_match': 75, 'recommendations': ['Consider creating a separate section for "Leadership and Community Involvement" to showcase these experiences in a more organized way.']}, {'title': 'Formatting and Style', 'description': 'The resume has a professional and readable layout.  However, it could be enhanced by using a consistent formatting style for all elements.', 'ats_match': 80, 'recommendations': ['Consider using a professional resume template to ensure consistent formatting for headings, bullet points, and spacing throughout the resume. Also, ensure that the font size and style are easy to read. ', 'Use bolding and italics strategically to emphasize key skills and achievements.']}]}
2024-09-03 09:44:47,956 - werkzeug - INFO - 127.0.0.1 - - [03/Sep/2024 09:44:47] "[32mPOST /get_feedback_page HTTP/1.1[0m" 302 -
2024-09-03 09:44:48,153 - werkzeug - INFO - 127.0.0.1 - - [03/Sep/2024 09:44:48] "GET /feedback_summary HTTP/1.1" 200 -
2024-09-03 09:50:50,001 - app - INFO - Rendering index page
2024-09-03 09:50:50,005 - werkzeug - INFO - 127.0.0.1 - - [03/Sep/2024 09:50:50] "GET / HTTP/1.1" 200 -
2024-09-03 09:50:50,454 - werkzeug - INFO - 127.0.0.1 - - [03/Sep/2024 09:50:50] "[36mGET /static/images/oka.jpg HTTP/1.1[0m" 304 -
2024-09-03 09:54:16,884 - app - INFO - Rendering index page
2024-09-03 09:54:16,888 - werkzeug - INFO - 127.0.0.1 - - [03/Sep/2024 09:54:16] "GET / HTTP/1.1" 200 -
2024-09-03 09:54:17,503 - werkzeug - INFO - 127.0.0.1 - - [03/Sep/2024 09:54:17] "[36mGET /static/images/oka.jpg HTTP/1.1[0m" 304 -
2024-09-03 09:54:40,343 - app - INFO - Rendering index page
2024-09-03 09:54:40,347 - werkzeug - INFO - 127.0.0.1 - - [03/Sep/2024 09:54:40] "GET / HTTP/1.1" 200 -
2024-09-03 09:54:40,873 - werkzeug - INFO - 127.0.0.1 - - [03/Sep/2024 09:54:40] "[36mGET /static/images/oka.jpg HTTP/1.1[0m" 304 -
2024-09-03 09:54:49,754 - app - INFO - Rendering index page
2024-09-03 09:54:49,758 - werkzeug - INFO - 127.0.0.1 - - [03/Sep/2024 09:54:49] "GET / HTTP/1.1" 200 -
2024-09-03 09:54:50,275 - werkzeug - INFO - 127.0.0.1 - - [03/Sep/2024 09:54:50] "[36mGET /static/images/oka.jpg HTTP/1.1[0m" 304 -
2024-09-03 10:01:45,613 - app - INFO - Rendering index page
2024-09-03 10:01:45,616 - werkzeug - INFO - 127.0.0.1 - - [03/Sep/2024 10:01:45] "GET / HTTP/1.1" 200 -
2024-09-03 10:01:46,153 - werkzeug - INFO - 127.0.0.1 - - [03/Sep/2024 10:01:46] "[36mGET /static/images/oka.jpg HTTP/1.1[0m" 304 -
2024-09-03 10:04:15,043 - app - INFO - Rendering index page
2024-09-03 10:04:15,047 - werkzeug - INFO - 127.0.0.1 - - [03/Sep/2024 10:04:15] "GET / HTTP/1.1" 200 -
2024-09-03 10:04:15,573 - werkzeug - INFO - 127.0.0.1 - - [03/Sep/2024 10:04:15] "[36mGET /static/images/oka.jpg HTTP/1.1[0m" 304 -
2024-09-03 10:04:37,843 - app - INFO - Rendering index page
2024-09-03 10:04:37,847 - werkzeug - INFO - 127.0.0.1 - - [03/Sep/2024 10:04:37] "GET / HTTP/1.1" 200 -
2024-09-03 10:04:38,163 - werkzeug - INFO - 127.0.0.1 - - [03/Sep/2024 10:04:38] "[36mGET /static/images/oka.jpg HTTP/1.1[0m" 304 -
2024-09-03 10:07:35,564 - app - INFO - Rendering index page
2024-09-03 10:07:35,568 - werkzeug - INFO - 127.0.0.1 - - [03/Sep/2024 10:07:35] "GET / HTTP/1.1" 200 -
2024-09-03 10:07:36,003 - werkzeug - INFO - 127.0.0.1 - - [03/Sep/2024 10:07:36] "[36mGET /static/images/oka.jpg HTTP/1.1[0m" 304 -
2024-09-03 10:11:47,242 - app - INFO - Rendering index page
2024-09-03 10:11:47,246 - werkzeug - INFO - 127.0.0.1 - - [03/Sep/2024 10:11:47] "GET / HTTP/1.1" 200 -
2024-09-03 10:11:47,672 - werkzeug - INFO - 127.0.0.1 - - [03/Sep/2024 10:11:47] "[36mGET /static/images/oka.jpg HTTP/1.1[0m" 304 -
2024-09-03 10:15:07,010 - app - INFO - Rendering index page
2024-09-03 10:15:07,014 - werkzeug - INFO - 127.0.0.1 - - [03/Sep/2024 10:15:07] "GET / HTTP/1.1" 200 -
2024-09-03 10:15:07,573 - werkzeug - INFO - 127.0.0.1 - - [03/Sep/2024 10:15:07] "[36mGET /static/images/oka.jpg HTTP/1.1[0m" 304 -
2024-09-03 11:46:23,640 - app - INFO - Starting Flask application
2024-09-03 11:46:23,686 - werkzeug - INFO - [31m[1mWARNING: This is a development server. Do not use it in a production deployment. Use a production WSGI server instead.[0m
 * Running on http://127.0.0.1:5000
2024-09-03 11:46:23,687 - werkzeug - INFO - [33mPress CTRL+C to quit[0m
2024-09-03 11:46:23,689 - werkzeug - INFO -  * Restarting with stat
2024-09-03 11:46:26,132 - app - INFO - Starting Flask application
2024-09-03 11:46:26,141 - werkzeug - WARNING -  * Debugger is active!
2024-09-03 11:46:26,143 - werkzeug - INFO -  * Debugger PIN: 518-463-794
2024-09-03 11:46:31,550 - app - INFO - Rendering index page
2024-09-03 11:46:31,555 - werkzeug - INFO - 127.0.0.1 - - [03/Sep/2024 11:46:31] "GET /?redirectedPreviously=true HTTP/1.1" 200 -
2024-09-03 11:46:32,603 - werkzeug - INFO - 127.0.0.1 - - [03/Sep/2024 11:46:32] "[36mGET /static/images/oka.jpg HTTP/1.1[0m" 304 -
2024-09-03 11:46:37,367 - app - INFO - Rendering upload resume page
2024-09-03 11:46:37,380 - werkzeug - INFO - 127.0.0.1 - - [03/Sep/2024 11:46:37] "GET /upload_resume_page HTTP/1.1" 200 -
2024-09-03 11:48:00,288 - app - INFO - Rendering index page
2024-09-03 11:48:00,292 - werkzeug - INFO - 127.0.0.1 - - [03/Sep/2024 11:48:00] "GET /?redirectedPreviously=true HTTP/1.1" 200 -
2024-09-03 11:48:00,750 - werkzeug - INFO - 127.0.0.1 - - [03/Sep/2024 11:48:00] "[36mGET /static/images/oka.jpg HTTP/1.1[0m" 304 -
2024-09-03 11:48:34,592 - app - INFO - Rendering index page
2024-09-03 11:48:34,595 - werkzeug - INFO - 127.0.0.1 - - [03/Sep/2024 11:48:34] "GET /?redirectedPreviously=true HTTP/1.1" 200 -
2024-09-03 11:48:35,000 - werkzeug - INFO - 127.0.0.1 - - [03/Sep/2024 11:48:35] "[36mGET /static/images/oka.jpg HTTP/1.1[0m" 304 -
2024-09-03 11:50:43,056 - app - INFO - Rendering index page
2024-09-03 11:50:43,060 - werkzeug - INFO - 127.0.0.1 - - [03/Sep/2024 11:50:43] "GET /?redirectedPreviously=true HTTP/1.1" 200 -
2024-09-03 11:50:43,553 - werkzeug - INFO - 127.0.0.1 - - [03/Sep/2024 11:50:43] "[36mGET /static/images/oka.jpg HTTP/1.1[0m" 304 -
2024-09-03 11:55:56,771 - app - INFO - Rendering index page
2024-09-03 11:55:56,776 - werkzeug - INFO - 127.0.0.1 - - [03/Sep/2024 11:55:56] "GET /?redirectedPreviously=true HTTP/1.1" 200 -
2024-09-03 11:55:59,193 - werkzeug - INFO - 127.0.0.1 - - [03/Sep/2024 11:55:59] "[36mGET /static/images/oka.jpg HTTP/1.1[0m" 304 -
2024-09-03 11:56:37,026 - app - INFO - Rendering index page
2024-09-03 11:56:37,030 - werkzeug - INFO - 127.0.0.1 - - [03/Sep/2024 11:56:37] "GET /?redirectedPreviously=true HTTP/1.1" 200 -
2024-09-03 11:56:37,688 - werkzeug - INFO - 127.0.0.1 - - [03/Sep/2024 11:56:37] "[36mGET /static/images/oka.jpg HTTP/1.1[0m" 304 -
2024-09-03 11:57:13,447 - app - INFO - Rendering index page
2024-09-03 11:57:13,451 - werkzeug - INFO - 127.0.0.1 - - [03/Sep/2024 11:57:13] "GET /?redirectedPreviously=true HTTP/1.1" 200 -
2024-09-03 11:57:14,109 - werkzeug - INFO - 127.0.0.1 - - [03/Sep/2024 11:57:14] "[36mGET /static/images/oka.jpg HTTP/1.1[0m" 304 -
2024-09-03 11:58:29,556 - app - INFO - Rendering index page
2024-09-03 11:58:29,560 - werkzeug - INFO - 127.0.0.1 - - [03/Sep/2024 11:58:29] "GET /?redirectedPreviously=true HTTP/1.1" 200 -
2024-09-03 11:58:30,521 - werkzeug - INFO - 127.0.0.1 - - [03/Sep/2024 11:58:30] "[36mGET /static/images/oka.jpg HTTP/1.1[0m" 304 -
2024-09-03 11:58:59,012 - app - INFO - Rendering index page
2024-09-03 11:58:59,016 - werkzeug - INFO - 127.0.0.1 - - [03/Sep/2024 11:58:59] "GET /?redirectedPreviously=true HTTP/1.1" 200 -
2024-09-03 11:58:59,619 - werkzeug - INFO - 127.0.0.1 - - [03/Sep/2024 11:58:59] "[36mGET /static/images/oka.jpg HTTP/1.1[0m" 304 -
2024-09-03 11:59:16,420 - app - INFO - Rendering index page
2024-09-03 11:59:16,424 - werkzeug - INFO - 127.0.0.1 - - [03/Sep/2024 11:59:16] "GET /?redirectedPreviously=true HTTP/1.1" 200 -
2024-09-03 11:59:16,815 - werkzeug - INFO - 127.0.0.1 - - [03/Sep/2024 11:59:16] "[36mGET /static/images/oka.jpg HTTP/1.1[0m" 304 -
2024-09-03 12:00:36,838 - app - INFO - Rendering index page
2024-09-03 12:00:36,842 - werkzeug - INFO - 127.0.0.1 - - [03/Sep/2024 12:00:36] "GET /?redirectedPreviously=true HTTP/1.1" 200 -
2024-09-03 12:00:37,285 - werkzeug - INFO - 127.0.0.1 - - [03/Sep/2024 12:00:37] "[36mGET /static/images/oka.jpg HTTP/1.1[0m" 304 -
2024-09-03 12:01:09,556 - app - INFO - Rendering index page
2024-09-03 12:01:09,559 - werkzeug - INFO - 127.0.0.1 - - [03/Sep/2024 12:01:09] "GET /?redirectedPreviously=true HTTP/1.1" 200 -
2024-09-03 12:01:09,980 - werkzeug - INFO - 127.0.0.1 - - [03/Sep/2024 12:01:09] "[36mGET /static/images/oka.jpg HTTP/1.1[0m" 304 -
2024-09-03 12:01:25,872 - app - INFO - Rendering index page
2024-09-03 12:01:25,876 - werkzeug - INFO - 127.0.0.1 - - [03/Sep/2024 12:01:25] "GET /?redirectedPreviously=true HTTP/1.1" 200 -
2024-09-03 12:01:26,245 - werkzeug - INFO - 127.0.0.1 - - [03/Sep/2024 12:01:26] "[36mGET /static/images/oka.jpg HTTP/1.1[0m" 304 -
2024-09-03 12:01:47,268 - app - INFO - Rendering index page
2024-09-03 12:01:47,272 - werkzeug - INFO - 127.0.0.1 - - [03/Sep/2024 12:01:47] "GET /?redirectedPreviously=true HTTP/1.1" 200 -
2024-09-03 12:01:47,731 - werkzeug - INFO - 127.0.0.1 - - [03/Sep/2024 12:01:47] "[36mGET /static/images/oka.jpg HTTP/1.1[0m" 304 -
2024-09-04 07:38:13,620 - app - INFO - Starting Flask application
2024-09-04 07:38:13,669 - werkzeug - INFO - [31m[1mWARNING: This is a development server. Do not use it in a production deployment. Use a production WSGI server instead.[0m
 * Running on http://127.0.0.1:5000
2024-09-04 07:38:13,669 - werkzeug - INFO - [33mPress CTRL+C to quit[0m
2024-09-04 07:38:13,671 - werkzeug - INFO -  * Restarting with stat
2024-09-04 07:38:16,034 - app - INFO - Starting Flask application
2024-09-04 07:38:16,043 - werkzeug - WARNING -  * Debugger is active!
2024-09-04 07:38:16,045 - werkzeug - INFO -  * Debugger PIN: 900-402-091
2024-09-04 07:38:23,307 - app - INFO - Rendering index page
2024-09-04 07:38:23,312 - werkzeug - INFO - 127.0.0.1 - - [04/Sep/2024 07:38:23] "GET /?redirectedPreviously=true HTTP/1.1" 200 -
2024-09-04 07:38:24,287 - werkzeug - INFO - 127.0.0.1 - - [04/Sep/2024 07:38:24] "GET /static/images/oka.jpg HTTP/1.1" 200 -
2024-09-04 07:38:28,912 - werkzeug - INFO - 127.0.0.1 - - [04/Sep/2024 07:38:28] "[33mGET /favicon.ico HTTP/1.1[0m" 404 -
2024-09-04 07:38:31,472 - app - INFO - Rendering upload resume page
2024-09-04 07:38:31,485 - werkzeug - INFO - 127.0.0.1 - - [04/Sep/2024 07:38:31] "GET /upload_resume_page HTTP/1.1" 200 -
2024-09-04 07:38:46,520 - app - INFO - Received a file upload request
2024-09-04 07:38:47,086 - app - INFO - File Olusegun_Tewogbade.pdf saved to /home/bishoptewogbade/genaiq/backend/static/uploads/temp_uploads/Olusegun_Tewogbade.pdf
2024-09-04 07:38:47,196 - google.auth._default - WARNING - No project ID could be determined. Consider running `gcloud config set project` or setting the GOOGLE_CLOUD_PROJECT environment variable
2024-09-04 07:38:47,203 - google.auth._default - WARNING - No project ID could be determined. Consider running `gcloud config set project` or setting the GOOGLE_CLOUD_PROJECT environment variable
2024-09-04 07:38:48,393 - ai_service - INFO - File uploaded successfully to GCS: uploads/Olusegun_Tewogbade.pdf
2024-09-04 07:38:48,393 - app - INFO - File URI: gs://genaiq_cloudbuild/uploads/Olusegun_Tewogbade.pdf
2024-09-04 07:38:48,393 - app - INFO - Session data after upload: <SecureCookieSession {'ai_response': {'feedback_cards': [{'ats_match': 80, 'description': "Your summary is a strong start, highlighting your passion for software development and your expertise in key technologies like Java Spring Boot, Python Flask, and Flutter.  It's clear you are driven by solving real-world problems, which is a great message to convey to potential employers. I would suggest adding a quantifiable achievement from your experience to further strengthen the impact of your summary.", 'recommendations': ['Add a quantifiable achievement from your experience to the summary. For example, "Increased efficiency by 20% by implementing a new system using Java Spring Boot".'], 'title': 'Summary'}, {'ats_match': 90, 'description': 'You present a detailed and impressive account of your work experience. You effectively use action verbs and quantify your accomplishments. The specific examples of your work at Fasyl Technology Group, Abeyie Innovation Studios, and Blue Vision Multimedia demonstrate your capabilities in various roles and technologies. ', 'recommendations': ['Consider using bullet points to break down each accomplishment for better readability. For example, "Developed and deployed RESTful APIs using Java Spring Boot, Python Flask, and Angular. These APIs successfully extended product offerings and enabled integration with ACH and CTS systems for clients, primarily banks." This breakdown enhances clarity and highlights the specific technologies and achievements.'], 'title': 'Experience'}, {'ats_match': 85, 'description': 'Your educational background is well presented. Including the specific degree and institution adds credibility to your qualifications.  ', 'recommendations': ['Add a brief description of any relevant coursework or projects related to the roles you are targeting. This could include mentions of courses in fintech, AI, mobile development, or any other relevant areas.'], 'title': 'Education'}, {'ats_match': 90, 'description': 'The skills section effectively lists your technical proficiencies. The categories of Programming Languages, Frameworks and Libraries, and Tools and Platforms provide a clear overview of your expertise.', 'recommendations': ['Consider adding a few specific skills related to your desired role. For example, if you are targeting a specific AI role, including relevant AI frameworks or libraries would be beneficial.  Also, you might consider highlighting any cloud platforms you are familiar with.'], 'title': 'Skills'}, {'ats_match': 75, 'description': 'You have included some additional sections, such as a lead ambassador role. This adds valuable information about your leadership skills and involvement in the tech community.', 'recommendations': ['Consider creating a separate section for "Leadership and Community Involvement" to showcase these experiences in a more organized way.'], 'title': 'Additional'}, {'ats_match': 80, 'description': 'The resume has a professional and readable layout.  However, it could be enhanced by using a consistent formatting style for all elements.', 'recommendations': ['Consider using a professional resume template to ensure consistent formatting for headings, bullet points, and spacing throughout the resume. Also, ensure that the font size and style are easy to read. ', 'Use bolding and italics strategically to emphasize key skills and achievements.'], 'title': 'Formatting and Style'}], 'overall_feedback': "Olusegun, your resume presents a strong foundation in software development with a clear focus on fintech, AI, and mobile app development. You have impressive experience working on projects that demonstrate your technical skills and problem-solving abilities. The resume effectively showcases your achievements and experience but could be further optimized to highlight your strengths and maximize your chances of landing your dream role.  Let's fine-tune it to make it even more impactful."}, 'file_uri': 'gs://genaiq_cloudbuild/uploads/Olusegun_Tewogbade.pdf', 'filename': 'Olusegun_Tewogbade.pdf'}>
2024-09-04 07:38:48,394 - app - INFO - File type is PDF
2024-09-04 07:38:48,394 - app - INFO - File Olusegun_Tewogbade.pdf removed from local storage
2024-09-04 07:38:48,395 - werkzeug - INFO - 127.0.0.1 - - [04/Sep/2024 07:38:48] "POST /upload HTTP/1.1" 200 -
2024-09-04 07:38:50,412 - app - INFO - Received request to get feedback page
2024-09-04 07:38:50,413 - app - INFO - Session data at feedback page: filename=Olusegun_Tewogbade.pdf, file_uri=gs://genaiq_cloudbuild/uploads/Olusegun_Tewogbade.pdf
2024-09-04 07:38:50,413 - app - INFO - Calling AI service to process the file
2024-09-04 07:38:50,419 - google.auth._default - WARNING - No project ID could be determined. Consider running `gcloud config set project` or setting the GOOGLE_CLOUD_PROJECT environment variable
2024-09-04 07:38:50,425 - google.auth._default - WARNING - No project ID could be determined. Consider running `gcloud config set project` or setting the GOOGLE_CLOUD_PROJECT environment variable
2024-09-04 07:38:51,392 - ai_service - INFO - File downloaded successfully from GCS: gs://genaiq_cloudbuild/uploads/Olusegun_Tewogbade.pdf
2024-09-04 07:38:51,489 - ai_service - INFO - Text extracted successfully from PDF.
2024-09-04 07:38:51,489 - ai_service - INFO - Initializing Vertex AI with the given project ID and location.
2024-09-04 07:38:51,489 - ai_service - INFO - Vertex AI initialized successfully.
2024-09-04 07:38:51,489 - ai_service - INFO - Loading the Vertex AI generative model.
2024-09-04 07:38:51,490 - ai_service - INFO - Preparing the prompt for Vertex AI.
2024-09-04 07:38:51,490 - ai_service - INFO - Creating a Part object from the extracted file text.
2024-09-04 07:38:51,490 - ai_service - INFO - Sending the prompt to Vertex AI for content generation.
2024-09-04 07:38:56,593 - ai_service - INFO - Received response from Vertex AI.
2024-09-04 07:38:56,593 - ai_service - ERROR - Failed to parse JSON response: Expecting ',' delimiter: line 1 column 3478 (char 3477)
2024-09-04 07:38:56,598 - app - INFO - Analysis result: {'error': 'Failed to parse JSON response.', 'raw_response': '{"overall_feedback": "Olusegun\'s resume is packed with relevant experience and showcases his strong technical skills and passion for software development, particularly in fintech and AI. He has a clear track record of success in implementing impactful solutions and leading projects. However, there\'s room for improvement in terms of quantifying achievements and refining the overall presentation.  With a few tweaks, this resume can really stand out to potential employers.", "feedback_cards": [{"title": "Summary", "description": "Olusegun\'s summary effectively highlights his passion for software development and his key areas of expertise. It also mentions his ability to lead teams and optimize systems. However, it could benefit from being more concise and impactful. Consider starting with a strong statement that captures his unique value proposition.", "ats_match": "70%", "recommendations": ["Start with a strong, attention-grabbing sentence that highlights your unique value proposition.\\n", "Quantify your skills and achievements whenever possible, e.g., \\"Optimized system performance by 20% using Java Spring Boot.\\" ", "Mention specific industry knowledge relevant to your target roles, such as fintech trends or emerging AI technologies."]}, {"title": "Experience", "description": "This section is a strong showcase of Olusegun\'s experience, highlighting his contributions in various roles, including his leadership position at Abeyie Innovation Studios. The use of quantifiable results adds credibility to his claims, particularly in areas like improving processing times and user satisfaction. However, consider restructuring the entries for better readability and emphasizing the impact of his contributions.", "ats_match": "85%", "recommendations": ["Use a consistent format for each experience entry, ensuring clear roles, company names, dates, and responsibilities.\\n", "Prioritize achievements over responsibilities. Start each bullet point with a strong action verb and quantify the impact whenever possible.\\n", "Consider using a more visually appealing format, like bullet points or a table, for presenting the details of each role."]}, {"title": "Education", "description": "Olusegun\'s educational background is well presented, showcasing his degree in Computer Science from Catholic University College, Ghana. The inclusion of the graduation date provides valuable information. To further enhance this section, consider mentioning any relevant coursework or projects that demonstrate your skills and interests.", "ats_match": "90%", "recommendations": ["Consider adding a brief description of any relevant coursework or projects that demonstrate your skills and interests.\\n", "Highlight any academic achievements or awards related to your field."]}, {"title": "Skills", "description": "Olusegun lists a strong set of skills, including programming languages, frameworks, tools, and platforms. The organization of skills by category is helpful. However, consider adding a level of proficiency for each skill to provide a clearer understanding of his expertise.", "ats_match": "95%", "recommendations": ["Add a proficiency level for each skill (e.g., Expert, Proficient, Familiar) to provide a more nuanced understanding of your skillset.\\n", "Consider highlighting any specialized or niche skills that align with your target roles.\\n", "Tailor your skills list to the specific job requirements, demonstrating your alignment with the company\'s needs."}]}]}\n'}
2024-09-04 07:38:56,599 - werkzeug - INFO - 127.0.0.1 - - [04/Sep/2024 07:38:56] "[32mPOST /get_feedback_page HTTP/1.1[0m" 302 -
2024-09-04 07:38:56,854 - werkzeug - INFO - 127.0.0.1 - - [04/Sep/2024 07:38:56] "GET /feedback_summary HTTP/1.1" 200 -
2024-09-04 07:40:34,974 - werkzeug - INFO - 127.0.0.1 - - [04/Sep/2024 07:40:34] "GET /payment HTTP/1.1" 200 -
2024-09-04 07:40:37,062 - app - INFO - Received request to get feedback page
2024-09-04 07:40:37,062 - app - INFO - Session data at feedback page: filename=Olusegun_Tewogbade.pdf, file_uri=gs://genaiq_cloudbuild/uploads/Olusegun_Tewogbade.pdf
2024-09-04 07:40:37,062 - app - INFO - Calling AI service to process the file
2024-09-04 07:40:37,070 - google.auth._default - WARNING - No project ID could be determined. Consider running `gcloud config set project` or setting the GOOGLE_CLOUD_PROJECT environment variable
2024-09-04 07:40:37,076 - google.auth._default - WARNING - No project ID could be determined. Consider running `gcloud config set project` or setting the GOOGLE_CLOUD_PROJECT environment variable
2024-09-04 07:40:38,213 - ai_service - INFO - File downloaded successfully from GCS: gs://genaiq_cloudbuild/uploads/Olusegun_Tewogbade.pdf
2024-09-04 07:40:38,432 - ai_service - INFO - Text extracted successfully from PDF.
2024-09-04 07:40:38,432 - ai_service - INFO - Initializing Vertex AI with the given project ID and location.
2024-09-04 07:40:38,432 - ai_service - INFO - Vertex AI initialized successfully.
2024-09-04 07:40:38,432 - ai_service - INFO - Loading the Vertex AI generative model.
2024-09-04 07:40:38,432 - ai_service - INFO - Preparing the prompt for Vertex AI.
2024-09-04 07:40:38,433 - ai_service - INFO - Creating a Part object from the extracted file text.
2024-09-04 07:40:38,433 - ai_service - INFO - Sending the prompt to Vertex AI for content generation.
2024-09-04 07:40:42,850 - ai_service - INFO - Received response from Vertex AI.
2024-09-04 07:40:42,852 - app - INFO - Analysis result: {'overall_feedback': 'Olusegun has a strong resume that showcases his technical skills and experience in software development, particularly in fintech and AI. He demonstrates a clear understanding of how to apply his skills to solve real-world problems and improve business outcomes.  However, there are areas where he could improve to enhance the impact of his resume.', 'feedback_cards': [{'title': 'Summary', 'description': "Olusegun's summary is well-written and highlights his passion for software development and his expertise in fintech, AI, and mobile app development. He effectively emphasizes his skills in Java Spring Boot, Python Flask, and Flutter, showcasing his ability to build impactful solutions. However, it could benefit from quantifying achievements and showcasing specific projects or challenges overcome.", 'ats_match': '70%', 'recommendations': ["Consider including quantifiable achievements in your summary, such as 'Increased application performance by 20%' or 'Reduced transaction processing time by 60%.'", 'Highlight a specific project or challenge you overcame that showcases your problem-solving skills and technical expertise.', "Use action verbs to emphasize your skills and accomplishments, such as 'Designed,' 'Developed,' 'Implemented,' and 'Led.'"]}, {'title': 'Experience', 'description': "Olusegun's work experience demonstrates a strong track record of developing and implementing software solutions in various roles, showcasing his versatility and ability to adapt to different environments. The bullet points are detailed and provide specific examples of his achievements. However, the use of jargon could be less heavy-handed.", 'ats_match': '80%', 'recommendations': ["Consider using more concise and specific language to make your achievements more impactful. For example, instead of 'Designed and implemented RESTful APIs with Java Spring Boot, Python Flask, and Angular,' try 'Designed and implemented RESTful APIs for banking integration using Java Spring Boot, Python Flask, and Angular, resulting in [quantifiable outcome].'", "Focus on quantifying your achievements whenever possible. For example, 'Increased user satisfaction by 20% through post-launch troubleshooting and feedback' is more impactful than simply stating that you 'enhanced app performance.'"]}, {'title': 'Education', 'description': "The education section effectively showcases Olusegun's Bachelor of Science degree in Computer Science from Catholic University College, Ghana. It provides the necessary information for employers to understand his academic background. ", 'ats_match': '90%', 'recommendations': ['Consider adding relevant coursework or projects that demonstrate your technical skills and abilities.']}, {'title': 'Skills', 'description': 'Olusegun lists a comprehensive set of skills that demonstrate his proficiency in various programming languages, frameworks, and tools. This section effectively showcases his technical capabilities.', 'ats_match': '90%', 'recommendations': ["Consider grouping your skills into categories for easier readability. For example, 'Programming Languages,' 'Frameworks and Libraries,' and 'Tools and Platforms.'", 'Consider adding specific skills related to AI and Machine Learning, as this is an area of expertise you highlight in your summary.']}]}
2024-09-04 07:40:42,857 - werkzeug - INFO - 127.0.0.1 - - [04/Sep/2024 07:40:42] "GET /full_report HTTP/1.1" 200 -
2024-09-04 07:42:09,542 - app - INFO - Starting Flask application
2024-09-04 07:42:09,556 - werkzeug - INFO - [31m[1mWARNING: This is a development server. Do not use it in a production deployment. Use a production WSGI server instead.[0m
 * Running on http://127.0.0.1:5000
2024-09-04 07:42:09,556 - werkzeug - INFO - [33mPress CTRL+C to quit[0m
2024-09-04 07:42:09,557 - werkzeug - INFO -  * Restarting with stat
2024-09-04 07:42:11,933 - app - INFO - Starting Flask application
2024-09-04 07:42:11,942 - werkzeug - WARNING -  * Debugger is active!
2024-09-04 07:42:11,943 - werkzeug - INFO -  * Debugger PIN: 900-402-091
2024-09-04 07:42:14,995 - app - INFO - Rendering index page
2024-09-04 07:42:15,001 - werkzeug - INFO - 127.0.0.1 - - [04/Sep/2024 07:42:15] "GET / HTTP/1.1" 200 -
2024-09-04 07:42:15,872 - werkzeug - INFO - 127.0.0.1 - - [04/Sep/2024 07:42:15] "[36mGET /static/images/oka.jpg HTTP/1.1[0m" 304 -
2024-09-04 07:42:20,868 - app - INFO - Rendering upload resume page
2024-09-04 07:42:20,870 - werkzeug - INFO - 127.0.0.1 - - [04/Sep/2024 07:42:20] "GET /upload_resume_page HTTP/1.1" 200 -
2024-09-04 07:42:27,795 - app - INFO - Received a file upload request
2024-09-04 07:42:30,511 - app - INFO - File OlusegunTewogbadeResume.pdf saved to /home/bishoptewogbade/genaiq/backend/static/uploads/temp_uploads/OlusegunTewogbadeResume.pdf
2024-09-04 07:42:31,572 - ai_service - INFO - File uploaded successfully to GCS: uploads/OlusegunTewogbadeResume.pdf
2024-09-04 07:42:31,573 - app - INFO - File URI: gs://genaiq_cloudbuild/uploads/OlusegunTewogbadeResume.pdf
2024-09-04 07:42:31,573 - app - INFO - Session data after upload: <SecureCookieSession {'ai_response': {'feedback_cards': [{'ats_match': '70%', 'description': "Olusegun's summary is well-written and highlights his passion for software development and his expertise in fintech, AI, and mobile app development. He effectively emphasizes his skills in Java Spring Boot, Python Flask, and Flutter, showcasing his ability to build impactful solutions. However, it could benefit from quantifying achievements and showcasing specific projects or challenges overcome.", 'recommendations': ["Consider including quantifiable achievements in your summary, such as 'Increased application performance by 20%' or 'Reduced transaction processing time by 60%.'", 'Highlight a specific project or challenge you overcame that showcases your problem-solving skills and technical expertise.', "Use action verbs to emphasize your skills and accomplishments, such as 'Designed,' 'Developed,' 'Implemented,' and 'Led.'"], 'title': 'Summary'}, {'ats_match': '80%', 'description': "Olusegun's work experience demonstrates a strong track record of developing and implementing software solutions in various roles, showcasing his versatility and ability to adapt to different environments. The bullet points are detailed and provide specific examples of his achievements. However, the use of jargon could be less heavy-handed.", 'recommendations': ["Consider using more concise and specific language to make your achievements more impactful. For example, instead of 'Designed and implemented RESTful APIs with Java Spring Boot, Python Flask, and Angular,' try 'Designed and implemented RESTful APIs for banking integration using Java Spring Boot, Python Flask, and Angular, resulting in [quantifiable outcome].'", "Focus on quantifying your achievements whenever possible. For example, 'Increased user satisfaction by 20% through post-launch troubleshooting and feedback' is more impactful than simply stating that you 'enhanced app performance.'"], 'title': 'Experience'}, {'ats_match': '90%', 'description': "The education section effectively showcases Olusegun's Bachelor of Science degree in Computer Science from Catholic University College, Ghana. It provides the necessary information for employers to understand his academic background. ", 'recommendations': ['Consider adding relevant coursework or projects that demonstrate your technical skills and abilities.'], 'title': 'Education'}, {'ats_match': '90%', 'description': 'Olusegun lists a comprehensive set of skills that demonstrate his proficiency in various programming languages, frameworks, and tools. This section effectively showcases his technical capabilities.', 'recommendations': ["Consider grouping your skills into categories for easier readability. For example, 'Programming Languages,' 'Frameworks and Libraries,' and 'Tools and Platforms.'", 'Consider adding specific skills related to AI and Machine Learning, as this is an area of expertise you highlight in your summary.'], 'title': 'Skills'}], 'overall_feedback': 'Olusegun has a strong resume that showcases his technical skills and experience in software development, particularly in fintech and AI. He demonstrates a clear understanding of how to apply his skills to solve real-world problems and improve business outcomes.  However, there are areas where he could improve to enhance the impact of his resume.'}, 'file_uri': 'gs://genaiq_cloudbuild/uploads/OlusegunTewogbadeResume.pdf', 'filename': 'OlusegunTewogbadeResume.pdf'}>
2024-09-04 07:42:31,573 - app - INFO - File type is PDF
2024-09-04 07:42:31,573 - app - INFO - File OlusegunTewogbadeResume.pdf removed from local storage
2024-09-04 07:42:31,575 - werkzeug - INFO - 127.0.0.1 - - [04/Sep/2024 07:42:31] "POST /upload HTTP/1.1" 200 -
2024-09-04 07:42:32,668 - app - INFO - Received request to get feedback page
2024-09-04 07:42:32,669 - app - INFO - Session data at feedback page: filename=OlusegunTewogbadeResume.pdf, file_uri=gs://genaiq_cloudbuild/uploads/OlusegunTewogbadeResume.pdf
2024-09-04 07:42:32,669 - app - INFO - Calling AI service to process the file
2024-09-04 07:42:33,644 - ai_service - INFO - File downloaded successfully from GCS: gs://genaiq_cloudbuild/uploads/OlusegunTewogbadeResume.pdf
2024-09-04 07:42:33,870 - ai_service - INFO - Text extracted successfully from PDF.
2024-09-04 07:42:33,870 - ai_service - INFO - Initializing Vertex AI with the given project ID and location.
2024-09-04 07:42:33,870 - ai_service - INFO - Vertex AI initialized successfully.
2024-09-04 07:42:33,870 - ai_service - INFO - Loading the Vertex AI generative model.
2024-09-04 07:42:33,871 - ai_service - INFO - Preparing the prompt for Vertex AI.
2024-09-04 07:42:33,871 - ai_service - INFO - Creating a Part object from the extracted file text.
2024-09-04 07:42:33,871 - ai_service - INFO - Sending the prompt to Vertex AI for content generation.
2024-09-04 07:42:39,009 - ai_service - INFO - Received response from Vertex AI.
2024-09-04 07:42:39,012 - app - INFO - Analysis result: {'overall_feedback': "Olusegun, your resume showcases a strong foundation in software development with a focus on fintech and AI. You've gained valuable experience working on diverse projects, highlighting your ability to adapt to different technologies and environments. The resume effectively conveys your technical skills and project accomplishments. However, some adjustments could further enhance its impact and make it more ATS-friendly.", 'feedback_cards': [{'title': 'Summary', 'description': 'Your summary effectively captures your passion for software development, specifically mentioning fintech and AI. However, it could benefit from a more focused approach. Consider highlighting a key accomplishment or quantifying your impact within this section. For example, you could mention "Successfully implemented AI-powered solutions that reduced X% of processing time" or "Led a team that developed a fintech application that increased user engagement by Y%."', 'ats_match': '60%', 'recommendations': ['Quantify your achievements and impact in the summary.', "Tailor the summary to highlight skills and experience relevant to the specific job you're applying for.", 'Use action verbs to make your summary more impactful.']}, {'title': 'Experience', 'description': 'This section is well-structured and provides detailed descriptions of your roles and responsibilities. You effectively showcase your technical skills by mentioning specific technologies like Java Spring Boot, Python Flask, and Flutter. The quantifiable results you mention, like "70% reduction in response times" and "40% increase in performance", add credibility and demonstrate your impact. It\'s impressive that you\'ve worked on a range of projects, from API development to mobile app development, and even AI chatbot integration.', 'ats_match': '85%', 'recommendations': ['Consider using a consistent format for each job description, particularly for the bullet points. This will make the resume easier to read and understand.', "Add keywords that are relevant to the specific jobs you're applying for. You can use tools like Jobscan to identify the most common keywords used in job descriptions for your target roles."]}, {'title': 'Education', 'description': 'This section clearly presents your educational background. Consider adding a brief sentence or two about your academic achievements, such as a relevant project or GPA.', 'ats_match': '75%', 'recommendations': ['Consider adding a brief sentence or two about your academic achievements, such as a relevant project or GPA.']}, {'title': 'Skills', 'description': 'The skills section lists a good range of technical skills that are relevant to software development. However, it could be more impactful. Consider grouping the skills into categories like "Programming Languages", "Frameworks and Libraries", "Tools and Platforms", and "Databases". This will make the skills section easier to read and scan by employers.', 'ats_match': '70%', 'recommendations': ['Group your skills into relevant categories.', "Consider adding specific skills that are relevant to the jobs you're applying for. For example, if you are applying for a position that requires experience with cloud platforms, include skills like AWS, Azure, or GCP."]}, {'title': 'Additional Information', 'description': 'The "Which of your achievements match the job you\'re applying to?" section is a good starting point but needs further development. Instead of posing this as a question, use this space to highlight specific accomplishments that align with the requirements of the job you are targeting. This will demonstrate your understanding of the role and emphasize your relevance. ', 'ats_match': '50%', 'recommendations': ['Replace the question with a concise statement highlighting achievements that directly relate to the job you are applying for. This section should showcase your understanding of the role and your qualifications for it. Use action verbs and quantify your achievements whenever possible.']}]}
2024-09-04 07:42:39,013 - werkzeug - INFO - 127.0.0.1 - - [04/Sep/2024 07:42:39] "[32mPOST /get_feedback_page HTTP/1.1[0m" 302 -
2024-09-04 07:42:39,316 - werkzeug - INFO - 127.0.0.1 - - [04/Sep/2024 07:42:39] "GET /feedback_summary HTTP/1.1" 200 -
2024-09-04 07:48:50,388 - app - INFO - Rendering index page
2024-09-04 07:48:50,389 - werkzeug - INFO - 127.0.0.1 - - [04/Sep/2024 07:48:50] "GET / HTTP/1.1" 200 -
2024-09-04 07:48:50,978 - werkzeug - INFO - 127.0.0.1 - - [04/Sep/2024 07:48:50] "[36mGET /static/images/oka.jpg HTTP/1.1[0m" 304 -
2024-09-04 07:48:57,647 - app - INFO - Rendering upload resume page
2024-09-04 07:48:57,650 - werkzeug - INFO - 127.0.0.1 - - [04/Sep/2024 07:48:57] "GET /upload_resume_page HTTP/1.1" 200 -
2024-09-04 07:51:43,487 - app - INFO - Rendering upload resume page
2024-09-04 07:51:43,490 - werkzeug - INFO - 127.0.0.1 - - [04/Sep/2024 07:51:43] "GET /upload_resume_page HTTP/1.1" 200 -
2024-09-04 07:53:22,722 - app - INFO - Rendering index page
2024-09-04 07:53:22,723 - werkzeug - INFO - 127.0.0.1 - - [04/Sep/2024 07:53:22] "GET / HTTP/1.1" 200 -
2024-09-04 07:53:23,142 - werkzeug - INFO - 127.0.0.1 - - [04/Sep/2024 07:53:23] "[36mGET /static/images/oka.jpg HTTP/1.1[0m" 304 -
2024-09-04 07:53:24,951 - app - INFO - Rendering upload resume page
2024-09-04 07:53:24,952 - werkzeug - INFO - 127.0.0.1 - - [04/Sep/2024 07:53:24] "GET /upload_resume_page HTTP/1.1" 200 -
2024-09-04 07:54:20,442 - app - INFO - Rendering upload resume page
2024-09-04 07:54:20,445 - werkzeug - INFO - 127.0.0.1 - - [04/Sep/2024 07:54:20] "GET /upload_resume_page HTTP/1.1" 200 -
2024-09-04 07:54:53,712 - app - INFO - Rendering upload resume page
2024-09-04 07:54:53,716 - werkzeug - INFO - 127.0.0.1 - - [04/Sep/2024 07:54:53] "GET /upload_resume_page HTTP/1.1" 200 -
2024-09-04 07:56:26,692 - app - INFO - Rendering index page
2024-09-04 07:56:26,693 - werkzeug - INFO - 127.0.0.1 - - [04/Sep/2024 07:56:26] "GET / HTTP/1.1" 200 -
2024-09-04 07:56:27,283 - werkzeug - INFO - 127.0.0.1 - - [04/Sep/2024 07:56:27] "[36mGET /static/images/oka.jpg HTTP/1.1[0m" 304 -
2024-09-04 07:56:29,884 - app - INFO - Rendering upload resume page
2024-09-04 07:56:29,887 - werkzeug - INFO - 127.0.0.1 - - [04/Sep/2024 07:56:29] "GET /upload_resume_page HTTP/1.1" 200 -
2024-09-04 07:58:25,453 - app - INFO - Rendering index page
2024-09-04 07:58:25,455 - werkzeug - INFO - 127.0.0.1 - - [04/Sep/2024 07:58:25] "GET / HTTP/1.1" 200 -
2024-09-04 07:58:26,052 - werkzeug - INFO - 127.0.0.1 - - [04/Sep/2024 07:58:26] "[36mGET /static/images/oka.jpg HTTP/1.1[0m" 304 -
2024-09-04 07:58:33,112 - app - INFO - Rendering upload resume page
2024-09-04 07:58:33,115 - werkzeug - INFO - 127.0.0.1 - - [04/Sep/2024 07:58:33] "GET /upload_resume_page HTTP/1.1" 200 -
2024-09-04 08:21:46,522 - app - INFO - Rendering upload resume page
2024-09-04 08:21:46,526 - werkzeug - INFO - 127.0.0.1 - - [04/Sep/2024 08:21:46] "GET /upload_resume_page HTTP/1.1" 200 -
2024-09-04 08:21:47,162 - werkzeug - INFO - 127.0.0.1 - - [04/Sep/2024 08:21:47] "GET /static/images/lady2.jpg HTTP/1.1" 200 -
2024-09-04 08:22:03,261 - app - INFO - Received a file upload request
2024-09-04 08:22:06,639 - app - INFO - File OlusegunTewogbadeResume.pdf saved to /home/bishoptewogbade/genaiq/backend/static/uploads/temp_uploads/OlusegunTewogbadeResume.pdf
2024-09-04 08:22:07,757 - ai_service - INFO - File uploaded successfully to GCS: uploads/OlusegunTewogbadeResume.pdf
2024-09-04 08:22:07,757 - app - INFO - File URI: gs://genaiq_cloudbuild/uploads/OlusegunTewogbadeResume.pdf
2024-09-04 08:22:07,757 - app - INFO - Session data after upload: <SecureCookieSession {'ai_response': {'feedback_cards': [{'ats_match': '60%', 'description': 'Your summary effectively captures your passion for software development, specifically mentioning fintech and AI. However, it could benefit from a more focused approach. Consider highlighting a key accomplishment or quantifying your impact within this section. For example, you could mention "Successfully implemented AI-powered solutions that reduced X% of processing time" or "Led a team that developed a fintech application that increased user engagement by Y%."', 'recommendations': ['Quantify your achievements and impact in the summary.', "Tailor the summary to highlight skills and experience relevant to the specific job you're applying for.", 'Use action verbs to make your summary more impactful.'], 'title': 'Summary'}, {'ats_match': '85%', 'description': 'This section is well-structured and provides detailed descriptions of your roles and responsibilities. You effectively showcase your technical skills by mentioning specific technologies like Java Spring Boot, Python Flask, and Flutter. The quantifiable results you mention, like "70% reduction in response times" and "40% increase in performance", add credibility and demonstrate your impact. It\'s impressive that you\'ve worked on a range of projects, from API development to mobile app development, and even AI chatbot integration.', 'recommendations': ['Consider using a consistent format for each job description, particularly for the bullet points. This will make the resume easier to read and understand.', "Add keywords that are relevant to the specific jobs you're applying for. You can use tools like Jobscan to identify the most common keywords used in job descriptions for your target roles."], 'title': 'Experience'}, {'ats_match': '75%', 'description': 'This section clearly presents your educational background. Consider adding a brief sentence or two about your academic achievements, such as a relevant project or GPA.', 'recommendations': ['Consider adding a brief sentence or two about your academic achievements, such as a relevant project or GPA.'], 'title': 'Education'}, {'ats_match': '70%', 'description': 'The skills section lists a good range of technical skills that are relevant to software development. However, it could be more impactful. Consider grouping the skills into categories like "Programming Languages", "Frameworks and Libraries", "Tools and Platforms", and "Databases". This will make the skills section easier to read and scan by employers.', 'recommendations': ['Group your skills into relevant categories.', "Consider adding specific skills that are relevant to the jobs you're applying for. For example, if you are applying for a position that requires experience with cloud platforms, include skills like AWS, Azure, or GCP."], 'title': 'Skills'}, {'ats_match': '50%', 'description': 'The "Which of your achievements match the job you\'re applying to?" section is a good starting point but needs further development. Instead of posing this as a question, use this space to highlight specific accomplishments that align with the requirements of the job you are targeting. This will demonstrate your understanding of the role and emphasize your relevance. ', 'recommendations': ['Replace the question with a concise statement highlighting achievements that directly relate to the job you are applying for. This section should showcase your understanding of the role and your qualifications for it. Use action verbs and quantify your achievements whenever possible.'], 'title': 'Additional Information'}], 'overall_feedback': "Olusegun, your resume showcases a strong foundation in software development with a focus on fintech and AI. You've gained valuable experience working on diverse projects, highlighting your ability to adapt to different technologies and environments. The resume effectively conveys your technical skills and project accomplishments. However, some adjustments could further enhance its impact and make it more ATS-friendly."}, 'file_uri': 'gs://genaiq_cloudbuild/uploads/OlusegunTewogbadeResume.pdf', 'filename': 'OlusegunTewogbadeResume.pdf'}>
2024-09-04 08:22:07,758 - app - INFO - File type is PDF
2024-09-04 08:22:07,758 - app - INFO - File OlusegunTewogbadeResume.pdf removed from local storage
2024-09-04 08:22:07,759 - werkzeug - INFO - 127.0.0.1 - - [04/Sep/2024 08:22:07] "POST /upload HTTP/1.1" 200 -
2024-09-04 08:23:17,362 - app - INFO - Rendering upload resume page
2024-09-04 08:23:17,367 - werkzeug - INFO - 127.0.0.1 - - [04/Sep/2024 08:23:17] "GET /upload_resume_page HTTP/1.1" 200 -
2024-09-04 08:23:17,652 - werkzeug - INFO - 127.0.0.1 - - [04/Sep/2024 08:23:17] "[36mGET /static/images/lady2.jpg HTTP/1.1[0m" 304 -
2024-09-04 08:27:19,367 - app - INFO - Rendering upload resume page
2024-09-04 08:27:19,371 - werkzeug - INFO - 127.0.0.1 - - [04/Sep/2024 08:27:19] "GET /upload_resume_page HTTP/1.1" 200 -
2024-09-04 08:27:19,651 - werkzeug - INFO - 127.0.0.1 - - [04/Sep/2024 08:27:19] "GET /static/images/lady.jpg HTTP/1.1" 200 -
2024-09-04 08:29:20,082 - app - INFO - Rendering upload resume page
2024-09-04 08:29:20,085 - werkzeug - INFO - 127.0.0.1 - - [04/Sep/2024 08:29:20] "GET /upload_resume_page HTTP/1.1" 200 -
2024-09-04 08:29:20,464 - werkzeug - INFO - 127.0.0.1 - - [04/Sep/2024 08:29:20] "GET /static/images/usee.jpg HTTP/1.1" 200 -
2024-09-04 08:29:41,670 - app - INFO - Received a file upload request
2024-09-04 08:29:44,402 - app - INFO - File OlusegunTewogbadeResume.pdf saved to /home/bishoptewogbade/genaiq/backend/static/uploads/temp_uploads/OlusegunTewogbadeResume.pdf
2024-09-04 08:29:45,355 - ai_service - INFO - File uploaded successfully to GCS: uploads/OlusegunTewogbadeResume.pdf
2024-09-04 08:29:45,355 - app - INFO - File URI: gs://genaiq_cloudbuild/uploads/OlusegunTewogbadeResume.pdf
2024-09-04 08:29:45,355 - app - INFO - Session data after upload: <SecureCookieSession {'ai_response': {'feedback_cards': [{'ats_match': '60%', 'description': 'Your summary effectively captures your passion for software development, specifically mentioning fintech and AI. However, it could benefit from a more focused approach. Consider highlighting a key accomplishment or quantifying your impact within this section. For example, you could mention "Successfully implemented AI-powered solutions that reduced X% of processing time" or "Led a team that developed a fintech application that increased user engagement by Y%."', 'recommendations': ['Quantify your achievements and impact in the summary.', "Tailor the summary to highlight skills and experience relevant to the specific job you're applying for.", 'Use action verbs to make your summary more impactful.'], 'title': 'Summary'}, {'ats_match': '85%', 'description': 'This section is well-structured and provides detailed descriptions of your roles and responsibilities. You effectively showcase your technical skills by mentioning specific technologies like Java Spring Boot, Python Flask, and Flutter. The quantifiable results you mention, like "70% reduction in response times" and "40% increase in performance", add credibility and demonstrate your impact. It\'s impressive that you\'ve worked on a range of projects, from API development to mobile app development, and even AI chatbot integration.', 'recommendations': ['Consider using a consistent format for each job description, particularly for the bullet points. This will make the resume easier to read and understand.', "Add keywords that are relevant to the specific jobs you're applying for. You can use tools like Jobscan to identify the most common keywords used in job descriptions for your target roles."], 'title': 'Experience'}, {'ats_match': '75%', 'description': 'This section clearly presents your educational background. Consider adding a brief sentence or two about your academic achievements, such as a relevant project or GPA.', 'recommendations': ['Consider adding a brief sentence or two about your academic achievements, such as a relevant project or GPA.'], 'title': 'Education'}, {'ats_match': '70%', 'description': 'The skills section lists a good range of technical skills that are relevant to software development. However, it could be more impactful. Consider grouping the skills into categories like "Programming Languages", "Frameworks and Libraries", "Tools and Platforms", and "Databases". This will make the skills section easier to read and scan by employers.', 'recommendations': ['Group your skills into relevant categories.', "Consider adding specific skills that are relevant to the jobs you're applying for. For example, if you are applying for a position that requires experience with cloud platforms, include skills like AWS, Azure, or GCP."], 'title': 'Skills'}, {'ats_match': '50%', 'description': 'The "Which of your achievements match the job you\'re applying to?" section is a good starting point but needs further development. Instead of posing this as a question, use this space to highlight specific accomplishments that align with the requirements of the job you are targeting. This will demonstrate your understanding of the role and emphasize your relevance. ', 'recommendations': ['Replace the question with a concise statement highlighting achievements that directly relate to the job you are applying for. This section should showcase your understanding of the role and your qualifications for it. Use action verbs and quantify your achievements whenever possible.'], 'title': 'Additional Information'}], 'overall_feedback': "Olusegun, your resume showcases a strong foundation in software development with a focus on fintech and AI. You've gained valuable experience working on diverse projects, highlighting your ability to adapt to different technologies and environments. The resume effectively conveys your technical skills and project accomplishments. However, some adjustments could further enhance its impact and make it more ATS-friendly."}, 'file_uri': 'gs://genaiq_cloudbuild/uploads/OlusegunTewogbadeResume.pdf', 'filename': 'OlusegunTewogbadeResume.pdf'}>
2024-09-04 08:29:45,355 - app - INFO - File type is PDF
2024-09-04 08:29:45,356 - app - INFO - File OlusegunTewogbadeResume.pdf removed from local storage
2024-09-04 08:29:45,357 - werkzeug - INFO - 127.0.0.1 - - [04/Sep/2024 08:29:45] "POST /upload HTTP/1.1" 200 -
2024-09-04 08:29:50,721 - app - INFO - Received request to get feedback page
2024-09-04 08:29:50,721 - app - INFO - Session data at feedback page: filename=OlusegunTewogbadeResume.pdf, file_uri=gs://genaiq_cloudbuild/uploads/OlusegunTewogbadeResume.pdf
2024-09-04 08:29:50,722 - app - INFO - Calling AI service to process the file
2024-09-04 08:29:51,603 - ai_service - INFO - File downloaded successfully from GCS: gs://genaiq_cloudbuild/uploads/OlusegunTewogbadeResume.pdf
2024-09-04 08:29:51,695 - ai_service - INFO - Text extracted successfully from PDF.
2024-09-04 08:29:51,695 - ai_service - INFO - Initializing Vertex AI with the given project ID and location.
2024-09-04 08:29:51,695 - ai_service - INFO - Vertex AI initialized successfully.
2024-09-04 08:29:51,695 - ai_service - INFO - Loading the Vertex AI generative model.
2024-09-04 08:29:51,696 - ai_service - INFO - Preparing the prompt for Vertex AI.
2024-09-04 08:29:51,696 - ai_service - INFO - Creating a Part object from the extracted file text.
2024-09-04 08:29:51,696 - ai_service - INFO - Sending the prompt to Vertex AI for content generation.
2024-09-04 08:29:57,436 - ai_service - INFO - Received response from Vertex AI.
2024-09-04 08:29:57,439 - app - INFO - Analysis result: {'overall_feedback': "Olusegun's resume demonstrates a strong foundation in software development, particularly in fintech, AI, and mobile app development.  He has a diverse and impressive portfolio of projects, showcasing his ability to work with various technologies and across different development stages.  However, there's room for improvement in terms of structuring the information for easy readability and  optimizing for ATS systems.  ", 'feedback_cards': [{'title': 'Summary', 'description': "Olusegun's summary effectively highlights his passion for software development and his focus on fintech, AI, and mobile app development. It  briefly outlines his key skills and his commitment to solving real-world problems. It would benefit from a more focused statement of his career goals and the specific type of role he is seeking.", 'ats_match': '60%', 'recommendations': ["Consider rewriting the summary with a stronger action-oriented statement. Focus on what you can offer the employer and align it with the job description. For instance, instead of 'I'm passionate about…', try 'Proven ability to design and implement…' or 'Expertise in delivering…'"]}, {'title': 'Experience', 'description': "Olusegun's experience section provides a detailed overview of his work history, showcasing a solid track record in diverse roles. He effectively utilizes action verbs and quantifiable achievements to illustrate his impact.   However, the formatting could be improved for better readability. The lengthy descriptions may hinder quick comprehension, and the bullet points are inconsistent in length.", 'ats_match': '75%', 'recommendations': ["Structure the experience section using a consistent format with clear headers and concise bullet points. Focus on the most relevant achievements and quantify results whenever possible. For example, instead of 'Implemented a notification service', try 'Implemented a notification service resulting in a 70% reduction in response times.'"]}, {'title': 'Education', 'description': "Olusegun has listed his education with the degree name and the institution, which is sufficient.  However, it's recommended to include the graduation year for a more comprehensive picture.", 'ats_match': '85%', 'recommendations': ["Add the graduation year for your BSC Computer Science degree. For example, 'BSC Computer Science, Catholic University College, Ghana (2018-2022)'."]}, {'title': 'Skills', 'description': 'Olusegun has listed a comprehensive set of skills, demonstrating proficiency in programming languages, frameworks, tools, and platforms.  This provides a good overview of his technical abilities. However, the organization can be improved for better clarity. ', 'ats_match': '90%', 'recommendations': ["Organize the skills section into categories like 'Programming Languages', 'Frameworks and Libraries', 'Tools and Platforms', or similar groupings. This will make it easier for recruiters to quickly identify relevant skills."]}, {'title': 'Additional Information', 'description': "The additional information section is not utilized effectively.  It's better to highlight achievements, volunteer work, or other relevant details to demonstrate your skills and interests beyond the core resume content.", 'ats_match': '40%', 'recommendations': ['Consider using this section to highlight specific achievements or projects that may not be directly related to work experience, but demonstrate valuable skills. For instance, you could mention participation in hackathons, open-source contributions, or leadership roles in tech communities.']}, {'title': 'Overall ATS Match', 'description': "Overall, Olusegun's resume is well-rounded and showcases valuable skills and experiences.  By optimizing the structure, formatting, and keywords, he can significantly improve the ATS match percentage and increase his chances of getting noticed by recruiters.", 'ats_match': '70%', 'recommendations': ['Use a resume builder or ATS-friendly templates to ensure your resume is optimized for ATS systems. Incorporate relevant keywords from job descriptions. Consider adding a skills section specifically tailored for ATS systems, listing the keywords directly from the job descriptions you are targeting.']}]}
2024-09-04 08:29:57,440 - werkzeug - INFO - 127.0.0.1 - - [04/Sep/2024 08:29:57] "[32mPOST /get_feedback_page HTTP/1.1[0m" 302 -
2024-09-04 08:29:57,674 - werkzeug - INFO - 127.0.0.1 - - [04/Sep/2024 08:29:57] "GET /feedback_summary HTTP/1.1" 200 -
2024-09-04 08:30:34,245 - werkzeug - INFO - 127.0.0.1 - - [04/Sep/2024 08:30:34] "GET /payment HTTP/1.1" 200 -
2024-09-04 08:32:00,655 - werkzeug - INFO - 127.0.0.1 - - [04/Sep/2024 08:32:00] "GET /feedback_summary HTTP/1.1" 200 -
2024-09-04 08:32:19,906 - werkzeug - INFO - 127.0.0.1 - - [04/Sep/2024 08:32:19] "GET /feedback_summary HTTP/1.1" 200 -
2024-09-04 08:32:47,254 - werkzeug - INFO - 127.0.0.1 - - [04/Sep/2024 08:32:47] "GET /feedback_summary HTTP/1.1" 200 -
2024-09-04 08:33:13,745 - werkzeug - INFO - 127.0.0.1 - - [04/Sep/2024 08:33:13] "GET /feedback_summary HTTP/1.1" 200 -
2024-09-04 08:33:34,800 - werkzeug - INFO - 127.0.0.1 - - [04/Sep/2024 08:33:34] "GET /feedback_summary HTTP/1.1" 200 -
2024-09-04 08:34:08,997 - werkzeug - INFO - 127.0.0.1 - - [04/Sep/2024 08:34:08] "GET /payment HTTP/1.1" 200 -
2024-09-04 09:40:26,155 - app - INFO - Starting Flask application
2024-09-04 09:40:26,180 - werkzeug - INFO - [31m[1mWARNING: This is a development server. Do not use it in a production deployment. Use a production WSGI server instead.[0m
 * Running on http://127.0.0.1:5000
2024-09-04 09:40:26,181 - werkzeug - INFO - [33mPress CTRL+C to quit[0m
2024-09-04 09:40:26,182 - werkzeug - INFO -  * Restarting with stat
2024-09-04 09:40:28,393 - app - INFO - Starting Flask application
2024-09-04 09:40:28,401 - werkzeug - WARNING -  * Debugger is active!
2024-09-04 09:40:28,403 - werkzeug - INFO -  * Debugger PIN: 185-520-262
2024-09-04 09:40:37,930 - app - INFO - Rendering index page
2024-09-04 09:40:37,935 - werkzeug - INFO - 127.0.0.1 - - [04/Sep/2024 09:40:37] "GET / HTTP/1.1" 200 -
2024-09-04 09:40:38,980 - werkzeug - INFO - 127.0.0.1 - - [04/Sep/2024 09:40:38] "[36mGET /static/images/oka.jpg HTTP/1.1[0m" 304 -
2024-09-04 09:40:50,819 - app - INFO - Rendering upload resume page
2024-09-04 09:40:50,841 - werkzeug - INFO - 127.0.0.1 - - [04/Sep/2024 09:40:50] "GET /upload_resume_page HTTP/1.1" 200 -
2024-09-04 09:40:51,210 - werkzeug - INFO - 127.0.0.1 - - [04/Sep/2024 09:40:51] "[36mGET /static/images/usee.jpg HTTP/1.1[0m" 304 -
2024-09-04 09:41:01,920 - app - INFO - Received a file upload request
2024-09-04 09:41:04,228 - app - INFO - File BamideleTewogbadeResume.pdf saved to /home/bishoptewogbade/genaiq/backend/static/uploads/temp_uploads/BamideleTewogbadeResume.pdf
2024-09-04 09:41:04,301 - google.auth._default - WARNING - No project ID could be determined. Consider running `gcloud config set project` or setting the GOOGLE_CLOUD_PROJECT environment variable
2024-09-04 09:41:04,307 - google.auth._default - WARNING - No project ID could be determined. Consider running `gcloud config set project` or setting the GOOGLE_CLOUD_PROJECT environment variable
2024-09-04 09:41:18,338 - ai_service - ERROR - Error uploading to GCS: string indices must be integers
2024-09-04 09:41:18,338 - app - INFO - File URI: None
2024-09-04 09:41:18,339 - app - INFO - Session data after upload: <SecureCookieSession {'ai_response': {'feedback_cards': [{'ats_match': '60%', 'description': "Olusegun's summary effectively highlights his passion for software development and his focus on fintech, AI, and mobile app development. It  briefly outlines his key skills and his commitment to solving real-world problems. It would benefit from a more focused statement of his career goals and the specific type of role he is seeking.", 'recommendations': ["Consider rewriting the summary with a stronger action-oriented statement. Focus on what you can offer the employer and align it with the job description. For instance, instead of 'I'm passionate about…', try 'Proven ability to design and implement…' or 'Expertise in delivering…'"], 'title': 'Summary'}, {'ats_match': '75%', 'description': "Olusegun's experience section provides a detailed overview of his work history, showcasing a solid track record in diverse roles. He effectively utilizes action verbs and quantifiable achievements to illustrate his impact.   However, the formatting could be improved for better readability. The lengthy descriptions may hinder quick comprehension, and the bullet points are inconsistent in length.", 'recommendations': ["Structure the experience section using a consistent format with clear headers and concise bullet points. Focus on the most relevant achievements and quantify results whenever possible. For example, instead of 'Implemented a notification service', try 'Implemented a notification service resulting in a 70% reduction in response times.'"], 'title': 'Experience'}, {'ats_match': '85%', 'description': "Olusegun has listed his education with the degree name and the institution, which is sufficient.  However, it's recommended to include the graduation year for a more comprehensive picture.", 'recommendations': ["Add the graduation year for your BSC Computer Science degree. For example, 'BSC Computer Science, Catholic University College, Ghana (2018-2022)'."], 'title': 'Education'}, {'ats_match': '90%', 'description': 'Olusegun has listed a comprehensive set of skills, demonstrating proficiency in programming languages, frameworks, tools, and platforms.  This provides a good overview of his technical abilities. However, the organization can be improved for better clarity. ', 'recommendations': ["Organize the skills section into categories like 'Programming Languages', 'Frameworks and Libraries', 'Tools and Platforms', or similar groupings. This will make it easier for recruiters to quickly identify relevant skills."], 'title': 'Skills'}, {'ats_match': '40%', 'description': "The additional information section is not utilized effectively.  It's better to highlight achievements, volunteer work, or other relevant details to demonstrate your skills and interests beyond the core resume content.", 'recommendations': ['Consider using this section to highlight specific achievements or projects that may not be directly related to work experience, but demonstrate valuable skills. For instance, you could mention participation in hackathons, open-source contributions, or leadership roles in tech communities.'], 'title': 'Additional Information'}, {'ats_match': '70%', 'description': "Overall, Olusegun's resume is well-rounded and showcases valuable skills and experiences.  By optimizing the structure, formatting, and keywords, he can significantly improve the ATS match percentage and increase his chances of getting noticed by recruiters.", 'recommendations': ['Use a resume builder or ATS-friendly templates to ensure your resume is optimized for ATS systems. Incorporate relevant keywords from job descriptions. Consider adding a skills section specifically tailored for ATS systems, listing the keywords directly from the job descriptions you are targeting.'], 'title': 'Overall ATS Match'}], 'overall_feedback': "Olusegun's resume demonstrates a strong foundation in software development, particularly in fintech, AI, and mobile app development.  He has a diverse and impressive portfolio of projects, showcasing his ability to work with various technologies and across different development stages.  However, there's room for improvement in terms of structuring the information for easy readability and  optimizing for ATS systems.  "}, 'file_uri': None, 'filename': 'BamideleTewogbadeResume.pdf'}>
2024-09-04 09:41:18,339 - app - INFO - File type is PDF
2024-09-04 09:41:18,339 - app - INFO - File BamideleTewogbadeResume.pdf removed from local storage
2024-09-04 09:41:18,340 - werkzeug - INFO - 127.0.0.1 - - [04/Sep/2024 09:41:18] "POST /upload HTTP/1.1" 200 -
2024-09-04 10:01:41,754 - app - INFO - Received request to get feedback page
2024-09-04 10:01:41,754 - app - INFO - Session data at feedback page: filename=BamideleTewogbadeResume.pdf, file_uri=None
2024-09-04 10:01:41,755 - app - ERROR - Required session data missing
2024-09-04 10:01:41,755 - werkzeug - INFO - 127.0.0.1 - - [04/Sep/2024 10:01:41] "[31m[1mPOST /get_feedback_page HTTP/1.1[0m" 400 -
2024-09-04 10:01:50,995 - app - INFO - Received a file upload request
2024-09-04 10:01:54,293 - app - INFO - File BamideleTewogbadeResume.pdf saved to /home/bishoptewogbade/genaiq/backend/static/uploads/temp_uploads/BamideleTewogbadeResume.pdf
2024-09-04 10:01:54,302 - google.auth._default - WARNING - No project ID could be determined. Consider running `gcloud config set project` or setting the GOOGLE_CLOUD_PROJECT environment variable
2024-09-04 10:01:54,308 - google.auth._default - WARNING - No project ID could be determined. Consider running `gcloud config set project` or setting the GOOGLE_CLOUD_PROJECT environment variable
2024-09-04 10:01:55,343 - app - INFO - Received a file upload request
2024-09-04 10:01:56,232 - app - INFO - File BamideleTewogbadeResume.pdf saved to /home/bishoptewogbade/genaiq/backend/static/uploads/temp_uploads/BamideleTewogbadeResume.pdf
2024-09-04 10:01:56,239 - google.auth._default - WARNING - No project ID could be determined. Consider running `gcloud config set project` or setting the GOOGLE_CLOUD_PROJECT environment variable
2024-09-04 10:01:56,246 - google.auth._default - WARNING - No project ID could be determined. Consider running `gcloud config set project` or setting the GOOGLE_CLOUD_PROJECT environment variable
2024-09-04 10:01:59,296 - ai_service - INFO - File uploaded successfully to GCS: uploads/BamideleTewogbadeResume.pdf
2024-09-04 10:01:59,297 - app - INFO - File URI: gs://genaiq_cloudbuild/uploads/BamideleTewogbadeResume.pdf
2024-09-04 10:01:59,297 - app - INFO - Session data after upload: <SecureCookieSession {'ai_response': {'feedback_cards': [{'ats_match': '60%', 'description': "Olusegun's summary effectively highlights his passion for software development and his focus on fintech, AI, and mobile app development. It  briefly outlines his key skills and his commitment to solving real-world problems. It would benefit from a more focused statement of his career goals and the specific type of role he is seeking.", 'recommendations': ["Consider rewriting the summary with a stronger action-oriented statement. Focus on what you can offer the employer and align it with the job description. For instance, instead of 'I'm passionate about…', try 'Proven ability to design and implement…' or 'Expertise in delivering…'"], 'title': 'Summary'}, {'ats_match': '75%', 'description': "Olusegun's experience section provides a detailed overview of his work history, showcasing a solid track record in diverse roles. He effectively utilizes action verbs and quantifiable achievements to illustrate his impact.   However, the formatting could be improved for better readability. The lengthy descriptions may hinder quick comprehension, and the bullet points are inconsistent in length.", 'recommendations': ["Structure the experience section using a consistent format with clear headers and concise bullet points. Focus on the most relevant achievements and quantify results whenever possible. For example, instead of 'Implemented a notification service', try 'Implemented a notification service resulting in a 70% reduction in response times.'"], 'title': 'Experience'}, {'ats_match': '85%', 'description': "Olusegun has listed his education with the degree name and the institution, which is sufficient.  However, it's recommended to include the graduation year for a more comprehensive picture.", 'recommendations': ["Add the graduation year for your BSC Computer Science degree. For example, 'BSC Computer Science, Catholic University College, Ghana (2018-2022)'."], 'title': 'Education'}, {'ats_match': '90%', 'description': 'Olusegun has listed a comprehensive set of skills, demonstrating proficiency in programming languages, frameworks, tools, and platforms.  This provides a good overview of his technical abilities. However, the organization can be improved for better clarity. ', 'recommendations': ["Organize the skills section into categories like 'Programming Languages', 'Frameworks and Libraries', 'Tools and Platforms', or similar groupings. This will make it easier for recruiters to quickly identify relevant skills."], 'title': 'Skills'}, {'ats_match': '40%', 'description': "The additional information section is not utilized effectively.  It's better to highlight achievements, volunteer work, or other relevant details to demonstrate your skills and interests beyond the core resume content.", 'recommendations': ['Consider using this section to highlight specific achievements or projects that may not be directly related to work experience, but demonstrate valuable skills. For instance, you could mention participation in hackathons, open-source contributions, or leadership roles in tech communities.'], 'title': 'Additional Information'}, {'ats_match': '70%', 'description': "Overall, Olusegun's resume is well-rounded and showcases valuable skills and experiences.  By optimizing the structure, formatting, and keywords, he can significantly improve the ATS match percentage and increase his chances of getting noticed by recruiters.", 'recommendations': ['Use a resume builder or ATS-friendly templates to ensure your resume is optimized for ATS systems. Incorporate relevant keywords from job descriptions. Consider adding a skills section specifically tailored for ATS systems, listing the keywords directly from the job descriptions you are targeting.'], 'title': 'Overall ATS Match'}], 'overall_feedback': "Olusegun's resume demonstrates a strong foundation in software development, particularly in fintech, AI, and mobile app development.  He has a diverse and impressive portfolio of projects, showcasing his ability to work with various technologies and across different development stages.  However, there's room for improvement in terms of structuring the information for easy readability and  optimizing for ATS systems.  "}, 'file_uri': 'gs://genaiq_cloudbuild/uploads/BamideleTewogbadeResume.pdf', 'filename': 'BamideleTewogbadeResume.pdf'}>
2024-09-04 10:01:59,297 - app - INFO - File type is PDF
2024-09-04 10:01:59,297 - app - INFO - File BamideleTewogbadeResume.pdf removed from local storage
2024-09-04 10:01:59,299 - werkzeug - INFO - 127.0.0.1 - - [04/Sep/2024 10:01:59] "POST /upload HTTP/1.1" 200 -
2024-09-04 10:01:59,351 - ai_service - INFO - File uploaded successfully to GCS: uploads/BamideleTewogbadeResume.pdf
2024-09-04 10:01:59,351 - app - INFO - File URI: gs://genaiq_cloudbuild/uploads/BamideleTewogbadeResume.pdf
2024-09-04 10:01:59,352 - app - INFO - Session data after upload: <SecureCookieSession {'ai_response': {'feedback_cards': [{'ats_match': '60%', 'description': "Olusegun's summary effectively highlights his passion for software development and his focus on fintech, AI, and mobile app development. It  briefly outlines his key skills and his commitment to solving real-world problems. It would benefit from a more focused statement of his career goals and the specific type of role he is seeking.", 'recommendations': ["Consider rewriting the summary with a stronger action-oriented statement. Focus on what you can offer the employer and align it with the job description. For instance, instead of 'I'm passionate about…', try 'Proven ability to design and implement…' or 'Expertise in delivering…'"], 'title': 'Summary'}, {'ats_match': '75%', 'description': "Olusegun's experience section provides a detailed overview of his work history, showcasing a solid track record in diverse roles. He effectively utilizes action verbs and quantifiable achievements to illustrate his impact.   However, the formatting could be improved for better readability. The lengthy descriptions may hinder quick comprehension, and the bullet points are inconsistent in length.", 'recommendations': ["Structure the experience section using a consistent format with clear headers and concise bullet points. Focus on the most relevant achievements and quantify results whenever possible. For example, instead of 'Implemented a notification service', try 'Implemented a notification service resulting in a 70% reduction in response times.'"], 'title': 'Experience'}, {'ats_match': '85%', 'description': "Olusegun has listed his education with the degree name and the institution, which is sufficient.  However, it's recommended to include the graduation year for a more comprehensive picture.", 'recommendations': ["Add the graduation year for your BSC Computer Science degree. For example, 'BSC Computer Science, Catholic University College, Ghana (2018-2022)'."], 'title': 'Education'}, {'ats_match': '90%', 'description': 'Olusegun has listed a comprehensive set of skills, demonstrating proficiency in programming languages, frameworks, tools, and platforms.  This provides a good overview of his technical abilities. However, the organization can be improved for better clarity. ', 'recommendations': ["Organize the skills section into categories like 'Programming Languages', 'Frameworks and Libraries', 'Tools and Platforms', or similar groupings. This will make it easier for recruiters to quickly identify relevant skills."], 'title': 'Skills'}, {'ats_match': '40%', 'description': "The additional information section is not utilized effectively.  It's better to highlight achievements, volunteer work, or other relevant details to demonstrate your skills and interests beyond the core resume content.", 'recommendations': ['Consider using this section to highlight specific achievements or projects that may not be directly related to work experience, but demonstrate valuable skills. For instance, you could mention participation in hackathons, open-source contributions, or leadership roles in tech communities.'], 'title': 'Additional Information'}, {'ats_match': '70%', 'description': "Overall, Olusegun's resume is well-rounded and showcases valuable skills and experiences.  By optimizing the structure, formatting, and keywords, he can significantly improve the ATS match percentage and increase his chances of getting noticed by recruiters.", 'recommendations': ['Use a resume builder or ATS-friendly templates to ensure your resume is optimized for ATS systems. Incorporate relevant keywords from job descriptions. Consider adding a skills section specifically tailored for ATS systems, listing the keywords directly from the job descriptions you are targeting.'], 'title': 'Overall ATS Match'}], 'overall_feedback': "Olusegun's resume demonstrates a strong foundation in software development, particularly in fintech, AI, and mobile app development.  He has a diverse and impressive portfolio of projects, showcasing his ability to work with various technologies and across different development stages.  However, there's room for improvement in terms of structuring the information for easy readability and  optimizing for ATS systems.  "}, 'file_uri': 'gs://genaiq_cloudbuild/uploads/BamideleTewogbadeResume.pdf', 'filename': 'BamideleTewogbadeResume.pdf'}>
2024-09-04 10:01:59,352 - app - INFO - File type is PDF
2024-09-04 10:01:59,353 - werkzeug - INFO - 127.0.0.1 - - [04/Sep/2024 10:01:59] "POST /upload HTTP/1.1" 200 -
2024-09-04 10:02:02,015 - app - INFO - Received request to get feedback page
2024-09-04 10:02:02,016 - app - INFO - Session data at feedback page: filename=BamideleTewogbadeResume.pdf, file_uri=gs://genaiq_cloudbuild/uploads/BamideleTewogbadeResume.pdf
2024-09-04 10:02:02,016 - app - INFO - Calling AI service to process the file
2024-09-04 10:02:02,025 - google.auth._default - WARNING - No project ID could be determined. Consider running `gcloud config set project` or setting the GOOGLE_CLOUD_PROJECT environment variable
2024-09-04 10:02:02,036 - google.auth._default - WARNING - No project ID could be determined. Consider running `gcloud config set project` or setting the GOOGLE_CLOUD_PROJECT environment variable
2024-09-04 10:02:03,036 - ai_service - INFO - File downloaded successfully from GCS: gs://genaiq_cloudbuild/uploads/BamideleTewogbadeResume.pdf
2024-09-04 10:02:03,251 - ai_service - INFO - Text extracted successfully from PDF.
2024-09-04 10:02:03,251 - ai_service - INFO - Initializing Vertex AI with the given project ID and location.
2024-09-04 10:02:03,251 - ai_service - INFO - Vertex AI initialized successfully.
2024-09-04 10:02:03,251 - ai_service - INFO - Loading the Vertex AI generative model.
2024-09-04 10:02:03,252 - ai_service - INFO - Preparing the prompt for Vertex AI.
2024-09-04 10:02:03,252 - ai_service - INFO - Creating a Part object from the extracted file text.
2024-09-04 10:02:03,252 - ai_service - INFO - Sending the prompt to Vertex AI for content generation.
2024-09-04 10:02:08,169 - ai_service - INFO - Received response from Vertex AI.
2024-09-04 10:02:08,180 - app - INFO - Analysis result: {'overall_feedback': "Bamidele, your resume showcases a strong foundation in software development, particularly in fintech, AI, and mobile app development.  You've effectively demonstrated your technical skills and experience through specific achievements and quantifiable results. However, there are opportunities to refine the resume for a more impactful and ATS-friendly presentation.", 'feedback_cards': [{'title': 'Contact Information', 'description': 'The contact information is well-presented and easily accessible. A LinkedIn profile URL would be a nice addition.', 'ats_match': '80%', 'recommendations': ['Add your LinkedIn profile URL.']}, {'title': 'Summary', 'description': "The summary effectively highlights Bamidele's passion for software development, his expertise in fintech, AI, and mobile app development, and his commitment to solving real-world problems.  However, it could be more concise and impactful.", 'ats_match': '70%', 'recommendations': ["Consider shortening the summary to 3-4 sentences. Use strong action verbs and quantify achievements (e.g., 'Developed and implemented [number] AI-powered solutions...')."]}, {'title': 'Experience', 'description': "This section provides a detailed overview of Bamidele's work history and achievements.  It effectively demonstrates his technical skills, project management capabilities, and ability to deliver impactful solutions.  The quantifiable results, like the 70% reduction in response times for the eAlert service and the 40% reduction in processing time for the registration system, are particularly impressive.", 'ats_match': '90%', 'recommendations': ['Use a consistent format for the descriptions. Consider using bullet points or a combination of bullet points and short paragraphs. Ensure all entries follow the same structure (Company, Role, Dates, Responsibilities, Achievements).']}, {'title': 'Education', 'description': "The education section clearly presents Bamidele's degree and institution.  It could be enhanced by including any relevant coursework, projects, or academic achievements.", 'ats_match': '60%', 'recommendations': ['Include relevant coursework, projects, or academic achievements that demonstrate your skills and knowledge. Consider adding a GPA or any honors received.']}, {'title': 'Skills', 'description': "The skills section effectively showcases Bamidele's programming languages, frameworks, tools, and platforms. It would be beneficial to organize them into categories for better readability.", 'ats_match': '85%', 'recommendations': ['Organize skills into categories (e.g., Programming Languages, Frameworks, Tools). Consider adding specific skills related to the roles you are targeting.']}]}
2024-09-04 10:02:08,182 - werkzeug - INFO - 127.0.0.1 - - [04/Sep/2024 10:02:08] "[32mPOST /get_feedback_page HTTP/1.1[0m" 302 -
2024-09-04 10:02:08,427 - werkzeug - INFO - 127.0.0.1 - - [04/Sep/2024 10:02:08] "GET /feedback_summary HTTP/1.1" 200 -
2024-09-04 10:02:16,298 - werkzeug - INFO - 127.0.0.1 - - [04/Sep/2024 10:02:16] "GET /payment HTTP/1.1" 200 -
2024-09-04 10:05:10,987 - werkzeug - INFO - 127.0.0.1 - - [04/Sep/2024 10:05:10] "GET /payment HTTP/1.1" 200 -
2024-09-04 10:07:42,377 - werkzeug - INFO - 127.0.0.1 - - [04/Sep/2024 10:07:42] "GET /payment HTTP/1.1" 200 -
2024-09-04 10:08:44,526 - werkzeug - INFO - 127.0.0.1 - - [04/Sep/2024 10:08:44] "GET /payment HTTP/1.1" 200 -
2024-09-04 10:09:42,877 - werkzeug - INFO - 127.0.0.1 - - [04/Sep/2024 10:09:42] "GET /payment HTTP/1.1" 200 -
2024-09-04 10:11:05,107 - werkzeug - INFO - 127.0.0.1 - - [04/Sep/2024 10:11:05] "GET /payment HTTP/1.1" 200 -
2024-09-04 10:11:18,436 - werkzeug - INFO - 127.0.0.1 - - [04/Sep/2024 10:11:18] "GET /payment HTTP/1.1" 200 -
2024-09-04 10:11:29,666 - werkzeug - INFO - 127.0.0.1 - - [04/Sep/2024 10:11:29] "GET /payment HTTP/1.1" 200 -
2024-09-04 10:11:45,156 - werkzeug - INFO - 127.0.0.1 - - [04/Sep/2024 10:11:45] "GET /payment HTTP/1.1" 200 -
2024-09-04 10:12:38,986 - werkzeug - INFO - 127.0.0.1 - - [04/Sep/2024 10:12:38] "GET /payment HTTP/1.1" 200 -
2024-09-04 10:16:54,826 - werkzeug - INFO - 127.0.0.1 - - [04/Sep/2024 10:16:54] "GET /payment HTTP/1.1" 200 -
2024-09-04 10:19:48,464 - werkzeug - INFO -  * Detected change in '/home/bishoptewogbade/genaiq/backend/app.py', reloading
2024-09-04 10:19:49,285 - werkzeug - INFO -  * Restarting with stat
2024-09-04 10:19:51,569 - app - INFO - Starting Flask application
2024-09-04 10:19:51,577 - werkzeug - WARNING -  * Debugger is active!
2024-09-04 10:19:51,578 - werkzeug - INFO -  * Debugger PIN: 185-520-262
2024-09-04 10:24:33,536 - werkzeug - INFO -  * Detected change in '/home/bishoptewogbade/genaiq/backend/app.py', reloading
2024-09-04 10:24:34,166 - werkzeug - INFO -  * Restarting with stat
2024-09-04 10:24:36,432 - app - INFO - Starting Flask application
2024-09-04 10:24:36,441 - werkzeug - WARNING -  * Debugger is active!
2024-09-04 10:24:36,441 - werkzeug - INFO -  * Debugger PIN: 185-520-262
2024-09-04 10:25:32,104 - werkzeug - INFO - 127.0.0.1 - - [04/Sep/2024 10:25:32] "GET /payment HTTP/1.1" 200 -
2024-09-04 10:26:58,872 - werkzeug - INFO - 127.0.0.1 - - [04/Sep/2024 10:26:58] "[32mPOST /payment HTTP/1.1[0m" 302 -
2024-09-04 10:26:59,152 - app - INFO - Received request to get feedback page
2024-09-04 10:26:59,152 - app - INFO - Session data at feedback page: filename=BamideleTewogbadeResume.pdf, file_uri=gs://genaiq_cloudbuild/uploads/BamideleTewogbadeResume.pdf
2024-09-04 10:26:59,152 - app - INFO - Calling AI service to process the file
2024-09-04 10:26:59,168 - google.auth._default - WARNING - No project ID could be determined. Consider running `gcloud config set project` or setting the GOOGLE_CLOUD_PROJECT environment variable
2024-09-04 10:26:59,175 - google.auth._default - WARNING - No project ID could be determined. Consider running `gcloud config set project` or setting the GOOGLE_CLOUD_PROJECT environment variable
2024-09-04 10:27:00,177 - ai_service - INFO - File downloaded successfully from GCS: gs://genaiq_cloudbuild/uploads/BamideleTewogbadeResume.pdf
2024-09-04 10:27:00,284 - ai_service - INFO - Text extracted successfully from PDF.
2024-09-04 10:27:00,284 - ai_service - INFO - Initializing Vertex AI with the given project ID and location.
2024-09-04 10:27:00,284 - ai_service - INFO - Vertex AI initialized successfully.
2024-09-04 10:27:00,285 - ai_service - INFO - Loading the Vertex AI generative model.
2024-09-04 10:27:00,285 - ai_service - INFO - Preparing the prompt for Vertex AI.
2024-09-04 10:27:00,285 - ai_service - INFO - Creating a Part object from the extracted file text.
2024-09-04 10:27:00,286 - ai_service - INFO - Sending the prompt to Vertex AI for content generation.
2024-09-04 10:27:04,578 - ai_service - INFO - Received response from Vertex AI.
2024-09-04 10:27:04,580 - app - INFO - Analysis result: {'overall_feedback': "Bamidele, your resume highlights a strong technical foundation and impressive experience in software development, particularly in fintech and mobile app development. Your achievements demonstrate your ability to lead, deliver, and integrate innovative technologies. However, there's room for improvement in terms of organization and clarity, which can enhance its impact on potential employers. ", 'feedback_cards': [{'title': 'Summary', 'description': 'Your summary effectively showcases your passion for software development and highlights your expertise in fintech, AI, and mobile app development. It mentions key technologies like Java Spring Boot, Python Flask, and Flutter, demonstrating your skillset. The emphasis on solving real-world problems and making technology work for people is a strong point. Consider adding a specific career goal or area of interest to further personalize your summary.', 'ats_match': '70%', 'recommendations': ['Consider adding a quantifiable achievement to the summary to highlight the impact of your work.', 'Refine the summary to focus on the specific skills and experience relevant to the target job role.']}, {'title': 'Experience', 'description': 'This section is detailed and well-organized, effectively showcasing your diverse experience in various roles and projects. You provide concrete examples of your accomplishments, including quantifiable results like improved performance and reduced latency. The use of strong action verbs further strengthens your achievements.  However, consider  rewriting  the  experiences  to  be  more  concise  and  reader-friendly.', 'ats_match': '85%', 'recommendations': ['Use bullet points to highlight key responsibilities and achievements for each role.', 'Consider using a consistent format for presenting experience, such as a chronological order or a skills-based approach.', 'Focus on summarizing the most impactful projects and achievements for each role.']}, {'title': 'Education', 'description': 'This section provides basic information about your education, but it could be more informative. Consider expanding it to include relevant coursework, projects, or academic achievements that demonstrate your technical skills and knowledge.', 'ats_match': '60%', 'recommendations': ['Highlight any relevant coursework or projects that demonstrate your technical skills.', 'Mention any academic awards or honors related to your field.', 'Include any additional certifications or training you may have completed.']}, {'title': 'Skills', 'description': 'This section lists a solid set of skills, showcasing your proficiency in various programming languages, frameworks, and tools. However, consider  grouping these skills  into  categories  to  make  them  more  scannable  and  understandable  for  recruiters.', 'ats_match': '80%', 'recommendations': ['Categorize skills (e.g., Programming Languages, Frameworks, Tools, etc.) for better readability.', 'Highlight the skills most relevant to the target job role.', 'Consider adding quantifiable skills, like proficiency levels (e.g., Expert, Advanced, Proficient, etc.)']}]}
2024-09-04 10:27:04,622 - werkzeug - INFO - 127.0.0.1 - - [04/Sep/2024 10:27:04] "GET /full_report HTTP/1.1" 200 -
2024-09-04 10:27:14,802 - werkzeug - INFO - 127.0.0.1 - - [04/Sep/2024 10:27:14] "GET /payment HTTP/1.1" 200 -
2024-09-04 10:27:16,006 - werkzeug - INFO - 127.0.0.1 - - [04/Sep/2024 10:27:16] "GET /feedback_summary HTTP/1.1" 200 -
2024-09-04 10:27:20,662 - werkzeug - INFO - 127.0.0.1 - - [04/Sep/2024 10:27:20] "GET /payment HTTP/1.1" 200 -
2024-09-04 10:27:27,223 - app - INFO - Received a file upload request
2024-09-04 10:27:29,400 - app - INFO - File BamideleTewogbadeResume.pdf saved to /home/bishoptewogbade/genaiq/backend/static/uploads/temp_uploads/BamideleTewogbadeResume.pdf
2024-09-04 10:27:29,407 - google.auth._default - WARNING - No project ID could be determined. Consider running `gcloud config set project` or setting the GOOGLE_CLOUD_PROJECT environment variable
2024-09-04 10:27:29,412 - google.auth._default - WARNING - No project ID could be determined. Consider running `gcloud config set project` or setting the GOOGLE_CLOUD_PROJECT environment variable
2024-09-04 10:27:30,433 - ai_service - INFO - File uploaded successfully to GCS: uploads/BamideleTewogbadeResume.pdf
2024-09-04 10:27:30,433 - app - INFO - File URI: gs://genaiq_cloudbuild/uploads/BamideleTewogbadeResume.pdf
2024-09-04 10:27:30,433 - app - INFO - Session data after upload: <SecureCookieSession {'ai_response': {'feedback_cards': [{'ats_match': '70%', 'description': 'Your summary effectively showcases your passion for software development and highlights your expertise in fintech, AI, and mobile app development. It mentions key technologies like Java Spring Boot, Python Flask, and Flutter, demonstrating your skillset. The emphasis on solving real-world problems and making technology work for people is a strong point. Consider adding a specific career goal or area of interest to further personalize your summary.', 'recommendations': ['Consider adding a quantifiable achievement to the summary to highlight the impact of your work.', 'Refine the summary to focus on the specific skills and experience relevant to the target job role.'], 'title': 'Summary'}, {'ats_match': '85%', 'description': 'This section is detailed and well-organized, effectively showcasing your diverse experience in various roles and projects. You provide concrete examples of your accomplishments, including quantifiable results like improved performance and reduced latency. The use of strong action verbs further strengthens your achievements.  However, consider  rewriting  the  experiences  to  be  more  concise  and  reader-friendly.', 'recommendations': ['Use bullet points to highlight key responsibilities and achievements for each role.', 'Consider using a consistent format for presenting experience, such as a chronological order or a skills-based approach.', 'Focus on summarizing the most impactful projects and achievements for each role.'], 'title': 'Experience'}, {'ats_match': '60%', 'description': 'This section provides basic information about your education, but it could be more informative. Consider expanding it to include relevant coursework, projects, or academic achievements that demonstrate your technical skills and knowledge.', 'recommendations': ['Highlight any relevant coursework or projects that demonstrate your technical skills.', 'Mention any academic awards or honors related to your field.', 'Include any additional certifications or training you may have completed.'], 'title': 'Education'}, {'ats_match': '80%', 'description': 'This section lists a solid set of skills, showcasing your proficiency in various programming languages, frameworks, and tools. However, consider  grouping these skills  into  categories  to  make  them  more  scannable  and  understandable  for  recruiters.', 'recommendations': ['Categorize skills (e.g., Programming Languages, Frameworks, Tools, etc.) for better readability.', 'Highlight the skills most relevant to the target job role.', 'Consider adding quantifiable skills, like proficiency levels (e.g., Expert, Advanced, Proficient, etc.)'], 'title': 'Skills'}], 'overall_feedback': "Bamidele, your resume highlights a strong technical foundation and impressive experience in software development, particularly in fintech and mobile app development. Your achievements demonstrate your ability to lead, deliver, and integrate innovative technologies. However, there's room for improvement in terms of organization and clarity, which can enhance its impact on potential employers. "}, 'file_uri': 'gs://genaiq_cloudbuild/uploads/BamideleTewogbadeResume.pdf', 'filename': 'BamideleTewogbadeResume.pdf'}>
2024-09-04 10:27:30,433 - app - INFO - File type is PDF
2024-09-04 10:27:30,434 - app - INFO - File BamideleTewogbadeResume.pdf removed from local storage
2024-09-04 10:27:30,435 - werkzeug - INFO - 127.0.0.1 - - [04/Sep/2024 10:27:30] "POST /upload HTTP/1.1" 200 -
2024-09-04 10:27:32,322 - app - INFO - Received request to get feedback page
2024-09-04 10:27:32,322 - app - INFO - Session data at feedback page: filename=BamideleTewogbadeResume.pdf, file_uri=gs://genaiq_cloudbuild/uploads/BamideleTewogbadeResume.pdf
2024-09-04 10:27:32,323 - app - INFO - Calling AI service to process the file
2024-09-04 10:27:32,329 - google.auth._default - WARNING - No project ID could be determined. Consider running `gcloud config set project` or setting the GOOGLE_CLOUD_PROJECT environment variable
2024-09-04 10:27:32,335 - google.auth._default - WARNING - No project ID could be determined. Consider running `gcloud config set project` or setting the GOOGLE_CLOUD_PROJECT environment variable
2024-09-04 10:27:33,302 - ai_service - INFO - File downloaded successfully from GCS: gs://genaiq_cloudbuild/uploads/BamideleTewogbadeResume.pdf
2024-09-04 10:27:33,517 - ai_service - INFO - Text extracted successfully from PDF.
2024-09-04 10:27:33,517 - ai_service - INFO - Initializing Vertex AI with the given project ID and location.
2024-09-04 10:27:33,518 - ai_service - INFO - Vertex AI initialized successfully.
2024-09-04 10:27:33,518 - ai_service - INFO - Loading the Vertex AI generative model.
2024-09-04 10:27:33,518 - ai_service - INFO - Preparing the prompt for Vertex AI.
2024-09-04 10:27:33,518 - ai_service - INFO - Creating a Part object from the extracted file text.
2024-09-04 10:27:33,518 - ai_service - INFO - Sending the prompt to Vertex AI for content generation.
2024-09-04 10:27:40,087 - ai_service - INFO - Received response from Vertex AI.
2024-09-04 10:27:40,089 - app - INFO - Analysis result: {'overall_feedback': 'Bamidele, your resume showcases a strong foundation in software development with a clear focus on fintech and mobile development. You have a diverse range of experience working on projects with different technologies and collaborating with teams. While the content is good, the format and structure could be optimized for better readability and impact.  The resume needs  better formatting and organization. A more concise and visually appealing structure will help your strengths stand out to recruiters. ', 'feedback_cards': [{'title': 'Summary', 'description': 'The summary is a good start, highlighting your passion for software development, your key areas of expertise, and your dedication to solving real-world problems.  It\'s concise and highlights your strengths. However,  consider replacing the generic phrases like "impactful solutions" with specific achievements or skills that showcase your technical abilities and problem-solving skills.', 'ats_match': 80, 'recommendations': ['Quantify your achievements in the summary. For example, instead of "impactful solutions", say "Implemented a solution that reduced processing time by 40%" or "Developed an AI chatbot that increased user engagement by 20%".', 'Use action verbs to start your sentences and highlight your skills. Instead of "I\'m passionate about software development", say "Develop and implement innovative software solutions".']}, {'title': 'Experience', 'description': 'This section is strong and provides specific details about your work experiences. You effectively showcase your skills and achievements with quantifiable results.  You have demonstrated your technical prowess across Java Spring Boot, Python Flask, Flutter, and other technologies, highlighting your experience in fintech, AI, and mobile development.  You have also mentioned your experience in team leadership and project management.', 'ats_match': 90, 'recommendations': ['Consider using bullet points with clear action verbs to highlight your responsibilities and achievements within each role. This will make the information more scannable for recruiters.', 'Instead of listing technologies, highlight how you used them to solve problems or achieve specific results.', 'For your most relevant experiences, consider using a different format (like a timeline) to emphasize the progression of your skills and responsibilities over time. This can help recruiters visualize your career trajectory.']}, {'title': 'Lead Ambassador I4G CUCG', 'description': 'This section provides a good overview of your leadership experience, demonstrating your involvement in building a developer community and organizing events. However, it could be more impactful by mentioning specific achievements or quantifiable results related to your leadership role. ', 'ats_match': 70, 'recommendations': ['Consider mentioning the number of events organized, participants, or any specific outcomes achieved during your time as Lead Ambassador. For example, you could say "Led the organization of 5 hackathons, attracting over 100 participants", or "Facilitated support for the I4G community, leading to a 20% increase in active members".', 'Use action verbs to describe your accomplishments and highlight your leadership qualities.', 'Consider adding a specific achievement or quantifiable result to each bullet point. This will make your contributions more impactful and memorable.']}, {'title': 'Education', 'description': 'This section is straightforward and clearly presents your educational background. It is well-structured and provides all necessary information. ', 'ats_match': 90, 'recommendations': ["If you have any relevant coursework or projects related to the positions you're applying for, consider mentioning them briefly to showcase your skills and knowledge in specific areas.  For example, if you have a project that demonstrates your proficiency in AI, consider highlighting it.", 'If you have any relevant certifications or awards related to your field, consider adding them to this section. This can be a valuable addition to showcase your dedication and expertise.']}, {'title': 'Skills', 'description': 'You have a good list of technical skills, showcasing your proficiency in programming languages, frameworks, and tools. The categorization of skills is clear and helps recruiters quickly identify your expertise. ', 'ats_match': 85, 'recommendations': ['Consider adding soft skills to this section, as they are equally important for success in the tech industry. This could include skills like communication, teamwork, problem-solving, leadership, time management, and adaptability.', 'If you have any specific expertise in particular industries or domains, consider highlighting those as well.', 'Group your skills by category (e.g., Programming Languages, Frameworks & Libraries, Tools & Platforms, Soft Skills). This will make your skills easier to scan and understand.']}], 'ats_match_percentage': 85}
2024-09-04 10:27:40,091 - werkzeug - INFO - 127.0.0.1 - - [04/Sep/2024 10:27:40] "[32mPOST /get_feedback_page HTTP/1.1[0m" 302 -
2024-09-04 10:27:40,432 - werkzeug - INFO - 127.0.0.1 - - [04/Sep/2024 10:27:40] "GET /feedback_summary HTTP/1.1" 200 -
2024-09-04 10:28:16,873 - werkzeug - INFO - 127.0.0.1 - - [04/Sep/2024 10:28:16] "GET /payment HTTP/1.1" 200 -
2024-09-04 10:31:19,085 - werkzeug - INFO -  * Detected change in '/home/bishoptewogbade/genaiq/backend/app.py', reloading
2024-09-04 10:31:19,691 - werkzeug - INFO -  * Restarting with stat
2024-09-04 10:31:21,933 - app - INFO - Starting Flask application
2024-09-04 10:31:21,942 - werkzeug - WARNING -  * Debugger is active!
2024-09-04 10:31:21,942 - werkzeug - INFO -  * Debugger PIN: 185-520-262
2024-09-04 10:31:26,069 - werkzeug - INFO -  * Detected change in '/home/bishoptewogbade/genaiq/backend/app.py', reloading
2024-09-04 10:31:26,719 - werkzeug - INFO -  * Restarting with stat
2024-09-04 10:31:28,896 - app - INFO - Starting Flask application
2024-09-04 10:31:28,904 - werkzeug - WARNING -  * Debugger is active!
2024-09-04 10:31:28,905 - werkzeug - INFO -  * Debugger PIN: 185-520-262
2024-09-04 10:31:37,128 - werkzeug - INFO -  * Detected change in '/home/bishoptewogbade/genaiq/backend/app.py', reloading
2024-09-04 10:31:37,721 - werkzeug - INFO -  * Restarting with stat
2024-09-04 10:31:40,021 - app - INFO - Starting Flask application
2024-09-04 10:31:40,030 - werkzeug - WARNING -  * Debugger is active!
2024-09-04 10:31:40,030 - werkzeug - INFO -  * Debugger PIN: 185-520-262
2024-09-04 10:31:41,096 - werkzeug - INFO -  * Detected change in '/home/bishoptewogbade/genaiq/backend/app.py', reloading
2024-09-04 10:31:41,724 - werkzeug - INFO -  * Restarting with stat
2024-09-04 10:31:43,952 - app - INFO - Starting Flask application
2024-09-04 10:31:43,960 - werkzeug - WARNING -  * Debugger is active!
2024-09-04 10:31:43,961 - werkzeug - INFO -  * Debugger PIN: 185-520-262
2024-09-04 10:31:56,260 - werkzeug - INFO -  * Detected change in '/home/bishoptewogbade/genaiq/backend/app.py', reloading
2024-09-04 10:31:56,839 - werkzeug - INFO -  * Restarting with stat
2024-09-04 10:31:59,092 - app - INFO - Starting Flask application
2024-09-04 10:31:59,101 - werkzeug - WARNING -  * Debugger is active!
2024-09-04 10:31:59,102 - werkzeug - INFO -  * Debugger PIN: 185-520-262
2024-09-04 10:32:03,226 - werkzeug - INFO -  * Detected change in '/home/bishoptewogbade/genaiq/backend/app.py', reloading
2024-09-04 10:32:03,867 - werkzeug - INFO -  * Restarting with stat
2024-09-04 10:32:06,173 - app - INFO - Starting Flask application
2024-09-04 10:32:06,183 - werkzeug - WARNING -  * Debugger is active!
2024-09-04 10:32:06,183 - werkzeug - INFO -  * Debugger PIN: 185-520-262
2024-09-04 10:32:08,275 - werkzeug - INFO -  * Detected change in '/home/bishoptewogbade/genaiq/backend/app.py', reloading
2024-09-04 10:32:08,888 - werkzeug - INFO -  * Restarting with stat
2024-09-04 10:32:11,218 - app - INFO - Starting Flask application
2024-09-04 10:32:11,227 - werkzeug - WARNING -  * Debugger is active!
2024-09-04 10:32:11,227 - werkzeug - INFO -  * Debugger PIN: 185-520-262
2024-09-04 10:34:16,906 - werkzeug - INFO -  * Detected change in '/home/bishoptewogbade/genaiq/backend/app.py', reloading
2024-09-04 10:34:17,484 - werkzeug - INFO -  * Restarting with stat
2024-09-04 10:34:19,789 - app - INFO - Starting Flask application
2024-09-04 10:34:19,797 - werkzeug - WARNING -  * Debugger is active!
2024-09-04 10:34:19,798 - werkzeug - INFO -  * Debugger PIN: 185-520-262
2024-09-04 10:34:25,977 - werkzeug - INFO -  * Detected change in '/home/bishoptewogbade/genaiq/backend/app.py', reloading
2024-09-04 10:34:26,591 - werkzeug - INFO -  * Restarting with stat
2024-09-04 10:34:28,807 - app - INFO - Starting Flask application
2024-09-04 10:34:28,815 - werkzeug - WARNING -  * Debugger is active!
2024-09-04 10:34:28,815 - werkzeug - INFO -  * Debugger PIN: 185-520-262
2024-09-04 10:34:32,954 - werkzeug - INFO -  * Detected change in '/home/bishoptewogbade/genaiq/backend/app.py', reloading
2024-09-04 10:34:33,572 - werkzeug - INFO -  * Restarting with stat
2024-09-04 10:34:35,885 - app - INFO - Starting Flask application
2024-09-04 10:34:35,893 - werkzeug - WARNING -  * Debugger is active!
2024-09-04 10:34:35,894 - werkzeug - INFO -  * Debugger PIN: 185-520-262
2024-09-04 10:34:44,109 - werkzeug - INFO -  * Detected change in '/home/bishoptewogbade/genaiq/backend/app.py', reloading
2024-09-04 10:34:44,692 - werkzeug - INFO -  * Restarting with stat
2024-09-04 10:34:46,915 - app - INFO - Starting Flask application
2024-09-04 10:34:46,923 - werkzeug - WARNING -  * Debugger is active!
2024-09-04 10:34:46,924 - werkzeug - INFO -  * Debugger PIN: 185-520-262
2024-09-04 10:34:52,082 - werkzeug - INFO -  * Detected change in '/home/bishoptewogbade/genaiq/backend/app.py', reloading
2024-09-04 10:34:52,724 - werkzeug - INFO -  * Restarting with stat
